N,P,K,temperature,humidity,ph,rainfall,crop
112.7099,45.3964,95.1317,18.7135,80.0683,5.5064,70.9319,strawberry
83.9504,50.5913,62.0955,24.7932,43.6432,6.4867,104.9009,maize
33.6322,115.9038,155.2364,25.1057,76.2127,6.485,146.2202,apple
65.4362,36.2577,71.8497,25.7794,58.9022,5.4524,68.8877,cherry
93.4799,27.9169,93.203,20.4391,71.8643,5.9617,85.7104,tomato
128.6455,66.0923,88.9613,27.2407,66.4301,6.8042,89.8025,tomato
134.3741,59.7373,80.5578,22.7404,33.6305,6.3476,89.0101,peach
91.1293,48.0382,93.4364,25.991,50.9606,5.7597,144.1006,tomato
102.6022,54.0063,79.0402,25.1792,67.3753,5.4534,98.6419,bell_pepper
73.0111,45.4616,73.1647,18.4452,63.35,5.8055,88.8715,cherry
133.4247,56.1949,144.0465,26.6708,56.9351,5.7005,92.6768,bell_pepper
82.0186,64.9645,54.9345,25.3966,48.0636,5.6255,59.9347,peach
123.0088,60.081,83.0347,27.9944,81.5149,6.1065,104.3633,bell_pepper
112.7563,56.5917,126.4076,15.1196,67.2386,5.8654,117.1788,potato
55.9954,56.6203,100.3606,9.576,89.2229,5.9553,56.7198,strawberry
84.6205,56.3596,72.164,30.4334,74.5058,5.5859,77.7591,bell_pepper
64.076,56.3182,73.9593,22.6324,60.7077,5.8904,65.991,cherry
106.359,58.8803,74.1895,30.2667,56.6808,6.8853,109.8177,tomato
104.3176,53.6854,36.739,25.1244,68.6712,6.3727,79.5721,tomato
108.5184,49.9785,115.0231,15.1466,63.8992,6.2783,70.1425,potato
103.2722,28.3088,105.3422,18.8846,94.5149,5.4939,110.0189,potato
88.1165,53.1415,71.8616,25.2744,52.7647,5.6294,69.229,peach
71.0324,63.8489,91.1473,17.4466,83.955,5.9465,95.7485,strawberry
52.3558,45.3182,84.3829,13.8331,70.512,6.3458,107.0724,strawberry
70.2176,66.2922,73.7499,19.9702,71.5654,7.0723,94.8278,peach
14.5283,114.4066,163.4666,18.691,73.4797,5.9479,93.0768,apple
72.772,65.9606,93.5827,18.8976,60.9824,5.8382,69.5329,strawberry
119.8562,35.4422,76.8203,7.5415,73.8016,5.674,97.9148,potato
9.8898,108.4371,138.9414,20.1087,88.3178,6.3437,91.2126,apple
82.7172,30.3078,78.5299,12.7383,56.8415,6.537,73.0355,cherry
32.8805,131.43,145.7885,12.9371,78.9694,5.7999,101.7096,apple
128.7652,60.8028,117.0758,14.5588,76.6854,6.2839,99.0668,potato
91.1462,51.3221,53.3596,25.3906,65.1406,7.0104,109.0678,maize
89.1749,44.1814,48.6532,26.5589,62.4002,6.5297,145.2883,maize
45.4595,118.6487,142.9925,16.2997,54.4469,5.8901,135.2943,apple
37.3547,137.0875,152.5016,14.9119,75.6681,6.0154,103.1072,apple
89.2058,41.6582,104.6807,16.7703,74.9133,6.5902,107.7786,potato
58.7757,44.6625,92.7634,16.0222,83.0645,6.8708,61.7374,cherry
24.607,51.6592,49.7911,21.2636,64.2896,5.775,76.985,grapes
37.2302,124.2019,144.3913,17.24,50.9784,6.2686,36.9524,apple
85.9979,35.434,41.7035,27.2786,52.9687,6.305,140.5305,maize
15.1389,132.2456,151.7852,18.9925,62.1296,5.8623,113.9802,apple
116.1097,44.8959,40.0973,26.6726,53.123,6.3407,87.1046,maize
9.173,105.5524,167.3892,15.1007,83.898,5.7194,105.0772,apple
77.635,66.2481,99.0229,16.0284,71.0723,6.3099,80.9163,potato
42.9735,53.3609,46.5597,23.7489,55.0049,6.4617,55.3701,maize
37.9561,127.6378,165.1191,15.2679,69.3054,5.4086,142.2437,apple
82.9646,60.3182,41.9092,26.4975,60.9422,5.6389,112.2112,maize
15.4343,132.7119,152.3368,19.017,62.0064,5.9247,109.0895,apple
14.1923,139.7043,162.0201,20.4751,62.8218,6.0351,101.9404,apple
109.861,16.4332,90.1994,18.0912,64.6733,5.8249,88.1505,potato
93.8671,49.7959,10.3037,24.6639,71.4491,6.5407,99.2204,maize
56.5468,30.555,62.5092,20.6023,61.5492,5.9317,64.0389,peach
103.5934,50.6364,114.1425,15.5475,52.6573,5.2831,103.2839,potato
98.4659,66.1836,63.0487,17.6105,81.1817,6.1513,127.1443,bell_pepper
71.5871,56.9586,60.4498,21.0546,66.2501,5.7781,17.0079,cherry
140.0,53.4476,48.7177,25.9981,56.3138,6.2337,88.5073,maize
68.853,56.6898,33.2152,23.1458,69.0169,6.5708,31.9202,peach
128.7428,60.7916,80.662,24.6644,71.5982,5.9906,140.5832,tomato
84.3111,56.1244,86.1203,14.7749,84.8644,5.2505,86.1069,potato
96.2409,48.4483,103.1746,18.1603,67.8443,6.0084,65.8817,strawberry
94.2088,53.9554,50.3986,21.3683,79.5706,5.9173,41.8602,tomato
96.5197,23.5917,63.7659,18.039,52.2089,6.2417,69.3994,peach
133.8342,52.767,112.7998,16.5982,74.1332,5.5607,131.5621,potato
84.0597,55.5979,25.5672,22.37,54.7786,7.1125,134.8919,maize
115.9917,44.6493,56.3746,29.1602,69.9046,6.5731,103.9632,bell_pepper
122.4685,46.2576,104.153,13.2338,81.0042,5.6481,67.6426,strawberry
104.7709,38.6944,82.0995,25.1595,64.4356,6.9983,83.8787,peach
99.2175,37.2148,112.7782,16.7098,51.1134,7.1969,101.1255,peach
26.3238,124.7713,140.0327,20.012,68.3429,5.8685,112.406,apple
60.5507,25.0712,53.9144,19.9601,74.3464,5.4514,117.0655,strawberry
34.2037,52.2124,41.5413,20.7439,58.454,6.6101,79.2853,grapes
99.4237,57.6376,99.5904,20.3871,72.9895,6.4915,84.9885,tomato
9.5377,136.7967,157.5607,16.3556,60.0492,5.8733,110.5621,apple
18.3326,49.9329,72.4587,19.4966,66.1818,5.9021,80.8587,strawberry
81.6276,32.2813,52.7456,15.6261,60.7796,6.1621,111.9081,maize
80.5497,40.0767,40.5719,29.4594,76.7573,6.5641,103.7361,maize
94.9895,51.7426,43.0241,19.3392,58.9486,6.2465,92.1955,maize
65.6861,34.7838,83.1571,23.8946,48.7085,5.8288,88.3135,peach
5.3827,53.0265,48.2399,26.9929,62.2965,5.9231,44.2819,grapes
89.1967,68.0857,34.5197,23.6645,68.8635,6.426,85.8369,maize
140.0,54.8924,80.9945,24.3361,64.2265,5.9274,100.6655,bell_pepper
25.6772,32.4314,36.5874,20.7652,52.8072,5.9852,107.7045,grapes
50.8007,121.3904,156.9357,20.3164,54.8734,6.1852,92.3938,apple
86.5848,13.2135,28.9097,30.2741,57.6388,6.3873,75.8711,peach
21.9449,139.7938,166.9881,16.6333,77.022,6.8865,72.7176,apple
140.0,64.2905,91.805,27.4142,70.878,6.6543,128.2051,tomato
115.1457,45.0598,82.145,13.5978,75.4932,5.6349,90.1267,potato
123.7181,52.2043,118.6951,19.0507,75.9586,5.9384,65.0166,tomato
65.527,55.019,53.864,24.0111,63.3857,6.5594,36.2825,maize
28.8957,115.6382,162.0483,18.5511,65.4401,5.6782,100.2773,apple
62.7649,64.9583,135.169,11.1418,96.1701,5.8265,109.0972,strawberry
80.8478,50.7937,43.6128,23.3825,50.0224,5.8297,84.2779,maize
73.4785,45.0879,113.1479,13.9086,70.4517,6.428,151.1256,strawberry
104.7554,29.3575,126.354,16.6942,76.9181,5.9835,59.174,potato
80.8635,59.3874,103.4798,15.5315,76.8282,6.5354,51.2869,cherry
49.3592,53.5634,51.4411,31.5306,61.729,6.2068,65.8619,maize
89.6738,47.8761,86.1982,17.945,52.8897,5.5101,171.2449,potato
8.3027,129.1763,152.8434,23.0472,78.4146,5.5992,91.2204,apple
29.168,139.4036,155.5696,22.596,62.3562,5.9577,115.6,apple
110.1162,68.1774,47.2475,23.0865,86.7238,6.2571,86.0714,maize
85.0266,48.0264,45.8813,18.9291,57.5745,6.6664,100.833,cherry
62.0763,47.1809,93.47,19.4138,57.5135,6.3444,128.2492,cherry
65.5767,36.6189,82.6989,16.437,72.5374,5.7212,57.8935,strawberry
32.5202,74.5511,49.4357,22.3066,57.4183,6.5817,92.0579,grapes
77.6863,42.1324,61.9111,19.9901,76.3967,5.5975,54.9796,strawberry
88.2228,52.0573,106.3267,17.0011,77.2804,5.9097,103.8848,potato
115.2826,58.8893,170.0291,19.9248,78.7053,5.8448,116.4568,potato
72.8589,72.085,65.2119,25.2744,42.298,6.6786,79.1115,peach
77.0818,46.8545,73.8704,18.6309,85.822,5.7332,63.2554,strawberry
29.2669,57.6514,67.8173,23.5733,56.1046,6.4686,51.821,grapes
77.5311,41.1028,87.0068,14.7076,94.5068,6.0034,122.6096,strawberry
49.688,100.3303,160.6755,21.7276,67.2784,5.9759,117.9363,apple
73.0114,59.1294,26.7779,20.1902,71.1678,7.1253,124.9729,maize
109.6374,35.1712,140.0805,19.8473,67.5756,5.7126,130.8632,potato
90.8219,45.3592,94.2456,17.0794,53.0864,6.4042,117.8313,potato
18.2141,131.5284,153.8822,17.3256,76.8425,5.1187,75.0058,apple
39.5906,130.4754,128.7077,17.9148,72.2202,6.1192,108.2762,apple
57.6725,48.8862,90.5133,13.8163,80.987,5.5996,132.6964,strawberry
77.8947,28.0095,68.559,20.0898,65.42,6.5966,96.3951,peach
107.5125,56.2884,89.7409,22.8157,66.7768,7.0549,137.2938,tomato
97.9638,68.1165,23.3283,28.7348,39.7277,6.8161,103.3279,maize
97.5986,95.533,106.596,28.6642,59.2914,6.0108,100.7144,bell_pepper
67.1789,45.5898,95.8297,20.2248,60.828,6.8398,83.3643,cherry
72.0609,40.0199,60.2059,20.4551,48.6112,6.3056,53.7468,peach
70.8806,43.9567,92.154,17.556,68.5832,5.0122,122.8596,potato
7.5803,37.4747,65.3177,18.2047,52.9381,6.6706,12.5966,grapes
23.7478,128.3947,142.7541,15.0144,86.2221,6.1818,179.4291,apple
67.1206,47.4338,86.6271,18.6295,58.1276,6.1316,46.2438,cherry
7.5178,31.4014,53.5645,25.4915,51.2699,6.7728,136.6923,grapes
137.1106,23.7557,61.5138,28.2483,81.8972,6.4441,99.9625,bell_pepper
76.9094,41.8414,86.0896,18.2085,67.3124,6.2543,66.798,cherry
17.455,115.6741,155.4482,19.2888,78.5564,6.0716,65.8539,apple
76.0652,54.9821,77.7086,18.4144,78.2912,5.4347,96.8914,tomato
64.9694,44.9646,87.9074,22.8079,76.115,6.0516,98.6651,cherry
96.0305,33.145,75.3099,18.3178,61.9206,6.0346,76.8652,cherry
71.3921,45.549,72.5904,17.3282,70.695,5.8555,101.2778,cherry
98.9739,61.6806,69.167,21.5845,76.7392,6.3199,87.7713,tomato
60.5953,59.6554,69.6457,19.9572,80.168,6.6715,78.8758,cherry
63.0038,33.5259,44.8796,25.6873,73.4011,6.5875,123.0759,maize
75.2435,35.6294,123.801,14.475,70.4169,5.546,74.9828,potato
101.7335,54.9983,119.9724,18.6519,74.6399,5.9079,140.1578,potato
116.1661,27.6802,111.2523,16.5927,76.4856,6.0969,94.8625,potato
86.8031,45.8606,64.8585,30.7526,81.5114,6.1231,76.8542,tomato
29.9362,117.8235,153.7473,14.9509,59.1408,6.3322,154.2784,apple
102.1496,44.0457,53.1901,16.5186,79.5996,5.3691,106.316,strawberry
54.408,38.9646,68.5597,20.4412,72.1466,5.2198,129.0667,tomato
16.3829,49.95,57.2797,22.0421,45.4942,5.9823,22.0446,grapes
112.5887,41.0785,91.7566,25.2678,60.4697,6.1067,35.5963,bell_pepper
122.7372,55.9349,88.8548,18.0835,68.7532,5.8788,127.2113,potato
119.6761,35.935,48.4958,22.0555,66.0378,6.1511,125.9549,maize
97.473,40.7557,94.8127,16.7474,63.039,5.2864,104.8182,strawberry
126.0127,54.7422,81.5399,27.5553,84.6964,6.058,94.7223,bell_pepper
119.0364,58.8016,129.8788,28.1038,52.8028,6.2582,78.1089,tomato
96.1743,49.1628,44.2181,23.5896,70.2895,6.3601,75.4185,maize
105.6816,56.9138,106.0749,11.6653,65.8332,5.8097,119.2099,potato
105.6016,28.3851,59.352,18.8234,50.6572,6.1004,99.2749,strawberry
69.2908,41.814,79.5387,20.5507,77.8848,5.1815,96.09,strawberry
86.2502,69.5321,61.3558,22.0819,62.9386,7.0347,80.0497,bell_pepper
122.3286,37.6679,61.7818,19.5704,57.326,5.4962,117.735,maize
21.7536,65.6098,68.9356,25.8894,62.7372,5.8656,61.8213,grapes
13.6356,131.8088,164.4769,21.1868,68.6989,6.2216,142.1144,apple
128.2716,49.1482,115.3943,21.1938,78.7653,5.7392,99.9469,tomato
16.3444,120.1818,172.4112,20.3734,79.6988,5.8249,76.9108,apple
85.7421,47.0436,28.9593,22.478,61.4146,6.6006,120.2749,maize
96.7405,80.7866,40.7495,23.8464,71.6484,7.0417,139.4606,maize
4.7677,132.393,164.2197,25.3849,74.8983,6.4077,79.1645,apple
139.3266,79.0435,83.8014,26.7174,64.6194,5.7885,86.5039,bell_pepper
89.4611,58.5259,75.4893,30.5807,74.359,6.2047,115.71,bell_pepper
79.9665,41.3419,93.6133,18.6063,77.0059,6.2256,124.0794,strawberry
101.9905,65.1485,99.8377,25.1024,66.9934,5.695,118.6777,tomato
91.4726,43.4825,109.4457,13.9763,70.6677,6.2398,91.9942,strawberry
66.99,39.599,43.7215,23.8247,67.0653,6.5983,83.4693,maize
107.0901,55.6054,105.4249,20.7119,52.4002,5.1173,94.1564,potato
41.1994,42.9465,39.8834,24.4875,56.9071,6.5819,48.1835,grapes
78.8349,23.9272,94.3705,22.355,69.9403,6.0673,68.4248,peach
79.8413,48.4185,44.795,24.9804,52.852,5.7286,72.7064,maize
68.4222,36.4126,61.2099,13.8542,52.8527,6.8231,129.6682,cherry
110.4622,69.6678,124.2014,26.641,67.7784,6.0393,115.7758,tomato
5.0482,142.1745,142.1074,16.4017,62.0028,6.2031,99.2355,apple
140.0,54.6663,111.2754,19.1493,53.6501,7.0405,177.6375,bell_pepper
79.2138,68.1338,89.3207,22.9767,54.8615,6.0738,94.1474,peach
78.4835,43.961,91.4984,12.585,44.1463,6.1523,48.5921,cherry
87.6205,63.6738,50.6464,20.9636,71.1568,6.6491,77.6156,maize
67.8183,52.0036,52.996,22.8384,45.9363,6.4829,53.983,grapes
42.7572,36.9966,77.1806,20.1883,58.4747,6.4057,48.1056,peach
138.1565,68.3819,108.34,24.0181,66.5307,6.6162,72.4517,bell_pepper
140.0,62.0613,103.5491,23.3199,62.2075,5.3908,102.0942,bell_pepper
109.7402,41.4659,77.3512,17.7309,57.358,6.3485,87.601,peach
87.8044,33.5594,103.0317,22.7098,78.1244,5.9723,78.7443,tomato
76.3872,59.7535,33.0279,22.2835,80.3713,6.7586,93.2192,maize
41.3015,47.652,49.6631,27.1986,68.3721,6.9242,47.6359,grapes
51.5447,37.3715,86.5289,22.5233,71.2907,5.6942,111.6176,strawberry
45.6478,48.9422,105.2013,22.1194,67.5812,5.9734,63.1974,strawberry
41.9696,24.3896,48.5246,23.7966,69.8325,6.3115,43.0808,cherry
42.2176,56.06,75.9433,25.7144,47.0199,6.4924,115.3591,grapes
90.084,44.3021,31.5368,26.1138,64.9917,6.8151,134.0274,maize
88.688,38.6023,78.4536,19.9175,62.5802,6.5524,38.2562,peach
20.2502,121.3215,139.9666,16.6716,62.6786,5.5002,120.1429,apple
55.8284,41.2294,55.5433,21.2335,63.5419,5.93,69.0824,cherry
102.1283,51.8352,153.1666,19.7576,90.7558,5.369,78.6292,potato
117.9772,74.1977,30.9473,20.5503,44.5127,6.4117,134.2073,bell_pepper
94.5583,52.23,61.6233,19.0826,76.1418,5.4636,77.2717,strawberry
68.518,54.3092,94.7361,15.8257,81.195,6.3764,105.8754,potato
58.1383,47.3657,68.7023,22.1122,58.9391,5.7363,37.0407,cherry
91.011,41.5013,93.1852,18.7421,62.6162,6.009,71.3186,tomato
111.9848,59.441,68.7616,21.66,64.0545,6.1947,46.9436,cherry
108.2575,54.7335,92.1047,21.5548,83.3944,6.3452,127.1939,tomato
135.0571,63.5392,118.5876,29.2546,57.7236,5.6883,169.395,tomato
80.2886,40.6924,67.2201,18.5208,63.6498,6.4132,81.4,peach
123.1459,39.1752,57.1227,22.6481,83.4176,6.3937,108.8509,bell_pepper
104.2458,46.4519,94.6731,19.3197,79.7263,5.5082,92.136,potato
5.2253,53.0422,37.9499,21.1087,50.1597,6.6312,167.7226,grapes
49.845,40.0201,51.5663,22.3136,57.3599,6.8905,155.6191,maize
93.9755,31.1395,93.1995,19.0159,77.0048,5.911,60.2031,peach
121.3805,81.8874,63.1367,29.6367,69.1232,6.1975,140.1988,bell_pepper
103.6775,45.0352,65.2971,25.1072,62.728,5.873,112.8474,bell_pepper
97.5708,59.4594,69.8709,13.1507,64.3384,6.5479,124.074,bell_pepper
112.8896,69.8932,89.5748,21.257,78.8935,7.1952,132.2254,tomato
56.9944,118.5853,148.5528,18.2543,61.3745,5.3573,30.684,apple
92.088,36.9386,34.7775,26.8831,80.0479,6.5899,75.186,maize
66.6628,37.4341,64.6577,13.424,77.111,6.2668,65.5575,strawberry
46.1271,54.1974,67.3928,25.8634,54.3135,6.4917,59.4067,maize
31.8222,145.0,157.8552,18.5529,61.1993,5.9623,94.3544,apple
82.1644,29.4369,68.3511,25.1146,42.5195,5.9326,89.3781,peach
89.8979,38.7667,87.9911,18.0565,52.5094,6.4208,33.4249,cherry
123.6159,47.2544,100.1331,14.2171,70.5694,5.7031,94.9333,potato
116.7039,34.178,98.478,29.4612,70.5508,6.9504,57.6096,tomato
58.3567,51.8434,41.7265,26.5362,70.2072,5.1954,123.9387,maize
120.6289,72.6422,69.7599,28.5636,64.2475,6.0573,121.3859,tomato
32.8446,115.3565,155.7994,25.1669,76.2943,6.491,146.4152,apple
12.0486,75.4981,68.0915,26.3859,65.6218,6.4038,57.9372,grapes
25.8564,76.2227,44.3798,21.0201,51.8822,6.2099,80.4012,grapes
87.9485,65.998,39.2318,27.4797,70.0011,5.8291,67.8379,maize
134.2301,40.6212,89.8115,25.9145,70.6962,5.7599,123.9911,tomato
48.1557,62.0942,70.9546,30.9213,55.3084,5.8456,53.3303,grapes
113.0451,59.4483,71.8431,26.3563,49.8006,5.3783,78.7766,bell_pepper
68.6286,43.8112,57.7811,23.451,80.452,5.7614,112.0554,cherry
89.3242,34.8971,72.0248,17.8988,84.0675,6.7774,85.4334,cherry
56.293,42.2074,32.2016,18.8264,57.5319,5.9777,125.1057,maize
65.8019,32.217,58.8424,17.2419,77.5187,6.5476,78.3579,strawberry
59.5192,49.1181,61.7443,29.0079,67.2748,6.4201,74.4808,cherry
126.655,55.217,105.4225,28.6327,68.574,5.7716,124.0856,tomato
117.5427,56.1556,108.4158,28.2575,65.1865,6.4031,111.979,bell_pepper
69.2285,48.9064,45.0217,22.1911,79.997,6.2221,95.1603,strawberry
39.9038,107.1379,140.5406,17.1069,67.7018,5.8946,113.774,apple
105.3639,70.8396,22.2338,23.3055,70.0474,6.4581,100.4946,bell_pepper
107.6498,95.5791,71.8299,17.9726,71.7603,6.521,44.1295,bell_pepper
78.8271,74.4057,94.5928,17.0405,53.6488,6.7023,104.535,cherry
24.4347,69.006,51.2052,24.5392,63.1034,5.8672,65.4409,grapes
39.643,116.9397,134.5489,16.3828,88.4073,5.6106,116.1231,apple
10.7354,123.712,147.5475,22.3801,65.8173,6.3244,138.9295,apple
46.0184,46.1041,68.6228,23.0075,69.0294,6.3047,89.2587,cherry
140.0,44.9699,80.3706,20.8391,50.6082,6.7479,113.6572,tomato
5.2768,31.6305,61.9284,24.2958,47.4492,6.4116,24.4547,grapes
34.9627,65.6027,43.1316,24.4806,48.1124,6.2308,65.8319,grapes
80.5725,36.533,81.885,11.6315,79.1861,5.774,107.7527,strawberry
63.7857,52.6173,80.2686,20.3274,63.8579,6.277,100.5484,peach
26.9763,143.0659,149.7176,19.2131,74.0309,6.3295,107.1084,apple
79.7842,49.6633,110.3835,20.5068,62.6219,7.1103,67.2613,peach
9.6913,37.0122,63.0431,18.0651,53.4831,6.6571,17.7645,grapes
80.0458,39.1767,84.5356,20.8003,88.2887,5.9113,92.4364,strawberry
92.7386,55.7502,105.2539,18.7447,75.1195,6.3386,101.981,strawberry
92.3696,52.7989,81.8899,21.9103,69.5113,6.3793,110.9735,bell_pepper
5.1266,51.3057,46.4269,20.0953,45.4241,6.2755,99.0718,grapes
104.7866,30.2567,114.4763,16.6306,63.2,6.1914,106.3259,potato
39.145,42.284,49.9625,26.4876,63.8781,6.3197,60.8254,grapes
50.2528,58.177,43.7645,22.296,63.5659,6.2836,62.2675,cherry
109.6677,44.5331,123.4388,18.822,70.3302,5.7996,84.3309,potato
18.9483,129.9069,144.5136,16.182,63.915,5.4928,93.0712,apple
89.3099,63.1697,95.3803,21.1096,71.9685,5.5511,105.4643,potato
39.0915,62.5927,53.2996,24.024,62.7963,5.3439,66.1617,grapes
67.3943,42.7318,61.6209,29.2399,47.0791,6.3502,35.8784,grapes
45.4579,77.4318,141.0353,22.7534,68.8808,5.5827,101.496,potato
81.8092,32.9745,51.0857,15.635,60.9652,6.1899,111.7085,maize
79.428,37.6844,111.4488,22.4538,66.0247,6.31,85.7238,peach
74.705,74.2815,87.5762,15.9996,61.4718,6.2133,116.5833,potato
76.5586,93.1746,82.9114,22.2204,69.7645,5.5893,133.9966,tomato
79.5449,63.6025,119.3778,21.933,57.9864,6.9351,124.3676,bell_pepper
58.7126,15.7899,55.6819,22.6497,49.5218,6.4521,86.1639,peach
104.2597,60.2131,72.459,29.9158,84.6106,5.9232,118.2875,bell_pepper
47.6728,34.604,98.3867,22.2069,61.8015,6.1979,37.4714,peach
65.606,65.1208,99.8943,17.1624,66.7555,6.1765,85.7226,strawberry
82.1629,53.4135,88.3077,18.0388,64.2336,6.2811,86.6911,strawberry
124.459,65.6601,90.9962,19.1179,66.785,6.1426,97.818,tomato
136.6077,74.5097,62.1152,25.3821,77.4676,6.231,66.544,bell_pepper
37.9725,62.2843,91.3948,21.1229,62.5182,5.9593,62.6538,cherry
86.074,23.143,97.1842,20.8236,86.8235,6.8727,125.7186,tomato
140.0,35.137,180.3126,21.3954,70.5619,5.8353,46.8896,potato
6.537,120.4331,154.5652,18.5093,71.549,6.3112,112.0495,apple
35.1706,123.9126,112.4126,15.6425,71.0759,6.3663,125.8083,apple
78.024,50.867,73.6908,16.0739,66.0531,6.0894,104.6258,cherry
140.0,68.1745,59.8341,23.83,59.0771,5.4435,67.1511,bell_pepper
42.7718,50.8117,67.7208,21.8685,34.7341,7.3739,77.766,grapes
80.5094,23.3072,31.339,13.5761,64.8561,6.646,66.2595,cherry
98.3819,60.1158,43.9875,33.5971,74.2478,6.5528,76.7441,maize
80.8441,93.1285,100.1366,20.6576,75.315,5.3221,75.2551,potato
63.8865,54.4105,89.493,23.3067,89.8729,5.2559,91.4084,potato
21.9472,30.9033,62.1286,21.6472,56.2699,6.2689,15.0044,grapes
56.1773,31.6479,102.6022,17.598,68.7531,5.8243,113.8042,potato
97.734,51.7106,95.3468,17.9019,66.023,6.6658,58.9998,peach
78.7131,39.4224,70.65,19.2672,62.915,5.8734,109.2136,cherry
92.7568,36.2413,38.5772,21.6706,70.7159,6.1343,139.8207,maize
99.7503,45.5325,86.8925,23.7411,79.549,6.5294,94.1987,tomato
66.1049,56.3762,44.3401,19.6915,63.5118,5.791,102.795,maize
3.411,56.1664,68.8191,18.6053,54.5225,6.1669,16.9426,grapes
119.1058,61.4615,90.8644,29.5745,70.2746,6.9795,85.8104,tomato
88.1591,28.502,80.3873,20.5749,73.6386,6.8148,97.1781,cherry
91.299,36.6295,33.0046,26.067,73.0938,5.9854,129.045,maize
90.0471,43.9699,29.5852,26.1792,64.972,6.7611,135.6323,maize
86.7553,60.5114,97.3634,22.3599,69.7488,6.6251,64.6491,bell_pepper
5.4391,55.9956,63.012,23.4148,52.3467,6.1541,15.5896,grapes
64.1091,43.019,99.7378,20.7921,81.028,5.8369,70.9221,tomato
89.0336,56.0782,59.3999,24.712,64.2542,7.0173,137.328,maize
91.1933,56.0737,96.3447,25.6012,51.4397,6.8435,100.8389,tomato
95.4692,41.5176,61.6182,23.6803,50.872,5.8248,114.2642,cherry
43.3359,42.5323,69.9395,19.8453,76.3524,5.9589,100.4725,grapes
76.8324,48.06,70.4238,17.692,60.6915,5.9188,83.8411,strawberry
108.6702,47.9199,83.4353,26.6192,85.1837,5.7343,61.4515,bell_pepper
64.8834,47.7697,79.4537,17.9882,61.6361,6.0069,41.084,peach
92.7418,31.2251,110.0861,16.5657,79.392,5.2413,92.0204,potato
140.0,58.848,109.7238,28.4719,46.9577,5.9758,120.8846,bell_pepper
82.8645,57.1509,46.194,21.7777,66.1772,6.9765,76.4202,maize
43.6498,35.575,63.6147,18.1491,42.1088,6.5303,111.3136,grapes
137.7594,55.7491,90.8992,15.8366,68.2865,6.505,97.1492,potato
52.5389,40.7582,79.2114,20.7769,48.0714,6.7331,63.4105,peach
56.7769,47.6822,90.3259,24.8346,70.1305,5.9173,98.1252,strawberry
39.5847,65.239,55.3292,23.0376,53.4612,6.6132,68.3637,grapes
97.7519,44.9754,49.6164,21.3103,66.7989,6.8149,50.5299,peach
97.1163,49.6701,88.1518,23.9248,75.0955,6.6374,96.1224,tomato
76.7653,37.9139,59.5684,23.2044,64.7773,5.7129,78.283,peach
102.9593,54.7222,118.543,21.1953,60.5618,5.4872,125.873,potato
99.1958,45.7585,82.0001,26.0577,60.1936,6.5487,99.533,tomato
37.3043,53.1705,83.2561,16.282,63.0235,5.5442,101.4116,cherry
110.7321,51.3676,92.4914,22.1661,56.6939,6.338,77.2564,peach
64.3127,47.0863,71.5685,20.2404,78.7782,5.4325,86.7242,strawberry
22.1375,58.6996,52.2665,24.3686,50.4722,7.1939,114.6376,grapes
94.5718,43.2719,29.9605,22.7623,57.5906,7.2879,69.9607,peach
93.3659,64.158,87.2414,10.7978,69.0084,6.3202,90.8453,strawberry
49.4535,40.3752,50.842,22.1373,57.354,6.9722,148.6611,maize
73.692,33.989,51.4713,16.5292,71.0481,5.99,127.1099,strawberry
114.8243,45.0887,57.8747,30.7896,70.2593,6.0516,120.3636,bell_pepper
17.876,61.8817,54.8083,24.8257,47.4389,6.7287,122.7828,grapes
107.3536,32.024,70.7589,17.6163,71.0141,6.6343,71.3428,peach
117.5824,54.1898,83.6184,23.9757,74.8059,5.321,111.2336,potato
128.8778,86.9995,118.7398,24.5074,75.542,6.452,97.6546,bell_pepper
75.5896,37.4159,57.2699,12.8971,66.0027,6.6684,96.9693,cherry
55.3472,37.1642,45.4773,29.1372,67.7937,6.6353,103.9445,maize
101.7818,63.7091,106.3735,24.7042,68.7563,6.1789,67.8324,tomato
84.6014,55.3929,62.2789,21.5465,61.2851,5.5576,80.6099,cherry
85.6982,44.7026,38.6267,23.1234,72.8547,6.4537,114.7118,maize
33.0221,118.3209,141.7085,12.8543,69.0453,5.554,62.407,apple
107.6472,54.0674,138.734,24.5727,53.5464,6.0481,86.0612,tomato
65.8836,66.9234,112.4114,19.5249,76.6907,5.8622,87.4461,potato
140.0,53.7057,46.4106,26.0487,56.0891,6.2192,87.7742,maize
14.2579,60.656,78.8425,21.885,56.088,6.1734,104.925,grapes
24.475,50.7699,57.4854,21.8716,47.958,6.2358,85.2869,grapes
85.9297,57.5474,50.8962,26.0802,58.3423,6.4211,94.2231,maize
76.3366,62.5959,88.9459,17.8516,58.2845,5.4854,97.6169,potato
13.4746,46.8645,55.9802,20.804,69.8085,6.6749,88.0169,grapes
69.0289,38.4947,46.6068,24.1464,60.8068,6.7592,51.7586,peach
87.9613,72.3342,64.8616,17.717,73.1389,6.145,87.9171,cherry
25.8625,122.5542,151.7281,17.5305,70.3006,6.6035,73.3278,apple
107.5914,58.6333,94.0062,18.0744,75.3883,5.4766,102.7204,strawberry
61.9195,42.1778,67.3952,16.2747,71.1124,6.2009,110.3953,cherry
62.0486,46.724,63.692,7.1435,67.7156,6.4065,69.6252,cherry
109.6917,45.9135,96.7155,22.9182,70.4398,6.7613,114.5716,tomato
45.0355,120.8168,160.8685,15.8937,65.3508,6.0606,141.8409,apple
79.7395,40.6042,96.0901,22.4803,75.1384,5.94,62.9565,strawberry
63.2134,74.0575,69.4344,14.7969,65.3281,6.1441,107.0399,cherry
21.5438,108.7737,145.2021,20.0669,82.0239,5.5396,190.5285,apple
80.8054,64.3298,69.5372,28.618,79.7488,6.4269,80.2593,peach
56.5165,51.1289,83.9796,19.8889,65.0374,5.1925,103.1729,potato
100.1601,40.0184,53.3692,22.8749,55.4875,6.2072,17.0241,maize
65.7041,36.4415,69.5983,17.4874,71.2372,6.076,79.4624,cherry
110.974,56.0129,78.5804,22.6769,54.599,6.7656,105.1676,cherry
69.7298,41.8677,55.5707,25.1857,65.1321,6.264,67.4031,cherry
96.2537,74.3441,75.0915,18.0228,58.9719,6.5845,84.7963,tomato
99.5774,86.7244,109.0946,26.2097,66.9386,6.7064,91.2798,tomato
122.5867,30.0817,87.9611,28.4186,72.5336,5.6877,93.6717,tomato
85.9837,20.8785,104.2632,17.1695,74.7737,5.9582,140.1792,potato
96.5252,36.9973,77.5089,18.4458,65.2817,6.2987,99.9625,cherry
94.984,40.0848,28.4912,26.9754,50.5271,6.748,97.2254,maize
119.7553,55.5428,42.7328,23.8365,70.1152,6.3116,112.1986,maize
110.3541,26.3056,66.3508,24.5967,58.8274,5.8457,87.4116,bell_pepper
85.2909,52.0259,34.0746,30.2107,60.7248,7.0779,95.7751,maize
102.2545,62.45,61.9517,15.4075,67.3812,5.6478,129.0157,potato
105.7912,70.2687,101.3777,20.0778,90.3186,5.4472,152.5451,potato
62.6884,39.6385,15.6251,22.5539,61.3636,6.2472,142.2293,maize
108.2565,59.8316,91.7066,26.456,98.0531,6.0195,85.5534,bell_pepper
93.7941,38.9646,28.9647,22.8629,65.7213,5.6684,64.2593,maize
82.8344,54.3982,36.0602,23.4304,66.3375,6.5516,120.8368,maize
44.4655,14.0551,71.7879,27.8212,62.7962,7.1648,15.361,grapes
56.8231,50.237,84.7157,21.6403,76.8292,5.8376,85.7064,strawberry
140.0,46.3983,110.5152,21.4707,50.508,6.9235,107.5876,tomato
126.3363,67.101,83.2061,23.4229,77.4449,6.4144,106.2812,tomato
96.1738,33.0692,33.5015,23.1883,71.8737,6.3929,145.6176,maize
117.2667,73.0667,137.2325,24.7591,50.2172,5.3519,115.3023,tomato
76.0267,53.5442,67.3701,16.3007,75.6436,5.8752,82.4076,potato
38.8208,52.9518,56.4238,20.6754,58.4697,6.4504,46.8353,grapes
89.6952,32.4384,63.5424,23.2073,55.8692,6.3097,92.5603,peach
78.1979,63.4861,55.5569,20.5044,82.5224,5.5992,63.9188,strawberry
79.4946,44.9421,59.5946,17.3596,61.5545,6.1066,110.4765,cherry
106.0161,40.4648,68.6106,26.4126,45.853,5.8722,38.1652,peach
96.0689,39.7977,28.1877,22.7556,66.5392,5.6749,64.7121,maize
75.5796,65.3252,64.1915,17.2035,82.9266,6.1977,77.6904,strawberry
15.5517,69.0728,42.3886,23.1072,69.2898,5.7477,55.5969,grapes
86.2551,50.7265,27.1228,26.3675,70.5668,6.1646,99.5919,maize
109.5189,38.5842,106.2812,20.886,76.4176,5.6953,127.6757,strawberry
96.9541,30.8939,80.108,15.5408,81.6544,6.0891,59.3816,cherry
97.5551,54.1245,77.7487,18.7932,61.3823,6.7849,64.1999,peach
73.8942,33.9959,95.9512,18.5682,74.0026,6.0599,63.3671,strawberry
82.2464,53.5927,35.0872,23.3678,66.0762,6.4872,120.1806,maize
118.4744,39.3151,69.3823,18.3973,65.6838,6.0394,19.4833,peach
79.1845,56.4424,90.5017,19.6441,84.8725,5.8674,36.9894,strawberry
6.7072,128.3908,159.6166,12.9124,41.5891,5.9887,88.1732,apple
23.2543,51.5199,50.6975,25.1289,48.8011,5.8447,37.3697,grapes
28.9602,30.9628,61.0214,26.2138,61.7842,5.9001,100.9012,grapes
115.3903,52.6275,75.3717,23.0616,48.3143,6.844,84.1611,peach
94.7804,38.0457,114.6848,17.4737,66.9984,6.0054,74.3918,potato
68.5298,48.3872,98.5198,21.8791,82.8731,5.9884,46.6296,potato
99.3296,32.2266,66.8089,16.664,63.8813,6.1793,67.7588,cherry
58.0986,118.3895,154.2895,24.6242,78.8115,6.2809,123.5804,apple
73.6182,27.7649,38.6534,27.424,69.5488,6.4067,70.2457,maize
140.0,35.7063,85.7369,16.7994,76.2483,6.0678,69.6724,tomato
64.8721,54.1749,95.2043,19.593,73.5537,5.3958,74.6813,strawberry
71.2406,46.2512,127.2061,21.2776,74.2233,5.4702,89.2157,strawberry
76.2256,58.5981,100.3742,14.6013,71.0999,5.5151,99.6605,potato
66.6813,49.8277,55.8584,17.6574,53.149,6.4213,78.1807,cherry
8.7432,37.1415,62.4889,25.5534,69.5021,6.1884,32.2844,grapes
95.7096,41.6788,65.3108,19.025,69.042,5.7503,120.7125,strawberry
98.3554,26.065,110.8143,16.7706,68.016,5.8991,117.3407,strawberry
76.4057,47.5365,74.3479,17.3116,61.1416,5.8706,93.4203,peach
16.7295,61.6213,53.9362,24.8626,48.2503,6.7313,121.9647,grapes
91.2641,38.1504,97.9506,15.4058,68.1093,5.8987,85.4474,strawberry
116.2482,56.3181,65.9797,20.6511,48.6686,7.2886,41.062,peach
52.9201,33.4013,72.4916,17.9865,61.0344,6.595,85.243,cherry
20.486,50.611,70.4281,26.7282,47.5833,7.0228,63.9169,grapes
110.1818,46.7183,86.2596,17.8305,65.6739,6.7082,94.2476,cherry
109.6073,59.0469,67.2239,19.4053,67.9835,6.9847,130.2756,tomato
119.5485,53.4084,47.8296,26.8464,72.6177,6.2582,112.4146,maize
63.3666,31.569,44.9063,25.7179,73.1396,6.6032,124.1832,maize
70.3692,57.6987,49.1853,20.6671,58.7309,6.8905,82.5219,peach
70.8965,57.6494,81.3007,17.6694,69.8341,6.224,97.0068,potato
61.658,26.8932,31.8636,21.4497,50.3402,6.1118,38.0514,maize
72.3893,41.8977,107.1555,14.4857,72.3016,6.6006,45.6328,cherry
35.6299,66.5173,59.8486,26.572,56.6286,5.9064,62.0144,grapes
34.2312,64.7788,43.3376,24.6645,48.2054,6.246,61.7052,grapes
41.2692,121.1131,138.9683,17.3888,68.575,6.288,130.9124,apple
80.0215,15.9308,63.0663,26.1194,86.157,5.8088,87.3753,peach
18.1842,143.464,137.3913,20.6396,63.093,6.9026,139.264,apple
82.0758,51.0552,67.9523,22.7356,82.6456,6.7337,65.6174,peach
82.9936,71.579,73.4312,12.9082,55.2975,5.7882,108.7062,potato
58.922,51.69,79.491,16.823,69.4797,7.122,87.3331,cherry
95.6258,69.4993,105.4254,22.8452,50.2429,6.5862,139.8955,tomato
100.6866,59.0835,33.824,23.8005,48.212,6.8753,177.6928,maize
112.3463,25.2956,81.1291,25.5368,64.0463,5.9914,86.9967,bell_pepper
68.6844,46.7697,115.1914,16.6987,67.684,6.6975,70.9079,cherry
99.0318,41.002,33.4496,18.646,50.5286,6.077,64.4927,maize
65.9005,29.8127,44.0679,24.6639,80.0168,6.1872,114.3022,maize
6.6135,60.9816,65.8118,25.138,58.558,5.8822,16.8358,grapes
59.0872,55.4104,120.7651,16.0066,62.882,5.7947,74.8797,strawberry
50.9351,132.061,146.9788,19.5421,54.7842,6.2221,140.6729,apple
100.8453,47.3485,96.2541,15.2779,77.7352,6.8672,58.0111,cherry
5.5154,121.4561,149.265,18.1452,82.197,6.5007,111.225,apple
122.3637,33.9898,93.4462,15.726,65.2722,5.0959,131.8186,potato
61.8048,37.6003,36.5134,27.2504,65.4939,6.2062,146.8891,maize
41.8501,63.8372,74.7133,26.0034,62.0105,6.475,90.0853,grapes
98.3895,55.7778,46.9797,24.0,60.1855,5.6374,118.8966,maize
129.956,54.5711,106.725,27.6901,69.3967,6.0465,67.9701,tomato
87.7654,54.9606,28.3142,26.0737,83.5356,6.3957,104.7602,maize
92.6782,35.5994,77.212,13.5954,53.7285,5.6892,87.747,cherry
72.617,45.0428,92.2692,18.8081,82.4069,5.5408,65.229,strawberry
106.6561,30.2797,99.2981,30.6381,66.3422,6.6554,79.8327,tomato
70.6522,52.7391,92.9127,15.4297,76.8927,6.2011,81.0803,strawberry
69.5529,37.0317,93.0534,20.4576,65.1113,6.1829,105.8118,cherry
53.5949,32.4906,95.6597,22.671,79.408,5.9364,63.03,strawberry
78.05,56.6816,73.1074,16.4285,68.9468,6.5865,82.347,peach
68.0423,64.4318,103.8984,18.3997,56.7058,5.6347,93.1452,potato
57.3508,62.7134,88.1848,17.7491,51.5983,6.3494,64.7292,tomato
70.1715,33.0263,61.4861,13.3741,62.6446,6.265,87.2946,cherry
27.5677,119.4172,146.9717,15.4615,71.985,5.4948,129.0456,apple
99.5617,75.3073,76.7086,23.4234,79.2888,6.4084,110.5048,bell_pepper
59.5974,57.4516,72.1292,24.3948,50.2326,6.7033,106.6408,peach
30.0258,111.7991,141.3629,15.9636,64.0591,5.8487,73.9167,apple
100.0177,44.4843,90.0904,17.157,58.483,5.722,69.8368,bell_pepper
121.995,81.1428,86.0891,25.9018,68.7772,5.4071,106.6049,bell_pepper
6.3109,121.0837,151.5508,13.3451,70.4961,5.9464,149.6077,apple
85.4704,38.9297,40.2541,30.5239,65.2572,5.8432,110.6916,maize
72.3293,37.2772,89.4351,23.6338,80.264,5.9493,81.7201,peach
89.9479,47.5023,48.8009,24.7265,66.3474,6.1124,164.9469,maize
101.9764,44.4801,63.1898,21.391,77.9436,6.062,91.2968,bell_pepper
109.7546,66.4398,99.4164,21.0419,57.6242,6.3862,106.1661,bell_pepper
51.3783,43.0217,70.4949,18.4456,91.8399,5.9542,73.391,strawberry
72.7242,43.6625,64.1436,16.9577,70.5104,6.8546,94.8708,cherry
95.4527,46.9086,88.3367,17.9677,84.4304,5.7429,111.7867,strawberry
64.6341,51.1694,83.235,24.1932,52.1749,6.2853,70.1806,peach
28.1021,42.1298,45.1675,21.9679,40.2517,6.2409,68.6319,grapes
69.8645,48.6376,77.8957,22.4505,67.2146,5.5532,85.4543,strawberry
35.9763,50.0167,53.3202,24.1211,52.6629,6.9363,78.5193,grapes
62.9728,51.3102,61.852,28.5316,62.7783,6.3356,80.2971,peach
59.7899,52.7947,74.1164,10.6166,68.4868,4.7504,62.7794,strawberry
79.2783,49.2867,62.7126,16.9112,56.0321,6.4753,99.9646,cherry
83.813,33.1439,82.3215,18.4098,86.5755,5.0841,66.1694,strawberry
109.4642,61.3247,114.8233,19.2734,75.408,6.4462,148.238,potato
96.3535,32.5615,96.5367,24.0222,71.1326,5.1217,129.9177,potato
95.0838,59.7812,113.6481,12.8381,77.5675,5.7998,129.9062,potato
25.2762,31.5077,60.6017,24.896,52.5523,6.3001,100.3522,grapes
80.8138,39.6715,47.3776,24.515,51.6318,6.2254,102.7126,maize
112.757,71.1957,116.2169,14.0829,74.4626,5.6349,146.0375,potato
134.5301,26.8835,85.5331,20.1986,64.6334,5.7383,108.1502,bell_pepper
63.811,38.9357,57.6768,21.715,64.5669,6.124,44.1598,grapes
110.3266,54.4847,41.761,17.8255,74.4933,5.6986,128.7306,bell_pepper
29.9412,36.5564,53.0105,30.8407,51.708,6.1287,84.103,grapes
39.0488,137.8703,137.3756,21.2177,60.5773,5.1231,113.7422,apple
87.0517,41.4221,72.8475,19.2112,52.2203,6.1006,74.3373,peach
78.642,49.9524,128.6706,20.4211,61.3321,5.8693,138.7109,potato
90.1954,34.6701,86.233,19.5054,70.5277,6.186,96.7206,potato
94.1549,47.5829,65.2415,13.4351,63.7185,6.2694,58.537,cherry
85.6876,66.1671,87.2921,27.2589,91.7347,6.6719,91.8638,tomato
55.8217,35.8222,30.3437,19.3456,77.6959,7.3169,90.5021,maize
89.3093,63.7841,54.1581,11.36,64.046,6.2471,79.5561,cherry
86.1042,84.9242,79.6329,24.7932,62.8121,6.4026,125.0071,tomato
79.1763,36.0853,107.2059,30.561,48.4503,5.9003,73.063,peach
80.152,66.7991,58.4838,28.375,64.6323,6.1094,96.1142,peach
125.2674,71.9644,97.0383,21.9721,65.1986,5.859,103.8042,bell_pepper
94.842,45.3171,82.9522,19.498,70.9363,6.6429,71.5314,peach
16.1445,70.441,42.008,23.5665,70.0393,5.7451,55.4601,grapes
81.6973,26.4159,76.0443,15.8216,56.1904,5.5101,102.171,strawberry
99.5487,53.3986,61.223,21.8852,67.5591,6.4358,27.393,cherry
62.5006,55.6599,107.826,12.9628,54.021,4.8626,165.4018,potato
102.2131,71.325,112.8037,21.0633,79.5165,5.79,119.6008,bell_pepper
58.0827,50.3687,38.9124,24.5246,58.6823,6.2772,81.8634,cherry
95.6216,47.6045,35.7523,24.6818,73.716,6.0634,104.6391,maize
85.2681,45.885,107.7051,15.0524,79.0187,6.2118,76.4974,strawberry
99.0722,46.6032,106.5384,19.2523,45.15,6.666,61.1186,peach
119.6314,43.4313,46.294,30.0164,60.0301,7.1312,106.0758,maize
94.835,48.1683,68.471,24.2283,71.5984,5.8397,88.7651,peach
96.2447,11.2705,41.3439,22.3066,67.6556,6.2385,89.5122,peach
63.8941,57.2743,75.5706,20.0231,78.0763,5.7289,59.6195,strawberry
84.211,52.8022,33.3549,29.9526,60.2809,6.9868,98.8192,maize
71.6325,35.9018,50.3091,14.9602,67.6801,6.626,117.4876,cherry
108.3918,41.059,69.8854,26.5901,47.9711,6.105,75.5616,tomato
103.6051,65.1181,90.4551,20.2324,82.7953,6.5152,135.2441,tomato
30.9097,48.6613,63.5704,26.1068,35.4501,6.2621,106.5932,grapes
70.7118,32.61,62.3434,20.1183,51.1404,6.6055,135.3624,cherry
72.1929,54.3531,86.5923,25.4469,62.2852,6.8356,71.7347,peach
60.3496,50.4055,94.8946,19.9504,78.4689,5.7591,117.8281,strawberry
114.406,69.4088,84.6095,25.6916,72.3272,6.3801,97.42,bell_pepper
100.2198,40.7049,74.4058,23.648,76.1716,6.5128,103.9523,bell_pepper
5.3613,38.8167,55.1183,27.795,65.0023,5.8261,43.6112,grapes
71.7823,37.5161,50.1868,20.6054,47.9257,5.8763,61.8464,peach
42.7838,38.8872,99.4508,18.126,79.0871,5.7481,89.8651,strawberry
43.1978,129.4479,137.4442,17.1019,82.7844,5.8244,142.5216,apple
68.3046,36.4957,84.1664,19.6638,81.2686,6.2638,94.152,strawberry
140.0,35.817,130.2478,24.1527,61.1614,7.1521,93.0091,tomato
23.6639,117.847,143.5425,16.5635,75.0048,6.1252,116.0767,apple
131.2625,42.5219,101.7634,24.8075,61.9765,6.7211,89.3293,bell_pepper
116.6484,76.2648,81.4857,21.7499,72.7972,7.0387,124.9512,bell_pepper
71.7297,43.7677,71.1999,21.5013,82.2807,6.6252,119.0253,strawberry
72.4846,43.0952,63.6431,17.6716,67.4641,5.6414,110.7656,cherry
98.8484,35.9764,78.5536,19.6057,79.9945,6.0087,139.756,potato
113.673,36.2345,131.7471,11.4913,74.0465,6.061,89.4126,potato
14.4197,122.6813,158.0642,15.9008,50.9534,6.185,167.5418,apple
98.9002,35.5798,69.741,20.3439,63.5399,6.7969,63.6128,peach
86.6469,24.6638,91.7962,19.536,75.9818,5.4421,105.5574,potato
86.366,58.1599,86.435,21.8845,59.0324,6.215,116.4182,tomato
105.0685,59.56,81.9894,26.0553,52.0249,6.2883,71.5677,peach
120.9871,67.7878,70.0025,24.0528,76.8605,7.0909,93.8882,bell_pepper
66.8003,34.098,62.6335,15.5119,89.0008,6.762,37.3072,cherry
76.4592,66.6989,88.8312,19.057,58.7168,5.811,108.5259,bell_pepper
95.0105,52.4137,91.0621,16.5655,69.1773,5.2239,85.2761,potato
97.6694,42.354,101.1829,15.9212,73.455,5.7501,81.9557,potato
26.4824,132.9471,146.8396,17.5347,70.1018,6.4659,61.6635,apple
50.265,36.0216,113.4762,23.4417,71.9385,5.6783,90.1329,strawberry
56.3343,46.1275,64.0667,25.1128,56.1195,6.8232,40.3371,grapes
42.0856,44.3826,58.6359,27.3914,43.4415,5.7511,21.3367,grapes
85.3527,38.9334,46.2535,18.6397,45.9098,6.9341,138.5008,maize
99.1346,39.6057,77.7834,21.8343,58.7664,5.8567,39.0194,peach
95.6848,44.4838,78.9106,21.5293,59.9774,5.5386,125.8649,strawberry
75.0723,43.4965,104.7178,28.4896,94.4883,6.4907,113.5547,tomato
71.775,55.4056,102.162,21.7805,71.627,6.5394,71.5789,strawberry
78.5951,38.3166,67.0362,19.4658,75.1563,5.9233,90.597,strawberry
74.5642,42.9518,20.9294,27.7177,59.5139,6.1123,62.8055,maize
80.6047,25.9218,86.7727,14.7698,74.6697,6.1068,115.4455,strawberry
53.8915,54.9689,88.9084,20.812,66.1915,5.8724,100.5991,strawberry
69.6728,43.7606,67.6623,16.6568,54.043,6.6681,85.2957,cherry
106.5021,50.8759,89.0169,22.7107,61.2547,6.0502,70.7247,tomato
76.8944,75.8703,96.7233,15.9979,77.0934,6.3042,114.4671,potato
54.247,72.1083,71.8738,18.4524,81.6225,6.1838,81.7872,strawberry
104.1828,35.4857,95.327,25.2632,48.5133,6.7984,48.7072,peach
22.5991,123.5203,137.7041,11.9966,72.9043,5.8907,106.3193,apple
62.4113,49.7057,46.5145,19.3986,76.7605,5.8429,118.896,strawberry
105.6626,56.8676,94.9426,22.4905,55.8265,6.1343,77.5724,peach
104.4997,40.1559,102.1592,18.1694,81.3669,5.9365,61.324,strawberry
115.6032,61.7573,47.2417,25.16,63.818,5.8899,98.1965,maize
46.7119,75.8841,92.615,15.669,65.7401,6.5331,76.2435,strawberry
95.3861,39.4453,88.5269,24.428,86.9812,5.7493,57.1171,bell_pepper
23.3146,52.4517,65.1039,24.3203,53.962,6.0947,107.4567,grapes
70.6138,41.0298,115.5526,14.198,78.6702,4.551,138.1352,potato
72.3686,39.2721,95.2232,22.0153,57.2422,6.6433,114.2032,peach
92.1539,50.9154,62.0365,31.3924,79.8773,6.4738,95.8063,bell_pepper
87.1255,37.0988,63.396,16.6475,70.3292,5.8458,46.8409,peach
111.2229,38.8902,111.7716,29.4644,53.8373,5.8273,89.9403,tomato
38.6719,118.3361,154.8058,13.3723,65.7699,5.7431,132.7713,apple
61.6968,36.8877,82.2682,19.14,55.7713,6.5731,101.5754,peach
93.1785,55.2139,119.6582,18.594,84.9323,5.6293,128.652,potato
58.1699,46.3737,60.4846,20.7466,68.664,7.0298,16.5735,grapes
101.1955,45.4059,97.3543,18.5622,52.3157,6.04,51.7277,tomato
131.6046,72.949,40.0679,27.5766,68.8013,6.7382,64.612,bell_pepper
131.979,50.5795,83.5962,18.3198,62.2304,5.6391,75.0703,bell_pepper
79.8762,41.4392,89.8726,13.0441,65.1378,5.6143,78.2044,potato
62.2835,38.974,16.3238,22.3513,61.3128,6.2016,142.9104,maize
84.5076,45.4932,82.2411,20.8122,78.2215,6.1741,91.8851,peach
82.8625,40.385,47.4496,24.4435,52.9569,6.2752,103.3436,maize
47.4269,47.4399,27.4565,28.6618,66.9605,6.0656,81.659,maize
115.9342,52.3867,120.8485,32.1925,68.6821,6.3907,113.5678,bell_pepper
126.8801,53.2108,78.9355,24.7713,68.5657,7.0296,126.3979,bell_pepper
102.06,47.4463,106.2765,22.9307,63.4787,5.4985,140.0122,potato
108.7972,40.9165,89.5407,21.5982,45.5102,5.779,100.5879,peach
65.9998,36.0195,95.2495,23.7313,75.8987,5.7607,106.0535,strawberry
41.8752,50.3421,59.3748,21.5297,48.4732,6.691,46.355,grapes
31.5609,112.0469,156.1135,17.6872,71.1709,5.8106,106.6855,apple
56.9841,49.4525,91.9623,21.8337,68.835,5.2229,67.7753,strawberry
42.8337,36.2224,89.8839,25.6713,83.9709,6.2196,91.8775,potato
27.4355,131.8306,138.8742,16.5242,52.6196,5.0422,132.2446,apple
73.2765,44.509,110.5119,17.0307,56.8801,6.3526,53.7513,peach
119.3611,69.1117,102.9004,32.3577,72.8365,6.2204,84.7645,tomato
33.7266,23.7237,67.4842,22.4345,54.4609,6.3059,36.4745,grapes
86.0279,59.3394,46.7646,23.7862,61.1844,6.5132,64.0269,cherry
27.8404,40.4173,66.8878,24.273,63.7935,6.2191,111.4722,grapes
73.4106,53.0315,94.974,20.2414,66.5917,6.6512,83.1301,cherry
81.6558,23.361,39.2494,20.4083,52.3434,6.4003,87.3734,peach
83.3587,53.9092,55.2064,16.4904,66.5621,6.3997,78.2446,cherry
75.6041,43.9852,76.385,22.789,59.5317,6.5069,76.7456,cherry
130.1431,50.0075,101.8704,18.6131,75.3518,6.4618,56.7738,potato
94.8658,38.8276,121.4692,21.6652,68.6971,5.51,96.1127,potato
80.1894,22.7675,49.8424,21.8884,55.3608,5.8261,85.7386,cherry
121.2386,74.4531,95.0991,19.9268,62.6972,5.634,57.7516,bell_pepper
71.6706,57.0042,65.1091,13.7996,68.6026,6.6634,29.7755,cherry
97.9636,61.1331,96.0716,20.2974,65.8163,6.0065,112.8759,potato
52.6219,53.5008,51.3114,25.6158,63.7657,6.6579,111.5567,maize
59.3737,59.0485,87.736,16.382,80.0383,5.0654,77.5349,strawberry
74.7656,48.8292,76.652,16.046,67.7223,5.818,122.4255,strawberry
93.5958,43.3107,34.536,30.506,73.6993,6.7362,123.9519,maize
56.0984,59.5916,68.6708,14.2323,63.8322,7.0475,83.8039,cherry
48.9334,33.2324,73.9259,21.8398,57.5074,6.1107,29.0164,grapes
66.956,32.4416,40.3985,25.2418,50.0058,6.6546,132.5371,maize
42.8877,128.7738,162.6,16.9619,60.6247,6.2931,126.2983,apple
76.4565,39.5771,21.8034,28.0437,59.3268,6.0562,64.4267,maize
85.1154,68.7858,92.8059,10.658,78.9745,5.3127,117.4162,potato
118.1724,29.6544,56.6037,19.2293,50.6274,6.8449,80.58,peach
30.3674,37.9181,87.2525,19.3295,93.6569,6.0337,98.8329,strawberry
29.1908,141.7541,150.299,19.3535,74.2365,6.3378,104.3087,apple
76.7231,55.0727,104.6135,19.4453,61.756,5.7541,104.1438,peach
45.8589,121.1475,157.4338,20.072,67.6161,5.5183,83.6413,apple
68.8972,39.185,41.7915,25.5892,76.3713,6.5144,88.4063,maize
136.2491,58.2113,80.8291,26.5416,74.5475,5.1101,65.5084,tomato
69.0576,47.1122,71.2673,13.812,84.8676,6.2448,71.2731,strawberry
93.3366,20.3958,89.0616,25.3563,59.6404,6.334,74.1077,peach
63.0838,53.4056,88.7857,19.2567,74.1459,6.2065,112.4143,potato
3.4693,121.0516,150.9362,17.9617,81.9783,6.495,109.0608,apple
85.5121,54.1384,70.9323,28.5123,95.5186,5.4409,81.2943,tomato
87.216,48.8221,75.3426,26.286,77.5416,5.584,83.3031,peach
30.904,30.4616,60.8177,26.9091,48.8052,6.2889,86.5631,grapes
60.2844,61.8228,76.291,21.632,70.113,5.9016,120.9408,strawberry
27.2134,59.9882,67.0025,15.1854,66.1143,6.5516,78.1155,cherry
87.6262,57.8003,61.1123,21.3606,66.7018,5.6092,101.0834,bell_pepper
51.3575,39.5682,78.2677,18.9865,58.9993,6.288,74.3738,peach
54.6635,62.3316,75.8502,19.1978,56.2597,5.5868,52.9456,grapes
136.4742,52.7792,43.524,24.0111,72.153,6.2892,83.1716,potato
22.9332,34.3393,58.4034,20.199,71.7047,6.0644,65.3524,grapes
6.061,55.1232,45.7937,26.0609,54.3747,6.2899,61.2928,grapes
25.859,123.5392,143.3104,13.7183,75.3821,5.3731,136.9412,apple
36.8826,132.6476,153.5762,20.3343,56.5714,6.5587,53.4652,apple
31.6109,123.0241,159.1721,16.609,57.996,5.9201,116.7084,apple
40.9118,37.673,46.4077,26.6093,60.7495,6.8615,116.0141,grapes
24.7843,121.6792,147.8804,18.0014,54.5217,6.4195,126.5724,apple
140.0,71.0543,73.9264,26.1855,65.6999,6.4098,111.7253,tomato
82.2243,36.7087,72.8152,19.9171,64.7843,6.102,101.7784,cherry
88.6664,30.4153,88.6785,23.5948,87.3445,6.6227,107.9232,peach
130.7476,53.8795,121.0948,30.8673,72.7387,6.7698,94.1094,tomato
101.2876,46.3656,109.6677,29.7941,65.4608,6.7007,123.4028,tomato
104.8434,33.8096,54.7042,24.7493,63.0425,7.3714,145.9003,bell_pepper
55.3567,67.0366,47.951,18.0525,56.105,6.9423,48.9339,peach
74.7545,54.6721,73.0913,18.6799,56.9082,6.235,59.1065,cherry
97.3006,26.6516,116.1431,15.6443,82.3633,5.283,58.8238,potato
112.0898,57.3887,66.1982,26.8388,84.5966,6.6125,110.3942,tomato
140.0,58.2573,91.9427,25.7133,81.272,6.6286,68.2903,bell_pepper
86.4689,33.9699,41.0551,27.204,53.442,6.3146,140.5149,maize
108.848,42.5067,67.6169,18.4685,54.9916,6.6457,76.3955,cherry
67.0736,48.8022,120.293,21.2867,60.5356,5.8212,157.9884,potato
21.1028,121.6052,153.6575,24.3308,76.1282,6.3886,106.8205,apple
111.2815,46.607,109.7767,21.9044,69.9411,6.6234,89.0124,tomato
91.2113,35.5616,33.5745,23.8761,69.5007,6.7994,125.8518,maize
46.6092,134.8696,145.5615,18.9653,62.8962,5.8017,120.2768,apple
86.1126,39.9675,109.9169,15.684,68.4976,6.1996,93.4772,potato
9.3058,79.6898,44.4022,29.8176,44.448,6.3987,87.1313,grapes
85.6415,42.5886,108.5644,25.2752,79.939,6.1833,90.5491,bell_pepper
84.7755,55.6463,103.7085,14.6944,82.1143,5.7341,87.2233,strawberry
77.826,55.8535,43.4224,20.0752,51.7357,6.6452,0.0,peach
74.9329,42.9819,66.0113,24.3486,65.8031,6.0619,65.4165,peach
38.4697,42.4085,48.9215,26.9119,61.8657,5.618,36.2398,grapes
51.5101,47.4541,66.5151,25.6042,60.195,6.5707,88.8173,grapes
84.1032,58.5357,76.7029,17.4542,68.9273,6.5249,76.7701,cherry
99.7826,43.7999,52.8716,11.3776,56.3278,6.1456,62.361,cherry
104.217,53.7157,48.3983,25.7233,77.4304,5.9105,115.7533,bell_pepper
74.7448,77.4062,48.4075,11.3405,60.2604,6.5259,75.7349,cherry
82.0149,28.8296,64.2502,15.7219,56.0081,6.8356,58.1265,cherry
25.0064,45.0594,43.717,23.9596,51.8388,6.2065,71.7156,grapes
95.3056,42.5057,59.9526,15.3894,69.7653,6.3712,55.5091,cherry
58.3906,43.1246,86.6048,20.1603,64.0971,7.0336,87.6036,cherry
63.7567,47.6017,43.5323,26.5025,81.7184,6.6076,83.6707,maize
95.5203,57.1853,56.786,13.8578,53.7098,7.3091,48.0496,cherry
4.6095,103.9447,138.9141,20.6077,67.4055,6.2813,126.0085,apple
68.6912,69.7058,96.2624,21.9297,72.9824,6.161,70.7663,cherry
112.0479,49.5806,103.5364,22.8381,50.5786,6.1836,74.2616,peach
99.0629,58.5966,158.2168,26.5192,53.4997,6.5617,67.5781,tomato
113.8722,61.0761,105.5243,15.8364,76.6596,5.6078,106.0935,potato
4.3247,46.8135,59.387,27.1733,69.0099,6.3384,94.5245,grapes
86.0707,45.0746,75.3617,20.0424,66.4936,5.4745,99.0665,potato
98.3809,40.4375,127.2485,19.5379,71.9683,5.1129,28.9528,potato
30.0836,141.9851,150.4076,19.1427,74.5154,6.3355,107.8303,apple
124.0399,37.4367,56.6763,22.8292,59.4999,6.9451,44.7541,peach
22.1945,48.7647,64.9341,24.3829,40.5838,5.5543,134.6203,grapes
7.4783,47.9093,66.6138,25.455,44.5182,5.8053,26.4428,grapes
33.2417,122.9493,111.5654,15.6477,71.6121,6.4341,127.8494,apple
73.0147,48.69,44.6712,28.5205,61.8441,6.7864,148.274,maize
99.1935,45.5514,108.2906,21.7715,66.2769,5.5747,144.8379,potato
26.0244,123.5556,150.0251,16.1073,73.267,6.5136,31.3961,apple
80.7699,50.4636,99.0497,22.2839,67.1509,6.1834,90.6364,potato
24.9372,123.9292,148.8886,16.2769,72.9755,6.4838,28.7533,apple
89.7319,59.6232,45.1454,24.4511,58.0432,6.7433,15.5882,maize
105.0132,54.0501,110.6003,29.4591,59.6919,6.4435,126.6876,bell_pepper
81.3151,50.3478,36.1554,25.7249,60.8444,6.6171,118.9439,maize
96.4372,54.8062,76.7675,26.74,71.9917,6.533,75.1169,bell_pepper
25.7024,48.8571,45.5927,26.7224,79.4467,6.7587,66.8896,grapes
101.0316,37.4709,53.636,22.895,56.4691,6.2647,14.2031,maize
121.737,9.7589,110.0664,17.1822,82.6754,6.2476,105.949,potato
67.3007,25.7123,43.9883,24.7629,69.0977,5.8462,88.2237,peach
87.098,35.9159,75.044,19.4837,71.3304,5.1931,76.2461,strawberry
6.0942,30.6603,64.8182,32.672,59.0046,6.5747,37.6773,grapes
18.1296,62.8602,46.629,27.6149,67.2478,5.9876,86.5884,grapes
9.0645,37.4683,63.2242,25.1752,68.6045,6.1421,35.0625,grapes
95.2345,55.6959,103.3432,24.5917,72.6689,5.8609,118.1008,tomato
22.1853,49.5143,54.4808,23.9948,48.2154,5.6833,77.9684,grapes
77.5014,42.9397,42.8467,27.9497,77.011,6.6065,97.5836,peach
89.8164,52.8555,42.8889,20.1296,72.3542,6.2904,92.7244,peach
129.1812,63.456,86.4247,26.4021,55.3027,6.3112,65.9299,tomato
85.8471,123.2629,166.8946,10.4147,66.9542,6.3748,116.0994,apple
36.5163,65.1277,61.7561,22.945,71.1368,6.1267,29.1499,grapes
115.2657,54.0981,145.7757,14.2263,75.2447,5.3197,58.9676,potato
65.1476,56.1566,93.4183,18.6256,73.5629,5.0837,89.6018,strawberry
84.4004,31.3752,51.116,22.1509,54.4699,6.3766,55.542,peach
82.9098,39.256,46.3194,18.4329,45.1724,6.9912,133.8959,maize
62.6615,79.9669,109.5445,18.3084,79.0634,5.9123,104.9879,potato
108.2022,50.2128,119.3326,16.0643,75.8177,5.4485,119.291,potato
60.0141,39.205,35.3942,20.614,68.6403,6.848,71.6015,maize
105.9042,72.4404,102.126,16.6704,87.0092,6.8204,116.4039,tomato
45.1442,52.3969,66.5575,20.3241,46.3957,6.0606,66.6164,grapes
4.6525,121.1091,162.3449,15.5433,64.2852,5.5666,69.3801,apple
88.0427,52.7306,129.9897,30.1398,45.5918,6.1729,59.845,tomato
85.1251,37.5415,46.1199,21.5283,65.7511,6.0697,92.4949,peach
90.7338,50.5981,32.8598,23.3971,47.3615,6.7819,77.9853,maize
67.8251,55.9758,112.936,30.0529,65.1787,5.7448,85.3151,tomato
16.6096,108.8199,143.6958,19.8595,71.0457,5.6525,146.5616,apple
140.0,62.2455,84.6619,26.4539,48.8144,6.6619,77.0839,bell_pepper
65.5214,27.9023,75.7226,17.2518,77.7202,5.6918,92.1064,strawberry
109.0681,61.4054,53.1845,20.8367,69.2998,6.1135,46.1318,maize
27.0669,51.9005,52.5957,27.0802,49.2408,6.2735,58.1049,grapes
26.4927,113.1067,146.0413,16.8982,77.7707,6.0157,103.1065,apple
140.0,73.9223,98.538,21.8614,68.253,6.0605,82.6772,tomato
81.245,27.1953,92.2879,16.0464,82.0587,6.0876,132.3795,strawberry
89.215,64.9812,112.0129,16.9786,69.3968,5.8363,87.4971,potato
83.5989,53.2506,44.5564,24.2372,69.1902,5.9047,66.9343,peach
84.1938,21.485,42.5007,21.287,69.4372,5.9688,109.5872,maize
68.8839,34.3545,50.6178,17.7255,78.1689,7.0539,89.9102,cherry
106.3053,53.7792,86.358,25.6335,71.6235,6.2849,143.0272,tomato
109.1099,55.1566,94.4422,13.5973,77.2773,6.4299,86.1871,strawberry
124.5708,37.569,92.4016,15.4738,74.1138,5.8129,135.5896,potato
12.3093,66.1438,55.2402,28.88,41.9945,6.5191,37.5749,grapes
25.8836,47.0112,66.7234,26.7952,55.2291,6.2423,27.4118,grapes
24.2611,53.3747,65.1611,24.3968,53.6985,6.0988,109.5441,grapes
104.1595,46.543,37.6421,26.6921,60.4859,6.3955,48.8072,maize
92.6555,55.6978,91.6622,12.0211,59.1458,6.5462,85.1437,cherry
83.8654,35.8699,72.0236,27.3332,46.4624,6.0577,91.0653,peach
44.1204,53.9035,78.8027,16.5719,62.5776,7.2029,111.7433,cherry
60.647,46.6541,98.5973,15.7065,60.7782,5.0947,120.4998,strawberry
126.3267,76.1258,96.32,29.4967,73.971,6.1826,126.7752,bell_pepper
76.4408,66.0858,109.3554,22.4449,78.9258,5.6653,107.1499,strawberry
91.6496,48.2426,58.1153,14.6298,72.418,5.2773,128.001,potato
13.0172,52.6154,56.126,25.4468,50.7579,6.2787,40.6882,grapes
65.7167,23.2545,71.0441,22.3102,68.7286,5.8737,70.2577,peach
81.0392,37.131,83.0549,18.9667,80.797,5.2813,82.7942,strawberry
105.8401,58.3456,34.7774,21.609,58.8736,6.7032,67.5908,maize
74.6033,42.9808,23.7384,26.6864,75.9168,6.0566,115.8015,maize
14.2482,126.5757,166.412,18.3029,72.3898,6.7887,187.2456,apple
134.3173,60.3913,98.6912,17.2513,70.0628,6.0581,132.9773,bell_pepper
56.0472,58.5908,75.8242,16.2593,58.7347,5.8856,91.3066,cherry
96.9844,58.0973,91.4355,21.5798,70.6982,5.8915,104.0557,tomato
59.4645,37.2236,69.8267,12.9366,81.6678,6.0611,90.6867,strawberry
86.6477,40.808,69.0744,25.6903,77.9286,5.7521,43.6707,peach
66.1229,55.6214,71.4772,22.0918,70.5282,6.0769,91.1655,peach
103.7945,33.6616,58.2205,24.553,41.3119,6.2874,128.0504,maize
36.8567,34.9999,80.9357,11.392,66.744,6.0752,75.484,cherry
21.8579,137.3676,126.8904,15.1294,68.2569,6.1091,156.1656,apple
83.6483,38.2033,43.0203,21.9714,56.4154,5.7101,90.9449,maize
48.4527,40.217,70.9779,23.8882,60.7941,6.5807,97.8248,cherry
48.6797,40.8649,63.811,25.1217,53.9513,6.5623,103.4899,peach
77.949,46.9827,82.8345,15.6941,78.3941,5.707,86.2467,strawberry
22.752,145.0,147.9407,20.194,56.7169,6.2155,98.2598,apple
77.2334,69.1783,26.2936,24.8585,55.785,6.8048,114.7825,maize
91.2925,56.2752,68.5815,21.8989,56.9159,5.9835,93.8954,strawberry
46.5893,120.0899,156.8869,19.9827,67.2666,5.4547,82.6127,apple
92.005,41.4448,47.6387,26.4084,58.4073,6.1766,26.8203,maize
14.5658,63.3489,79.8159,22.0253,56.186,6.1873,107.6437,grapes
34.8412,61.8663,22.979,26.4777,56.9848,6.7559,217.8857,maize
57.3949,53.4467,46.2881,22.4459,44.2708,6.0904,126.109,grapes
95.3546,28.7727,76.1391,14.9392,64.2424,5.9532,121.8311,potato
106.2196,45.4321,67.8017,22.4651,47.9025,6.7057,74.8644,peach
93.1281,29.4759,44.0973,19.6455,63.5584,6.4008,149.1012,tomato
70.9446,52.4336,82.1695,18.555,81.9978,6.3015,61.0431,strawberry
84.639,44.9963,40.0746,27.1688,75.599,6.0795,82.8589,maize
67.3603,43.1877,61.4201,29.623,46.6606,6.3026,35.6098,grapes
86.7305,46.245,73.0778,21.9174,67.3231,6.4175,74.8744,cherry
66.7871,44.3791,84.7117,21.0955,72.8907,7.0892,61.9799,peach
94.8278,49.7001,96.9157,17.591,99.317,6.256,74.1209,strawberry
90.7298,34.6078,72.8265,20.0905,72.6195,5.8228,58.0567,strawberry
33.6429,22.7699,84.4537,15.2159,73.78,5.5372,79.7511,strawberry
80.1358,48.5594,76.9113,27.3825,62.5486,6.5925,90.2993,tomato
58.1067,41.3113,43.2047,13.4043,65.4956,7.0181,88.1682,cherry
92.1623,43.8722,46.8954,23.8816,64.1576,6.689,79.2176,maize
36.7226,53.7068,78.027,23.6231,73.7538,5.8791,76.2123,strawberry
50.2053,25.8786,108.9017,15.5693,78.7448,5.9275,101.5799,strawberry
128.3625,58.1819,44.4297,19.4517,61.0146,6.4035,95.4111,bell_pepper
15.8062,120.3402,156.2304,16.3118,63.5595,6.2151,100.1431,apple
48.655,101.5682,160.0923,21.5521,67.1101,5.9559,119.0842,apple
70.1803,61.425,98.7549,20.3059,63.4477,5.376,134.0651,potato
25.0442,122.0207,162.8067,17.0372,75.256,5.8221,91.6277,apple
115.3566,57.9491,92.6787,25.3973,48.4199,6.6686,130.8456,tomato
105.4503,53.1779,79.3433,29.7485,62.709,6.8596,127.3841,tomato
101.162,46.8954,69.8782,24.3214,57.9,5.7252,91.8594,peach
75.5758,54.8832,46.1388,26.7281,72.2533,6.6507,99.4066,maize
122.4933,63.7951,97.9376,20.9126,51.9585,6.1651,122.9271,tomato
70.7874,65.6141,86.0343,18.4919,64.4937,6.1009,28.3637,cherry
104.424,42.4877,49.0435,22.2824,48.5715,6.4801,87.4958,maize
91.0361,36.9715,33.3273,25.8189,72.6561,5.9952,128.5239,maize
27.3946,49.8093,66.9823,20.7761,68.8828,6.2339,75.8821,grapes
36.6115,124.6303,136.2718,14.5902,74.457,5.4376,101.7663,apple
5.0316,68.0581,56.669,24.3772,64.0126,6.5597,14.2765,grapes
63.4304,47.1537,87.0523,17.4576,74.719,5.9837,108.1867,potato
43.9823,54.8372,23.9912,25.1338,63.4726,6.423,74.3264,maize
102.6323,44.7421,58.0364,25.8694,86.2113,5.6314,91.0861,bell_pepper
17.2673,46.1197,52.5372,25.7565,45.6656,6.2492,58.7162,grapes
47.4908,118.9177,141.8196,17.8743,73.7942,6.1499,133.0586,apple
68.6127,38.955,58.3226,18.0062,55.1563,7.1893,94.6734,cherry
102.0173,43.911,78.9564,23.0536,71.9102,6.3887,84.7618,bell_pepper
90.7076,49.9397,66.2057,23.7639,71.4653,5.9743,97.5576,bell_pepper
138.8792,49.9043,73.3229,25.4897,92.1833,5.4623,80.4091,bell_pepper
43.8656,102.943,141.9982,17.6644,74.1719,6.8183,79.6463,apple
50.6725,32.7162,53.4905,15.8197,68.5796,5.8921,94.2552,strawberry
44.5901,120.8517,141.0071,18.0968,73.7588,6.1416,130.9764,apple
52.7499,62.6333,52.6002,31.3516,51.9964,7.0167,108.3185,maize
49.1097,53.6192,64.0506,16.7232,69.2834,6.0334,88.7326,cherry
90.6997,41.413,100.3679,19.5601,52.4913,6.1642,68.6484,potato
99.6936,50.6014,71.6782,23.6832,66.7126,5.1536,85.459,tomato
102.5774,53.1492,52.274,24.3902,69.4356,6.5599,45.4476,tomato
139.6052,25.844,71.3294,19.8471,96.192,5.7404,130.25,potato
47.9589,54.6482,69.3963,25.9291,54.7607,6.5435,61.2331,maize
15.0441,29.1852,53.0337,22.2998,48.6617,6.6446,74.1957,grapes
16.6995,122.8165,141.073,17.1062,79.8089,6.2938,135.1202,apple
63.1703,44.8001,49.7756,16.4306,56.0131,6.5694,90.36,cherry
91.94,44.604,30.3698,25.8812,65.2252,6.7283,131.3438,maize
113.2838,63.7234,89.3158,24.4842,67.7098,6.0509,123.2337,potato
7.1152,35.8651,53.5513,17.9497,71.6845,6.1781,52.5819,grapes
30.4677,120.9466,143.8421,19.1617,74.1736,5.573,51.5764,apple
106.6361,35.8784,96.105,20.9212,77.8384,6.0,118.9656,strawberry
50.1519,134.056,145.0787,19.0961,62.7258,5.7641,119.1655,apple
102.8989,35.7123,97.5188,27.9596,64.1265,5.8901,115.9065,tomato
65.9674,51.8402,126.6815,19.5344,75.7797,6.7307,109.6655,potato
11.616,109.368,162.901,19.3543,64.8374,6.4188,121.6221,apple
90.1664,55.9082,58.1152,24.5595,63.8278,7.0632,140.0884,maize
140.0,40.7255,95.5797,29.5002,85.5134,5.9431,123.4838,bell_pepper
131.789,42.5477,76.8046,23.7559,70.4583,5.6844,123.749,tomato
40.0265,46.7102,136.7933,15.295,72.3157,5.5996,18.3588,strawberry
55.9365,59.1892,48.7529,15.7939,69.2766,5.5189,81.8798,strawberry
58.2597,44.0431,109.5809,23.8051,46.8298,6.6357,67.2033,peach
85.8368,44.523,100.4006,17.8155,72.4742,5.9741,139.6926,bell_pepper
66.2944,39.9267,48.9132,17.4773,76.8604,5.553,73.1746,strawberry
129.7394,34.6297,91.2261,14.1876,67.3075,5.466,46.044,strawberry
140.0,52.1556,70.7989,28.4396,61.1318,6.2408,130.7629,tomato
80.2512,50.4224,34.448,15.9601,75.9335,6.3578,56.5736,cherry
42.6929,51.4512,58.5083,21.7448,48.4677,6.6628,46.1047,grapes
86.0796,49.6789,79.2034,27.5819,63.9029,6.3869,132.9342,tomato
125.1709,56.2532,88.1982,26.6788,80.1146,6.3208,100.1613,bell_pepper
89.6718,61.2526,101.5886,16.7423,66.9386,5.5195,107.52,potato
98.1891,32.1542,64.1257,14.0535,68.9561,6.6623,97.633,cherry
85.019,66.0949,36.8305,22.3268,78.7673,6.3056,132.9965,maize
90.6881,49.6803,40.1648,31.2408,76.5899,6.1656,94.7442,maize
90.6069,31.551,76.3591,22.1387,65.6119,5.8522,98.1803,peach
14.2385,46.8293,47.095,22.3625,59.4761,7.1621,57.6076,grapes
71.7752,43.0236,76.1247,18.0857,73.2546,6.0772,80.1129,strawberry
75.5805,43.0886,61.9523,26.9149,72.8349,6.2987,95.7081,maize
101.3997,50.8223,84.1905,14.2796,38.2997,6.7182,55.4982,cherry
8.3387,60.3905,56.9303,22.1266,44.5173,6.468,68.0084,grapes
107.0373,41.6594,106.3919,18.6948,73.9593,6.1069,94.6951,potato
13.127,42.7198,35.0848,23.6392,61.6709,6.1904,57.0622,grapes
140.0,74.0847,104.2164,32.9765,69.2416,5.568,93.3469,bell_pepper
111.7619,42.2489,124.0331,26.7275,88.9047,6.1114,55.5908,tomato
28.9927,50.6718,62.9532,24.9754,53.6838,6.0175,63.3707,grapes
19.1326,122.0771,154.4836,21.4117,61.7399,6.1009,82.9973,apple
88.9438,55.3867,42.5574,21.8627,62.3665,6.4034,104.5078,maize
118.1131,56.4346,98.0696,17.3354,65.7664,5.635,152.4327,potato
83.5315,20.845,35.4769,28.1016,58.9719,6.3785,69.42,peach
58.1608,44.0656,70.0972,15.1738,78.398,5.1738,124.1247,strawberry
120.062,63.5603,49.7406,19.0831,61.0827,6.1162,120.5093,bell_pepper
6.2054,112.4622,158.1042,17.5701,61.9356,5.9131,92.6102,apple
87.2355,43.6737,94.5709,25.8549,64.6318,6.0612,109.1273,bell_pepper
86.2528,51.0011,56.7199,19.5288,64.3351,6.8624,86.0304,cherry
112.785,61.5736,67.2611,25.3584,58.84,5.5892,111.6049,bell_pepper
92.7225,36.023,34.0066,26.8651,80.9865,6.6024,74.458,maize
75.5215,54.6538,105.4245,14.7696,71.8806,5.751,134.1695,strawberry
103.7949,34.1891,75.7696,18.5206,53.7703,6.7295,69.1328,peach
137.495,47.105,149.8014,16.7495,67.5228,5.5968,93.1611,potato
81.5613,36.8556,90.236,26.5561,64.5047,6.8222,61.0066,peach
60.6986,45.5345,100.632,18.9334,69.5875,6.5962,52.1302,cherry
33.3358,135.4983,155.68,17.3962,71.754,5.9753,129.8332,apple
97.9428,51.9731,97.9962,24.4409,65.912,5.4129,40.4493,peach
53.997,54.1407,45.03,21.0472,50.8869,6.2694,94.8082,peach
38.6552,130.2637,150.1045,17.3631,71.1638,5.7584,79.2446,apple
42.3479,35.1573,66.8112,21.9562,41.119,7.1431,15.8507,grapes
38.5606,138.1569,150.6372,14.0763,70.568,6.655,83.0638,apple
83.3364,50.0997,83.2636,20.4505,75.2622,5.9203,108.5234,strawberry
64.9712,55.1303,64.5679,25.8324,59.0123,6.0874,43.3226,grapes
107.4178,41.3272,96.5739,24.9742,73.8757,6.4052,60.6886,bell_pepper
75.1563,13.9364,104.2449,20.2193,64.1888,6.9411,121.3046,tomato
121.8678,46.0765,91.4051,15.7469,74.8063,6.0272,171.0739,potato
68.2902,69.979,95.2214,25.7663,51.194,5.4261,61.2887,tomato
96.1343,49.476,124.201,19.3715,65.0854,5.7531,133.751,potato
79.7438,48.9462,33.992,25.2692,77.9399,5.9002,67.4356,maize
73.74,41.1955,20.1464,27.7715,59.1182,6.0859,63.391,maize
110.0406,58.2767,125.4614,18.002,78.7317,5.8547,126.1351,potato
90.9065,52.4186,91.9119,22.9727,92.4361,6.0276,125.2085,tomato
121.7489,38.8474,80.8771,26.423,75.2257,6.7812,102.9142,bell_pepper
26.8268,123.0711,154.8143,24.4763,77.7156,6.0722,63.682,apple
109.5635,23.3234,113.6947,24.4486,59.7902,5.6245,105.8297,bell_pepper
70.1945,65.5989,91.1037,17.8601,64.4195,5.6668,101.162,strawberry
55.3723,68.1653,80.0748,14.1346,50.0509,6.3471,106.7559,cherry
73.9404,61.1233,101.3402,22.3515,72.3611,6.3441,65.3915,bell_pepper
102.7303,75.4056,94.0288,25.0012,77.2374,6.4666,170.5397,tomato
107.2803,48.3359,73.9014,23.5662,62.3869,6.3881,105.5317,peach
101.2906,69.5301,95.3304,20.8866,80.0256,5.9121,93.9579,tomato
86.116,45.7617,80.7528,16.0497,58.5385,5.535,121.6347,strawberry
75.6655,33.1966,94.1064,21.2981,67.9457,5.5462,58.8344,strawberry
46.1134,43.7905,72.2523,27.4956,52.0789,6.2196,127.3974,grapes
98.8659,39.0225,78.0295,17.7758,76.5174,5.5872,96.3235,strawberry
88.203,49.4967,47.1137,21.0133,65.6534,6.5392,131.2416,maize
130.5029,55.3857,99.92,30.1839,87.8781,6.374,118.1161,bell_pepper
19.1394,51.1424,79.4566,23.6531,54.9071,6.1231,90.0538,grapes
118.6247,59.3135,134.7474,11.6132,69.0486,6.1269,91.018,potato
98.932,61.0508,48.2129,26.2217,69.4889,6.7091,41.5778,maize
108.4961,65.2366,79.6172,22.1523,75.4903,7.053,96.5538,bell_pepper
60.314,76.3765,36.2387,24.0939,67.2707,6.6634,128.3247,grapes
76.4384,54.3945,80.6384,22.5832,68.4964,5.7745,78.2317,peach
5.5206,53.4719,70.4936,26.8722,49.8213,6.4914,83.5114,grapes
51.9912,126.2022,149.6947,19.1917,91.8659,5.8461,150.5467,apple
61.3071,25.2003,74.6069,19.2226,68.5975,5.4155,58.3511,strawberry
85.8433,70.5792,96.407,16.6983,81.6878,5.8958,77.9652,strawberry
105.1022,40.4909,95.3966,21.9578,74.6914,6.1565,75.3367,tomato
128.886,40.7769,86.2328,18.7008,77.1255,5.9398,117.0394,tomato
87.6793,49.7377,79.6749,22.7311,58.824,6.4204,27.8439,peach
35.6887,58.851,119.4334,21.7341,67.9875,6.2444,83.0284,strawberry
70.7245,12.2436,84.0395,14.6843,91.7322,5.3593,113.4899,strawberry
56.33,49.1088,118.9045,15.4798,74.6227,6.4328,76.9862,strawberry
53.8677,35.1875,63.0173,24.2634,53.5966,6.9147,53.1404,peach
73.0191,39.1206,53.7722,21.0491,38.3233,6.0721,87.1494,peach
74.7149,48.4396,56.7782,22.513,70.0909,5.0513,88.035,strawberry
67.2378,52.2857,107.1217,22.5579,72.509,5.8708,73.8505,cherry
7.4389,60.4247,42.0953,20.1779,57.8046,7.1973,42.3218,grapes
72.8189,65.8884,103.0959,18.0051,58.9574,5.0422,130.3347,strawberry
84.3588,53.7252,88.3466,25.9826,67.8913,6.3532,42.0697,cherry
129.141,32.4937,120.6735,17.5509,59.7235,6.0175,86.6555,potato
92.3798,52.6051,79.2791,19.1481,67.0295,6.5263,109.6435,bell_pepper
34.9208,51.1397,73.5099,26.4613,61.4536,6.4967,86.928,grapes
84.9563,44.0775,24.8165,25.4806,70.823,5.6663,145.8032,maize
72.6307,67.7864,72.1984,19.0553,66.0205,5.2474,68.1389,strawberry
67.9879,41.3923,88.4022,24.7862,66.7891,6.3006,60.4566,strawberry
108.8551,55.5287,126.3234,16.1029,63.9825,5.5388,119.5066,potato
12.1724,61.4773,52.1528,31.7115,59.9319,6.0128,88.0985,grapes
104.5174,71.7775,122.4344,26.7016,70.0286,6.0934,90.2583,tomato
95.7498,71.9157,111.5303,20.1037,69.0096,5.2485,86.7619,potato
73.1015,34.2753,58.8332,31.3183,68.2497,5.854,78.216,maize
64.4887,48.0324,66.1658,12.54,57.8846,6.3918,82.948,cherry
65.7419,25.0108,99.7838,19.8057,56.6698,6.802,54.2228,peach
64.2174,46.7954,91.1024,17.6156,65.1033,6.1485,43.0179,cherry
53.2674,46.3489,91.8742,11.1349,79.1935,6.2873,79.2565,potato
77.647,39.2509,85.3129,25.1913,69.7656,5.8113,44.2337,peach
121.8874,55.1858,108.6029,27.7822,67.6977,5.8571,105.1354,tomato
91.3673,30.7648,64.0376,20.1919,54.7066,6.3393,97.1495,peach
4.8516,40.1403,49.5407,25.631,48.4828,6.084,106.4703,grapes
96.9861,21.2,84.9016,17.8295,67.8585,6.9103,104.3609,tomato
58.5989,56.0059,81.6282,22.5539,69.7165,5.088,112.0982,tomato
140.0,58.1256,96.7139,31.857,66.5271,6.7142,93.6016,bell_pepper
99.1511,79.1152,38.6666,24.3627,60.8911,6.1863,158.937,maize
102.5158,42.203,139.5083,18.0793,69.6456,5.4587,133.4108,potato
4.2892,43.9958,48.0308,25.8833,78.5002,6.3693,31.1507,grapes
4.8135,51.1909,60.5135,23.2685,58.3416,6.4362,104.4052,grapes
79.4954,54.599,73.7018,13.8401,62.7584,6.5056,78.5859,cherry
90.9978,74.2939,42.3814,28.5231,57.9197,6.3553,127.4635,maize
101.8018,45.548,55.8197,19.8716,80.186,5.8873,116.364,cherry
58.5354,62.6862,82.7741,18.0013,63.1932,6.1219,97.9342,strawberry
4.9644,121.3125,142.7227,17.7641,65.3402,5.3872,161.4867,apple
115.1127,41.5414,119.1354,27.0181,69.9273,6.9391,80.0607,tomato
117.477,28.825,79.6909,29.6424,77.8346,6.1465,67.5673,tomato
86.2945,50.8304,47.235,26.6822,58.9113,6.1607,154.634,maize
14.5403,137.5582,153.579,17.9102,81.7799,6.7774,107.3112,apple
93.5812,39.3543,67.0739,20.956,62.5615,6.6123,95.6989,peach
64.9136,45.4731,41.348,26.3736,81.3473,6.5814,86.7618,maize
78.2041,60.3456,88.9833,16.0571,66.8517,6.0441,82.732,cherry
64.1492,43.2946,66.3306,22.5591,64.7186,6.6653,100.0883,peach
25.3959,138.7249,160.0296,19.6972,50.7706,5.6707,100.078,apple
114.0522,55.9717,93.1722,22.1057,64.5238,6.8458,110.7971,tomato
73.6101,33.3869,54.9971,21.6531,71.0241,6.547,92.5127,cherry
99.0152,32.6925,64.134,25.5971,68.0441,5.5893,79.4306,potato
99.1458,49.4687,92.1038,26.8395,81.1784,6.216,106.7159,bell_pepper
78.5718,27.7708,62.8197,21.1815,60.7432,6.9247,74.2756,cherry
62.9913,69.4971,85.2388,23.4987,74.2576,6.7966,101.6929,tomato
83.8085,67.8399,101.7645,25.6631,49.4569,6.1822,74.904,tomato
92.7718,47.4457,28.1719,19.3754,55.0534,6.4822,106.1925,peach
45.4662,117.1218,141.3378,16.5357,54.1753,5.9062,138.0773,apple
99.9579,61.5191,65.5713,27.4,74.0213,6.2214,78.1821,bell_pepper
115.2811,69.9144,93.322,17.2702,69.3925,6.6872,161.87,potato
90.8051,47.2542,96.9027,19.3636,65.5054,6.928,114.1023,bell_pepper
104.8116,28.1753,53.3902,23.0106,72.0094,5.8272,103.3041,maize
116.985,71.0247,120.5329,20.2519,77.2045,6.1771,92.0902,potato
113.6138,40.6658,56.4847,24.6449,72.036,6.7292,72.9188,cherry
58.4593,56.1044,61.4206,18.9418,66.8028,5.9633,109.4793,cherry
140.0,48.4714,74.4532,19.0303,55.3376,6.6026,120.112,tomato
26.979,47.3664,65.6429,27.1074,55.3181,6.2823,30.5621,grapes
62.9773,45.7715,92.4619,23.2153,82.3069,6.1067,65.2501,tomato
19.9165,53.7036,54.7205,21.2315,55.1767,6.2013,129.5876,grapes
91.4553,48.5381,98.516,21.7041,59.5009,6.4641,102.6378,peach
14.3131,47.1689,41.7854,27.1128,67.9002,6.2985,80.7329,grapes
104.0311,48.1902,106.3356,23.3795,77.9079,6.3349,108.7951,bell_pepper
85.9319,45.1732,27.0657,21.0506,79.1582,6.5048,58.2065,maize
130.3256,30.06,36.3361,18.7474,58.4671,6.0009,114.4418,bell_pepper
46.5224,56.3947,56.0865,20.3684,72.121,6.0546,57.3206,grapes
43.2901,103.7446,164.2979,17.0238,63.6451,6.1265,80.6403,apple
107.3789,54.4522,89.7737,20.8929,62.6532,5.7596,75.9726,potato
44.1778,142.3122,137.2324,16.1757,61.538,6.1931,155.1959,apple
74.495,62.3599,82.5563,21.4977,67.9133,6.0962,69.5094,peach
85.885,63.3231,72.7729,19.1165,51.3107,7.0265,109.8217,peach
32.1655,117.1969,156.67,19.9957,54.8894,5.7828,108.7752,apple
52.6943,39.9465,62.0845,21.4235,53.9549,5.9148,58.4548,grapes
5.3526,121.658,149.0554,17.7803,81.5692,6.4326,109.9857,apple
101.4234,41.1035,83.9349,15.0271,88.1713,5.3857,120.7591,strawberry
66.0697,43.8048,76.6893,18.3412,63.1392,5.7258,83.4485,strawberry
99.1435,59.7903,60.8818,19.105,61.1084,6.6299,90.3135,peach
92.7226,23.3238,35.5505,24.7857,76.246,6.3071,76.989,peach
73.3114,35.405,63.9724,21.8413,65.1852,6.5345,83.7333,peach
21.126,50.8685,75.855,23.7623,43.3196,6.5757,101.727,grapes
73.556,34.7644,53.069,16.9482,58.96,5.7996,31.8944,peach
120.7203,46.2529,87.2196,21.5656,65.3913,6.051,65.9874,bell_pepper
116.6563,46.8074,47.8486,20.5227,61.3362,6.1055,159.0921,maize
129.3667,65.9072,143.0263,16.0185,57.2902,5.3802,95.2928,potato
105.3034,46.7334,137.5579,21.5143,67.24,5.592,129.5841,potato
86.7027,51.0415,84.7508,23.3852,65.2548,7.1107,72.8774,peach
133.2699,54.3712,90.4611,31.1412,85.4322,6.3137,127.3934,bell_pepper
80.2527,41.1595,71.5078,28.3005,56.2401,6.3847,88.4217,bell_pepper
16.7916,131.2905,140.6248,17.449,74.0591,6.4499,132.9276,apple
117.3266,50.9121,87.9947,21.9488,54.306,5.6832,102.1005,tomato
69.546,61.6503,84.0083,23.3664,64.2673,5.3667,81.7029,bell_pepper
87.7041,27.6558,82.7321,19.0698,79.2156,6.8753,97.3391,bell_pepper
87.6044,42.7333,94.6715,18.5334,66.2384,5.7022,116.7553,strawberry
108.0782,53.5438,44.6738,17.6191,68.0456,6.6784,120.2689,cherry
94.9278,59.7501,93.3196,20.7531,78.8106,5.9459,165.3411,potato
41.8917,130.3217,137.5915,17.097,83.4219,5.7588,141.7689,apple
22.0027,118.7385,144.4654,16.3909,75.5323,6.1404,113.1696,apple
30.499,132.537,138.7156,16.92,52.8248,5.0556,132.7876,apple
90.7796,50.9366,55.2745,27.5693,71.9447,5.8222,80.4335,maize
29.5598,113.5586,136.273,13.3423,88.8299,5.7044,120.047,apple
21.9701,137.1731,158.182,13.5532,57.875,6.1965,99.9593,apple
71.0984,59.5221,25.6271,20.46,72.0862,7.0955,122.4662,maize
64.9565,44.5546,72.5969,16.4708,66.2403,6.5844,103.2872,cherry
13.0168,144.2995,146.5863,18.505,77.7456,5.9041,117.1699,apple
18.2449,121.6918,139.6949,20.1584,73.3698,6.2314,117.2101,apple
125.3631,42.176,75.7922,20.0656,54.2073,7.1699,104.8908,peach
113.6794,46.9135,102.7308,25.0946,67.316,6.1153,87.0181,peach
119.0064,50.9104,39.5288,12.5319,71.7797,6.2962,92.0692,cherry
73.8216,56.3912,67.5687,24.2616,52.3778,5.2599,76.1592,peach
5.2491,131.1734,137.9864,16.18,70.1027,6.6864,89.7113,apple
87.4026,50.5151,102.2821,23.9926,52.6299,5.7319,98.0038,peach
70.2777,42.0458,45.6885,16.4513,79.1555,5.4642,123.0874,strawberry
71.3535,65.4728,124.2787,21.3325,61.316,6.0884,114.3035,tomato
67.6732,54.9546,54.1474,22.4708,75.2027,6.0967,112.4102,strawberry
85.875,56.3025,52.345,28.019,76.7458,6.6954,71.6041,bell_pepper
78.3963,46.4295,77.8994,18.709,78.0065,6.8566,72.8363,cherry
88.3114,59.5505,100.8185,25.1656,62.8483,6.787,52.4921,tomato
73.4064,57.9317,100.5489,12.5818,63.1072,5.9409,149.807,potato
118.4225,37.2727,104.5148,23.0349,59.6318,6.6379,107.3453,tomato
72.2231,59.2515,95.6917,20.3201,53.8105,5.9107,77.4387,strawberry
76.9525,38.7363,70.0865,16.0988,65.7248,6.1662,81.0578,cherry
84.6768,58.1255,87.7525,12.6896,64.2962,6.5959,74.3884,cherry
102.0749,60.5954,97.3733,18.8531,66.0714,6.142,118.2287,bell_pepper
48.7426,47.3812,63.2098,25.5348,81.7888,6.9077,78.1455,peach
41.3431,35.4638,93.1754,15.794,89.154,5.9307,105.3111,strawberry
77.0682,66.0951,82.7543,15.8901,84.659,5.957,67.9685,potato
132.5993,64.9938,114.2092,26.3046,63.7884,5.5595,72.1999,tomato
75.2312,30.5135,51.1201,19.4179,59.1353,6.7893,70.5397,peach
47.4331,43.4407,101.0294,18.8184,71.8955,6.0252,55.516,peach
34.0848,125.2098,143.6146,17.1407,68.8316,6.4616,120.7123,apple
74.1891,40.0224,42.1686,27.0042,84.8877,5.7675,113.342,maize
84.8005,48.1435,80.1835,22.1118,86.0802,6.3064,84.3576,cherry
103.7621,48.8252,102.2388,22.4965,78.315,7.0613,82.576,bell_pepper
21.6408,62.1071,42.4664,29.3026,46.0527,6.7611,120.4749,grapes
63.6965,63.2824,81.1284,16.8707,79.0715,5.5341,73.8164,strawberry
98.459,59.7921,87.6526,21.4047,62.1719,6.8108,61.8869,bell_pepper
74.9993,53.8244,40.4296,15.242,60.3457,6.8191,44.5728,maize
139.2598,51.6426,93.6645,25.9819,64.96,5.783,69.1435,tomato
50.2487,40.9471,48.5615,21.7582,48.3289,6.2613,40.2737,grapes
19.7013,130.166,149.8374,11.5542,74.4411,6.3402,152.918,apple
88.8435,31.1468,71.5992,19.9443,67.3133,5.3693,75.8891,cherry
140.0,30.8571,82.2749,20.5819,71.5233,6.0858,96.9348,potato
100.2184,54.2973,89.0818,19.4014,59.1684,6.8925,93.3271,cherry
12.1864,119.8352,142.4595,15.3706,70.5706,6.416,120.9858,apple
100.8586,29.476,102.7325,26.8493,84.9358,5.2359,99.6434,strawberry
45.8962,58.7125,81.6053,18.7533,43.5827,6.9825,73.2702,cherry
22.1205,49.4099,65.3344,28.1082,69.7148,6.7963,132.3119,grapes
48.6583,62.2095,88.7383,15.3691,83.3299,5.9349,61.037,strawberry
102.9137,36.4177,68.7274,21.3011,66.8559,5.645,127.0843,potato
67.5507,44.3939,44.4924,13.8838,76.5458,5.7014,71.0528,cherry
96.9226,66.2614,121.4083,17.4691,71.9816,6.3582,128.8545,potato
88.3374,54.2297,45.1083,24.0026,58.7878,6.3146,66.6716,peach
54.9755,37.6994,81.8558,27.9858,45.161,6.6346,84.2165,peach
130.3494,61.343,79.775,19.2779,63.5317,6.4505,91.1037,bell_pepper
111.052,65.8934,83.0018,23.1894,64.124,6.5162,109.6522,tomato
69.8093,47.9102,84.5945,20.6933,76.9445,5.9868,120.5594,strawberry
78.9532,61.1664,73.0655,15.7618,52.3368,6.3622,81.456,peach
122.5995,79.841,57.5897,23.9838,59.5298,6.521,139.2835,tomato
26.6012,44.4018,41.6871,24.8032,61.846,6.5072,69.4859,grapes
85.802,36.7564,36.3268,23.1926,58.2689,5.9561,52.9819,maize
71.4026,60.3291,81.3784,14.7198,75.7771,5.5361,127.6236,potato
62.721,51.0491,100.6178,20.3553,59.671,5.6395,53.546,potato
62.811,50.2815,131.7843,23.8161,88.5669,6.6089,82.927,tomato
15.7732,134.9872,144.6023,20.3341,74.6322,5.9732,141.701,apple
89.5657,67.7096,49.024,21.8486,68.4904,7.395,84.4728,bell_pepper
67.4061,56.599,57.3183,15.0576,59.2489,5.9327,73.6865,cherry
128.2107,47.4575,126.589,15.4962,84.069,5.4662,99.958,potato
28.3734,35.0201,58.6411,23.8776,64.3965,6.5896,104.3716,grapes
57.1783,64.5978,84.9971,19.1109,87.2729,6.0261,53.9298,peach
28.3734,31.4868,39.5452,24.5364,49.2441,6.1588,54.7656,grapes
89.2775,70.0287,121.8633,22.2711,67.7626,5.455,86.0766,potato
98.2681,53.2668,67.2108,19.3341,58.5292,6.854,67.255,cherry
9.5479,129.423,158.229,12.7279,40.7247,5.9658,85.4603,apple
114.386,71.0171,79.117,20.1713,62.256,5.9149,72.1893,peach
106.3329,50.8759,84.8262,21.899,52.0157,5.9682,81.5002,bell_pepper
70.834,36.9862,59.3046,16.1846,67.7781,6.1226,72.2843,cherry
18.687,72.4046,65.1319,22.7008,45.2327,6.443,115.8502,grapes
95.654,36.999,97.9402,18.466,65.1993,5.8196,90.0754,potato
68.1346,43.4424,98.2862,13.9664,70.1675,5.8129,109.227,potato
107.811,71.8998,86.212,22.6138,76.2719,6.8289,137.7047,tomato
94.8532,54.5885,54.7269,19.92,64.6483,6.6857,70.2888,tomato
30.8064,49.669,57.4935,28.2537,47.9262,6.2276,13.7981,grapes
97.9561,32.3266,30.0302,19.0639,72.3496,6.5454,124.6358,maize
86.912,43.542,48.7269,20.9456,63.1236,6.6157,151.5211,tomato
107.4583,47.2907,85.6294,23.1577,58.6282,5.6283,69.2379,bell_pepper
94.0432,62.921,67.7329,20.796,76.9865,6.5729,121.6887,bell_pepper
30.2614,121.7459,161.5845,20.1215,70.8211,5.9563,53.4085,apple
78.578,72.8444,101.9908,14.5534,69.3882,5.343,124.1514,potato
84.526,53.4675,84.1693,16.7055,82.3965,4.8082,88.9961,potato
68.5664,46.952,70.2524,21.3593,75.8356,6.4939,85.8372,grapes
124.9598,57.8571,87.4062,25.1256,80.8558,6.9372,129.1324,bell_pepper
120.4869,38.1231,93.2342,23.4647,75.8495,6.6384,96.4107,tomato
76.0746,31.657,46.8631,21.7189,60.615,5.6521,64.4594,peach
63.6274,45.9862,70.1157,18.2215,52.7824,6.5462,77.0919,cherry
124.8102,62.5746,107.5334,25.5011,53.9987,6.9527,82.8894,tomato
75.4776,24.5474,71.5679,17.5493,70.9855,6.0546,88.5646,cherry
68.774,38.0437,60.983,12.0099,60.8569,5.8022,66.5457,cherry
139.2788,47.1442,107.51,26.7086,62.6976,7.2183,61.1974,bell_pepper
85.7254,4.9686,115.8159,18.3875,74.1778,5.4995,133.7729,potato
73.3487,44.7544,86.8423,21.0013,58.9251,6.722,70.2029,peach
23.7826,126.8648,144.7247,18.8211,63.5568,6.3028,121.1256,apple
20.8824,138.5199,166.0399,16.6604,76.4566,6.8473,78.0662,apple
48.4976,38.3429,51.0606,22.0314,56.8585,6.9379,154.7148,maize
128.9952,53.5371,74.2069,27.2687,70.8836,5.6411,78.7233,bell_pepper
44.9959,116.0978,149.7678,15.9549,63.1737,5.7867,88.9451,apple
96.0907,34.2073,96.4656,17.6034,65.2587,5.9641,117.822,strawberry
77.0431,57.2229,62.3921,19.1867,74.2368,6.342,63.7692,cherry
98.4283,48.4067,86.2273,11.8116,77.735,6.1919,72.7891,strawberry
67.9546,51.4681,60.6251,24.9839,68.1354,5.4204,88.2146,cherry
88.0272,62.5895,65.825,33.7424,65.6569,6.2498,119.427,bell_pepper
36.1227,37.6184,61.9057,15.5997,77.3569,5.7005,65.3098,strawberry
30.3511,135.1467,159.8625,24.0116,64.9274,6.1534,91.5923,apple
84.4127,36.017,76.4614,17.7557,72.8617,7.0753,76.7165,cherry
93.8343,61.4639,57.069,21.7788,70.5283,6.6036,98.0593,tomato
17.4111,53.8217,64.3632,27.6991,48.962,6.4546,32.1098,grapes
68.3249,107.095,167.8607,17.9065,68.5968,6.2423,82.2283,apple
82.8599,61.1389,90.3724,19.6316,93.1373,6.1947,147.4889,potato
75.0395,54.3005,45.7112,26.7979,71.3907,6.5909,102.3688,maize
111.095,68.0882,98.0832,28.0622,91.0878,6.5728,84.3738,tomato
93.8251,54.8371,82.2788,22.448,55.7669,6.312,77.8919,peach
11.9492,36.0828,38.5822,25.344,66.8341,6.5209,52.1915,grapes
52.8394,32.2127,52.0889,15.8752,54.3372,5.6402,14.2293,cherry
75.5052,36.7828,132.287,15.1859,65.1149,5.8817,107.8757,potato
93.1669,59.7855,32.3385,21.2644,69.0291,6.3445,40.3574,maize
72.8861,28.0422,122.4433,16.92,69.7251,6.1078,93.6427,strawberry
105.2594,36.1434,49.6537,26.8345,68.336,6.8314,111.1889,maize
92.6053,49.3706,29.4722,26.2016,64.1683,6.8437,82.1917,maize
20.058,52.7578,78.8957,23.967,55.5743,6.1517,92.36,grapes
113.8636,48.8863,55.4966,20.7927,56.9202,5.89,113.8874,maize
109.8268,56.1585,94.9741,22.8277,34.8521,6.0909,88.557,tomato
57.1811,28.9567,76.9374,19.7688,82.4775,5.8051,43.0324,cherry
104.0987,32.3917,52.7198,21.9351,68.0986,6.1863,54.5678,cherry
52.051,64.3919,60.0753,12.8673,81.8835,5.6869,72.7788,strawberry
26.8075,137.5551,142.3425,19.8233,67.7046,6.1856,151.1919,apple
99.8445,36.6588,101.4975,18.9936,74.3963,6.1808,68.9655,strawberry
5.6826,67.7939,53.4111,20.0582,36.3827,6.2145,45.1014,grapes
55.7719,65.7072,78.651,20.1023,52.3901,6.3893,107.6247,cherry
120.2261,32.7828,90.345,19.8821,63.6044,5.5536,88.785,potato
58.6419,68.8943,72.8471,21.3366,62.4621,6.4023,113.5708,cherry
101.8233,25.009,33.8704,22.5631,81.3498,6.7731,83.1425,maize
92.294,46.4014,120.4654,24.6841,47.8682,6.1522,113.994,peach
58.4345,45.2947,85.2947,15.9976,47.8482,6.441,66.3313,cherry
41.4765,39.7444,52.0208,14.8882,58.5351,6.3789,92.5113,cherry
102.0358,52.5324,65.2659,21.5787,83.3768,6.4724,85.252,bell_pepper
56.6223,54.1254,118.4551,19.8988,81.3746,5.706,163.4679,potato
117.7954,73.9629,95.6825,21.4968,74.398,6.1266,92.0496,tomato
77.8679,44.7574,55.821,25.8714,84.6067,6.4537,90.2245,maize
116.9117,38.2381,87.1903,26.0719,40.404,5.9819,91.09,bell_pepper
10.6308,79.5776,46.2048,29.7461,45.035,6.3697,89.792,grapes
77.7874,33.1936,125.0205,14.1047,83.8117,5.7003,154.9525,potato
48.1174,47.1912,42.7516,17.4579,71.1385,6.7817,79.522,grapes
6.3014,61.1691,69.117,23.5971,62.8106,5.6689,50.902,grapes
74.6693,21.322,92.4108,12.9127,70.8471,6.9665,73.8811,cherry
95.0332,45.7477,36.9144,24.6728,60.1504,5.5158,139.4912,maize
33.7963,108.4915,153.6386,16.2079,70.1208,5.948,95.8592,apple
107.7416,49.685,76.8918,30.3084,74.3127,5.7039,61.5918,tomato
75.7512,43.9383,30.787,18.801,47.4914,7.1226,98.9324,peach
99.9847,65.011,60.7141,21.4332,52.1125,6.0459,88.636,bell_pepper
59.6246,81.0311,153.8226,20.0213,75.3146,6.0234,114.1881,potato
133.0602,58.871,92.1478,20.8757,59.6567,6.9716,109.3401,bell_pepper
122.209,88.8679,66.8495,23.4466,74.7128,6.5606,86.1647,bell_pepper
72.2673,63.3697,70.7007,15.5736,55.4715,5.7297,76.5734,cherry
19.7834,53.2874,54.4404,22.6857,45.4617,6.6786,106.2774,grapes
36.7368,36.2088,57.079,25.8396,79.7359,6.8669,57.6064,cherry
54.0515,70.3865,54.6534,26.487,54.0617,6.0968,29.218,grapes
81.1628,64.7793,101.4202,25.233,76.6506,6.4274,83.3702,bell_pepper
105.4902,47.2706,119.0762,25.3712,75.643,6.2116,134.4994,tomato
63.1889,52.2579,53.1361,14.98,83.7314,6.0245,72.6992,strawberry
128.7579,64.1049,95.8337,23.855,69.2327,6.6569,94.4117,tomato
65.8654,43.4651,94.5039,14.915,72.1463,5.1865,91.1354,strawberry
77.9626,49.8887,42.6729,19.1035,77.8743,6.2193,126.0491,cherry
51.6582,37.1375,84.8175,19.6906,74.5748,6.0982,58.6899,peach
25.855,141.0722,142.0898,16.4256,72.7406,5.384,106.9278,apple
140.0,52.0985,45.1443,30.1303,56.6432,6.111,100.6698,bell_pepper
55.9321,63.2465,66.4236,23.8049,42.4482,6.4208,100.9023,peach
108.588,44.6155,71.8568,25.0389,71.9186,7.4664,144.2249,tomato
5.2034,126.9754,140.4505,22.2408,70.1224,6.0714,130.8544,apple
58.719,39.1989,50.8081,19.6072,59.5928,6.5915,58.6014,cherry
19.4281,50.2174,58.9612,24.8665,64.3465,6.2698,116.8561,grapes
14.6057,121.6704,159.014,23.5423,78.0063,4.8206,88.5216,apple
26.3182,42.5613,69.8139,24.8143,47.0077,6.7514,14.2339,grapes
15.0898,66.2117,66.3133,23.4986,45.8942,6.2729,67.2135,grapes
131.1493,21.6425,74.7276,21.1083,51.1109,6.5195,101.7564,peach
123.7983,54.1177,83.5772,14.5236,83.9131,4.9815,118.9362,potato
68.8971,51.9588,51.0974,22.9913,45.9965,6.5185,54.3088,grapes
103.1807,55.4939,114.1911,20.6678,63.2344,6.3211,111.468,bell_pepper
16.4376,132.3768,152.2871,17.2388,75.4712,5.1528,78.0596,apple
27.6478,24.555,52.1688,23.4481,45.4166,6.1364,110.0652,grapes
78.2419,51.0245,60.6585,19.9059,77.9366,5.4542,91.2869,strawberry
139.8786,66.8757,87.5176,22.8137,56.8542,6.4751,88.2068,tomato
123.7848,56.1253,93.9924,19.6964,59.9012,6.5647,115.9618,tomato
139.3979,62.876,98.1786,23.1921,78.5219,6.7593,119.0804,bell_pepper
27.3067,51.0109,65.6765,20.9837,67.5977,6.2683,74.3754,grapes
26.2909,122.0996,147.4664,18.0779,53.9881,6.4103,128.1311,apple
91.1234,44.4288,48.5647,26.7098,61.5749,6.5227,149.2253,maize
6.2873,138.9739,147.8156,22.0474,56.8152,6.1907,65.5065,apple
60.7893,24.2982,107.4558,17.4648,62.8051,6.6745,67.6933,peach
140.0,88.865,115.3096,30.0997,80.9001,6.887,121.0952,tomato
74.6585,46.5723,64.7167,16.3278,54.9142,6.1944,125.8162,cherry
51.1729,56.9539,73.0575,20.1738,67.2128,6.665,83.1668,cherry
21.3902,29.9239,70.0928,13.9705,54.5418,6.4202,14.6205,grapes
83.808,41.6586,38.7196,29.0065,56.3791,6.0439,162.3307,maize
113.9628,76.1301,123.0678,24.6984,67.5707,6.3454,86.3819,tomato
11.1734,51.698,56.7523,27.8058,62.5752,6.0428,89.427,grapes
102.3406,35.6144,114.706,18.8192,52.8621,6.2538,107.5439,peach
93.203,39.0118,34.3161,27.0408,75.7602,7.0232,168.6511,maize
128.0476,51.5739,65.5843,31.2053,54.8748,6.5219,122.7146,tomato
119.5421,41.4234,110.0474,23.6754,59.3077,6.9038,84.9481,tomato
99.8998,33.3555,46.3218,25.5578,65.0796,5.741,113.3765,bell_pepper
82.5747,48.5886,41.4299,24.1654,52.2594,6.0411,99.054,maize
92.2197,61.5,57.1039,29.4996,77.2502,5.7053,137.5159,bell_pepper
85.932,64.8843,79.6459,17.3608,53.643,6.5253,68.4447,peach
82.5357,61.0799,68.4743,18.9036,61.7149,6.374,91.9034,cherry
81.7248,52.1133,100.266,19.3199,69.0847,6.6518,55.9206,potato
60.4001,50.1383,66.3949,14.1933,82.9248,5.548,66.0962,strawberry
48.5129,133.1993,146.3112,19.139,63.5124,5.7748,118.6135,apple
113.9627,76.4822,98.011,16.3862,78.4432,6.6833,115.8978,potato
133.3818,56.626,80.517,24.9506,55.8219,6.959,125.6072,tomato
90.1124,52.7093,99.1477,29.8245,77.6708,7.7069,69.9203,bell_pepper
65.6216,44.8128,100.9901,17.9364,85.6846,5.942,60.2399,strawberry
81.5005,56.8837,61.2566,21.8212,57.4382,6.2042,71.8921,peach
122.2026,58.6871,109.4065,18.4104,70.954,5.3923,100.3403,strawberry
71.672,51.3206,67.8438,20.1651,68.4027,5.8371,111.3981,strawberry
109.9291,56.7937,95.2397,17.5575,72.035,5.1845,121.2876,potato
103.9994,50.0022,83.095,28.6779,59.9187,6.3063,105.4472,tomato
101.4393,55.5609,110.2139,16.1985,79.2246,5.9475,40.9039,potato
90.1938,79.3809,115.2968,25.7997,52.2791,6.6915,71.5575,tomato
9.6968,81.0048,45.7102,30.1259,44.8134,6.4241,89.222,grapes
112.3189,60.2297,91.8617,14.7053,70.3685,5.1974,145.5699,potato
118.7959,40.237,45.669,33.4402,72.4659,6.3764,96.157,bell_pepper
63.7087,54.2052,87.605,16.7875,67.2012,5.8714,31.323,strawberry
110.2438,36.6507,76.4835,21.376,74.5525,5.7765,108.9444,peach
112.3413,61.808,33.8598,22.6805,81.6219,6.4986,95.6526,maize
140.0,62.9969,70.9251,17.1143,47.2922,6.8264,86.4102,bell_pepper
65.2742,45.4548,117.8399,21.8867,69.8801,5.8275,89.4366,strawberry
119.1256,61.5261,49.6976,27.0715,62.123,7.0998,146.6284,bell_pepper
25.1329,28.8312,40.3076,24.4826,49.3259,6.1638,54.9414,grapes
76.7084,50.9057,110.4747,23.6862,83.8185,5.7612,91.4209,potato
98.9362,52.7133,77.6076,18.1689,54.0251,6.322,81.4001,peach
28.606,116.4247,153.8031,14.7416,59.7735,6.3359,151.2978,apple
128.2088,76.9725,107.062,23.5991,70.8106,5.4554,29.5773,bell_pepper
77.9204,40.962,50.4995,21.2671,86.3988,5.6721,99.043,strawberry
103.2377,57.992,60.1182,23.3146,79.0331,6.5299,41.7402,bell_pepper
105.4266,75.2493,125.1083,24.1845,64.3284,6.6663,133.2591,tomato
23.3125,108.7014,143.656,19.864,81.3516,5.4902,192.2074,apple
48.4463,130.4629,151.0862,16.2305,85.3336,5.6935,119.9958,apple
128.8878,33.456,123.1028,18.8565,96.4808,5.4881,143.0735,potato
107.1778,53.2324,72.7413,23.9168,74.3476,6.2849,51.8984,bell_pepper
129.7021,40.565,85.6202,24.8028,74.1435,6.2733,124.4555,bell_pepper
52.3332,114.4507,136.895,13.7334,75.5832,5.694,130.7074,apple
66.9238,33.5184,148.0277,24.7024,65.4498,6.3034,101.1515,potato
140.0,25.198,98.7464,27.0192,72.7026,6.6935,65.2908,tomato
92.9645,50.135,86.8126,20.1526,58.8061,5.171,82.4875,strawberry
71.5314,18.5663,37.1743,25.616,66.5327,6.5391,153.5766,maize
71.2007,59.8511,98.7874,20.5896,77.13,5.7848,145.7742,strawberry
131.6654,39.583,79.1058,30.0422,71.6394,6.3414,70.7321,tomato
104.6674,47.9937,94.3959,23.5025,85.3997,6.4375,114.6259,tomato
124.968,57.2732,51.0838,23.1341,71.7423,6.1837,122.6652,bell_pepper
45.8728,44.3582,100.2868,20.2197,74.7031,6.0496,71.6455,strawberry
44.7736,53.932,67.7319,19.1451,58.8721,5.7012,81.2796,strawberry
89.4317,45.7331,32.7181,19.5384,66.8912,7.0605,111.2085,maize
58.3696,48.9248,106.9261,19.6623,73.9521,6.2321,81.4236,strawberry
103.9844,13.5665,76.5166,19.3616,59.3609,6.97,105.2121,tomato
45.0078,35.8336,48.1962,17.6258,69.508,6.2656,44.0394,cherry
101.2912,40.9667,94.0387,16.4889,64.3843,5.9764,78.5047,bell_pepper
43.096,124.4343,159.634,17.6911,64.2717,5.323,126.0911,apple
70.3166,49.048,70.538,16.1723,58.7288,6.0468,98.3108,peach
117.9493,75.5714,106.9464,20.6916,70.6504,5.6744,109.4033,potato
94.7363,48.8055,50.7193,24.0052,93.6241,6.4638,113.4054,maize
6.9796,131.2066,139.9314,16.0356,69.8113,6.7309,91.922,apple
21.0534,111.3885,132.3578,14.0844,65.0383,6.2905,88.1306,apple
38.3551,67.4163,54.6628,19.599,62.7778,6.6649,91.6772,grapes
71.3288,59.3868,54.8761,25.8768,55.9613,6.9603,147.7686,maize
78.6315,57.7192,87.0116,22.308,56.9437,6.7305,76.2194,tomato
58.1601,66.7615,59.4578,21.452,40.0147,5.8869,86.6879,peach
89.3608,37.0227,40.126,21.922,70.2339,6.1093,142.5426,maize
70.5634,61.0101,69.3204,15.2471,66.9655,6.3766,98.2384,cherry
7.5501,120.3294,150.6555,13.1495,70.4281,5.9034,149.8464,apple
116.8398,65.6119,96.9084,26.718,61.5753,6.3184,37.8003,tomato
20.9793,107.6363,155.9019,18.9449,68.3737,6.9677,122.9051,apple
46.6728,61.7107,39.9045,22.7149,60.6357,6.6119,71.0681,maize
96.4386,67.5027,74.2579,19.8296,77.2257,5.5406,123.9992,bell_pepper
110.845,44.6641,52.3378,23.7644,50.6834,6.3439,84.0335,peach
89.7332,71.7122,72.0314,25.8959,54.628,6.4838,89.7216,bell_pepper
55.6494,66.9364,42.0394,22.1621,62.1926,5.8237,154.2636,maize
30.6545,58.2981,50.0765,24.9126,66.3529,6.15,110.6143,grapes
44.593,37.6012,89.043,24.2137,76.3496,5.4533,71.2955,bell_pepper
82.7879,50.3819,55.5174,26.061,51.6741,6.261,60.0527,peach
76.8062,55.6661,102.905,20.2316,62.3864,6.3783,70.0492,strawberry
95.4703,30.1338,85.648,27.069,55.335,6.2092,77.0965,peach
80.985,60.7409,56.1373,15.8041,43.4799,5.9916,99.4559,cherry
63.8382,34.968,49.3382,18.826,42.6211,6.3153,64.6762,cherry
81.4382,46.5942,74.8439,25.3161,58.3962,5.595,66.5792,peach
59.0224,33.191,73.4032,21.3027,63.0524,6.6603,59.7042,cherry
110.6513,68.4293,46.0926,23.031,87.6367,6.2717,86.4314,maize
65.0388,52.5233,49.005,21.1131,70.8215,6.5212,105.7902,peach
22.6033,66.0466,64.7042,23.142,51.5516,6.7067,116.356,grapes
64.9822,30.9726,121.5821,16.9337,95.0079,6.4021,76.0133,strawberry
73.1992,49.534,71.8939,12.9398,55.0276,6.395,122.1603,cherry
102.7762,31.1192,66.5609,21.8627,54.8304,6.7086,69.9757,peach
23.9757,48.9979,38.4568,20.3993,63.1224,6.8682,58.3755,grapes
62.715,39.7215,114.6999,17.5885,82.9601,6.1295,119.5524,potato
131.2217,49.0507,72.3896,22.4031,62.489,6.2599,120.7298,bell_pepper
101.4379,50.026,93.9248,17.4761,66.686,6.3989,47.9879,potato
103.7589,64.4628,95.7262,19.6301,70.623,5.9017,47.6494,cherry
28.3234,139.849,140.8944,18.242,73.3616,6.2764,150.9152,apple
41.3171,52.5092,55.0254,13.7039,54.8849,6.1473,120.2018,cherry
73.6353,54.1644,82.8061,17.3795,52.6502,5.8776,108.9394,peach
131.5196,46.5297,80.5849,34.125,69.6472,5.6273,110.4362,bell_pepper
90.3918,35.3779,104.0452,24.6975,64.8829,6.4826,125.7938,tomato
17.4487,107.4285,155.0819,18.4268,65.0967,6.4311,96.2034,apple
97.2864,37.8601,72.5247,12.9622,68.2465,6.0254,87.8265,strawberry
71.664,39.8629,72.3342,26.0968,69.1639,7.0578,70.5542,peach
74.327,47.6221,84.7822,21.5919,60.7902,6.0162,49.7645,potato
20.9267,30.9429,69.7295,13.8767,54.4457,6.42,12.8126,grapes
93.7459,36.755,84.0495,27.2466,75.4158,6.9583,72.7181,tomato
115.7081,45.1558,123.1456,18.7502,74.1389,6.0749,65.4864,potato
140.0,68.4977,41.8435,28.1661,63.1982,5.9911,116.2052,bell_pepper
89.6068,20.8192,89.2761,12.6118,74.2163,5.6963,105.9352,potato
118.3758,49.817,20.0127,23.814,89.6315,6.8102,74.591,maize
140.0,53.2389,77.0102,20.729,68.2011,6.3784,97.7401,tomato
136.0536,21.2422,106.186,22.6113,78.4873,6.6228,101.916,bell_pepper
98.7198,63.5369,133.8165,19.0163,83.5932,5.65,129.5764,potato
128.0888,51.1145,116.6589,17.5117,80.8488,5.4396,138.5425,potato
95.2128,40.3348,110.3366,25.909,68.9543,6.6079,90.5583,tomato
85.1822,5.5124,74.593,23.8343,78.9198,5.8399,89.7227,potato
13.0474,39.1942,86.955,16.2235,64.6174,6.8153,83.4548,peach
106.9888,48.632,94.8519,24.9,78.9587,5.9991,66.2087,bell_pepper
51.0435,46.3315,104.0011,18.0233,74.6339,6.0855,75.589,strawberry
113.1352,58.5749,81.1249,28.093,68.8767,6.9665,85.1526,tomato
78.8186,35.3925,69.1825,15.9887,60.7797,7.6343,102.0111,cherry
76.8101,32.2607,94.3509,28.1628,60.2602,5.3458,114.1515,cherry
115.0017,51.3661,47.2735,27.1151,68.9871,6.0171,19.6857,maize
105.3303,60.6299,60.7082,23.5011,96.9872,5.3741,99.845,bell_pepper
128.9197,43.0519,67.3609,31.5063,78.4915,5.2301,126.8106,bell_pepper
84.7171,40.4135,91.1652,20.8349,73.7717,6.6383,77.1983,cherry
13.1166,62.2163,45.1616,20.558,70.5761,5.495,114.6267,strawberry
140.0,18.8724,120.7267,14.5647,81.9501,5.203,70.3631,potato
73.8934,31.9601,87.5495,21.2517,80.1333,5.9791,94.8823,strawberry
106.8805,69.0435,90.1143,19.8077,64.4279,6.0919,93.3101,bell_pepper
35.2577,51.868,54.4429,23.5888,68.9558,7.1787,112.4159,grapes
5.7949,123.5055,154.8499,15.4852,60.0639,5.8199,130.6477,apple
105.6018,61.8494,103.9057,18.5478,58.5613,6.7928,73.1573,peach
103.0285,49.7811,90.502,25.5794,59.0371,6.9552,116.2917,tomato
140.0,46.5621,82.2949,27.284,82.0807,6.3759,60.9729,tomato
89.3384,33.631,39.0004,22.1531,69.23,6.7862,138.3097,maize
105.0341,43.9631,100.9906,22.4406,88.1773,6.9253,75.9299,peach
67.5025,36.18,47.9006,18.9399,72.2496,5.8487,97.3187,strawberry
57.2559,44.1442,110.3538,16.6406,82.765,6.1772,137.2696,strawberry
20.3745,36.5837,48.7935,25.4167,61.5422,6.2339,38.904,grapes
105.5009,70.4107,96.9615,23.4093,62.7799,5.6734,94.717,bell_pepper
64.107,53.3111,63.7744,21.5667,49.5927,6.545,83.2678,cherry
91.0055,55.4631,118.6339,17.4888,77.8081,5.5786,160.0004,potato
140.0,49.6795,82.5901,25.944,64.5146,6.5273,85.1779,tomato
20.7744,137.0712,134.0429,17.1791,64.6245,6.0756,127.1682,apple
69.5925,35.0001,85.6904,25.4968,62.3085,6.3784,79.6241,peach
10.536,129.903,151.9419,23.0255,78.1565,5.5972,92.2334,apple
106.8921,53.3344,71.6352,14.4619,68.2822,5.621,124.7851,bell_pepper
67.0313,55.2622,72.444,22.6046,63.6717,6.5224,73.2839,cherry
73.6878,34.9832,91.7936,24.0739,50.5605,6.7901,86.8272,peach
108.1607,46.6418,88.181,21.176,48.7546,6.4046,62.4511,peach
47.7489,55.721,54.3053,20.2606,72.1875,6.1618,54.2911,grapes
61.6144,42.4676,49.7945,19.5523,92.7825,5.1972,93.1177,strawberry
121.7439,51.0587,74.6557,25.497,64.981,6.6377,48.6732,peach
95.1083,45.7138,67.3305,15.9376,54.6602,7.4763,39.401,peach
107.1408,50.4543,99.7626,22.1503,62.6724,5.5671,131.1568,bell_pepper
94.9988,57.4406,118.8778,19.6282,70.1275,5.5777,126.551,potato
82.8932,53.7789,78.3528,28.464,70.2265,6.2637,95.2143,bell_pepper
27.0148,113.084,144.9841,17.0662,77.3379,6.0784,102.632,apple
135.4578,39.5867,94.1464,23.5836,55.8735,6.0375,120.5475,tomato
28.7093,140.5097,156.2104,22.7137,62.6547,5.9037,111.3393,apple
5.6429,66.9831,54.818,23.1222,60.5474,6.1027,44.8887,grapes
61.1096,53.5627,118.5375,20.575,79.9213,5.9559,95.7323,potato
99.1923,60.5766,47.2356,25.8637,69.4773,6.7445,41.7234,maize
75.1969,53.8379,40.1717,15.1299,60.4549,6.8206,45.5401,maize
85.6396,73.2777,79.0819,27.0336,54.727,5.9456,91.3363,bell_pepper
5.524,122.0874,142.2264,17.8628,65.7549,5.3211,159.4712,apple
93.8972,39.4757,87.5806,19.7434,80.0652,5.6767,93.7324,strawberry
85.1281,58.7685,45.7987,21.0272,70.8786,6.3877,98.9952,tomato
51.8536,42.9884,82.1575,15.2476,65.0125,7.0793,99.4657,cherry
96.2237,52.0988,113.5865,24.0833,67.3339,5.4419,114.998,potato
43.5288,48.6405,63.6512,23.5523,33.7982,6.0543,76.2487,grapes
58.7224,55.0252,74.2479,17.0328,65.7869,5.8951,85.5734,strawberry
96.7024,51.1973,111.4614,18.4166,65.0478,5.5231,121.3115,potato
84.6732,44.2917,23.9339,25.4567,70.9762,5.6859,143.2277,maize
65.4785,65.8826,68.0882,23.4791,76.686,5.819,104.8792,potato
111.9999,50.0708,87.9035,17.3043,75.6252,5.4409,73.5013,potato
83.7832,51.8052,83.6083,18.6737,53.7122,5.848,144.692,potato
95.1829,73.3093,70.2801,25.7096,62.3324,6.5986,80.5294,tomato
19.3151,142.768,129.9214,14.3394,76.6239,6.3213,174.9161,apple
26.1442,121.0907,163.3279,17.2508,74.7362,5.8061,93.1665,apple
93.0743,46.0381,143.5418,21.8809,69.0426,5.554,78.3278,tomato
61.2109,43.1528,61.03,19.9473,72.3591,6.6367,94.1903,peach
34.0597,118.9489,140.8951,12.8075,69.144,5.5627,61.9013,apple
100.5426,63.9545,79.8457,20.2978,78.5639,6.7427,103.1954,bell_pepper
38.6293,141.0864,134.1872,22.4077,71.9577,5.7987,138.7888,apple
111.7713,68.693,62.4366,23.4121,83.0549,6.4556,109.251,bell_pepper
119.7988,64.4341,96.6536,28.9054,90.6318,6.2491,73.2585,bell_pepper
69.5913,72.9176,84.6154,19.291,70.3839,6.4338,54.6326,strawberry
123.5064,18.6166,103.7014,22.6539,80.7428,6.896,108.4951,peach
68.1326,40.8239,46.9135,17.6788,55.0861,6.6839,85.9855,peach
60.7729,58.3,128.4623,17.8151,76.1933,5.5849,93.2484,potato
94.8494,38.1358,98.9763,11.3889,81.0863,6.2529,117.1948,potato
31.3804,54.2705,78.1103,16.704,69.9891,6.7754,114.3229,cherry
73.091,50.5421,95.1829,18.6493,79.1837,5.2332,90.6344,strawberry
93.681,55.9856,40.8811,24.0994,58.24,6.0379,134.5296,maize
47.8303,110.2335,148.7406,17.5185,83.3784,6.3669,107.277,apple
58.1533,43.7193,80.3141,17.634,67.5117,7.1564,51.8425,cherry
91.4256,42.9898,80.7254,17.7424,71.0423,6.7846,80.0384,cherry
108.8767,55.6485,96.0787,25.3741,61.4083,6.214,118.1066,tomato
72.2579,52.8483,102.2727,16.7559,78.0442,5.7887,73.9001,potato
102.0656,56.4913,105.104,17.3281,66.3693,5.8715,100.1945,potato
86.3183,69.3879,93.5969,27.3432,64.8278,7.2718,93.4704,peach
63.3534,41.6772,71.1934,16.2271,64.6675,5.4279,131.1867,strawberry
73.0198,50.1833,95.5427,17.8595,36.678,6.27,94.1309,peach
55.6841,60.4758,77.1705,19.2934,57.2733,5.6291,48.8499,grapes
125.056,48.2657,103.9244,19.9535,69.501,5.9725,156.901,potato
58.6954,66.7329,74.8945,18.2305,79.8083,5.9735,89.2027,tomato
57.7627,133.8164,153.8998,14.3853,65.9724,6.1998,65.1646,apple
116.7325,45.5171,116.0604,17.1207,62.6118,5.5351,161.5637,potato
15.8647,116.3938,167.2664,17.9832,72.5726,6.2189,80.2813,apple
80.5153,40.4216,37.7268,25.5197,58.8292,6.7344,180.8446,maize
73.7182,60.0329,78.4508,19.3549,57.606,5.1014,91.3355,potato
62.0727,48.9595,75.0631,22.3758,68.3598,5.387,103.995,strawberry
93.1267,80.0545,87.735,23.7512,82.3502,6.8431,84.0084,bell_pepper
95.1388,54.2914,119.4366,24.6184,66.5656,6.3302,92.4425,tomato
78.8466,23.1758,80.8797,19.2267,71.7358,6.4115,89.326,strawberry
71.5263,40.5493,79.8068,18.4238,72.5695,6.1923,70.137,peach
102.1807,67.7428,93.0265,25.2159,69.7499,5.9319,79.4222,tomato
62.1236,61.8986,112.5093,9.3253,32.6327,6.4667,75.9892,cherry
135.5106,55.6462,73.1844,24.7284,75.8264,5.5887,119.2063,bell_pepper
75.9364,41.7536,24.8722,26.2562,75.8941,6.1324,118.8439,maize
60.443,42.2583,75.5698,17.6266,47.4325,6.0746,68.7496,peach
20.6081,112.9484,172.4936,17.2082,57.1836,5.5316,101.1815,apple
96.183,46.9494,117.9743,14.1434,55.4689,6.121,110.6455,potato
5.7017,121.5794,154.6652,15.7002,60.3756,5.736,128.7927,apple
96.0066,45.6039,38.9402,23.6962,52.6482,6.4164,115.608,maize
48.1358,120.7127,156.829,20.0532,67.4448,5.4758,85.7079,apple
69.6866,38.9584,64.2305,22.5821,66.4549,6.6819,56.7309,cherry
87.94,56.0788,107.8151,32.0361,64.4393,6.7978,93.759,tomato
63.4363,53.3439,91.8635,24.3354,80.4079,6.1917,112.1356,strawberry
22.583,57.9254,51.1934,24.3839,50.474,7.1547,110.2157,grapes
82.6067,53.2396,48.2432,21.4015,71.2917,6.4734,61.5148,maize
89.4368,64.1846,69.6899,17.3887,59.812,5.7092,63.9417,cherry
73.0975,63.7887,104.0355,19.9365,62.1571,5.386,137.0579,strawberry
90.659,31.9767,84.1353,19.3281,46.3639,5.978,75.4587,strawberry
86.7786,38.0858,64.1623,21.2434,81.0784,6.1111,136.6688,tomato
85.5334,63.7392,47.692,21.2811,59.5628,6.5414,80.7117,maize
93.595,60.9404,101.7209,21.3662,66.105,6.6235,142.8798,tomato
30.3467,45.0679,65.1204,18.3717,60.6105,7.2652,73.4438,cherry
17.2529,67.6712,67.6388,23.3751,46.4906,6.3293,66.5057,grapes
113.5059,63.2706,33.7481,22.3326,81.2628,6.5211,95.6694,maize
129.8511,62.2213,149.3268,17.8407,75.3364,5.9932,141.719,potato
137.7975,44.5982,86.0548,34.5771,57.4974,6.4358,127.6147,bell_pepper
55.4477,118.5896,148.3436,18.2769,60.8589,5.3681,32.1191,apple
75.3319,41.3302,92.4047,17.9851,71.1534,6.0051,85.7335,cherry
94.8033,45.2107,152.1558,12.8086,87.4758,5.4903,140.4265,potato
56.6402,42.4547,74.3187,15.3701,77.7225,5.6826,86.708,strawberry
119.839,47.1653,65.2723,19.8643,83.939,6.4518,112.1678,tomato
25.428,124.1812,156.4127,24.7854,77.5887,6.1482,66.5325,apple
22.096,126.3943,158.973,17.6632,53.4841,6.3465,127.288,apple
83.381,84.7045,78.6542,14.9669,84.0362,5.3546,50.8074,strawberry
94.3468,41.5657,61.3003,22.8554,66.2402,6.2045,160.6725,maize
96.2771,48.7663,44.456,23.8644,70.4027,6.4313,71.5448,maize
57.1059,38.5095,87.4631,13.344,82.054,6.2998,90.959,strawberry
123.0328,32.8939,89.234,22.0709,70.8362,5.6519,79.7524,strawberry
95.158,44.2788,68.0197,23.9575,65.6476,5.9981,87.3042,peach
89.0734,69.4391,32.0022,24.6216,58.3607,6.1857,103.9124,maize
76.8851,19.6843,51.1684,14.3305,81.1799,6.3419,60.6648,cherry
76.3537,26.9536,55.489,20.1876,62.5387,5.9374,70.3639,cherry
68.4211,44.0455,74.0182,15.1323,71.526,5.7332,84.0622,strawberry
76.6419,36.6134,86.6763,21.3462,71.0742,6.0854,74.3933,strawberry
77.6267,29.2309,51.5835,21.7161,76.288,6.2344,84.1503,maize
23.8242,68.4575,88.9267,21.4202,73.0784,6.1855,107.4383,potato
68.6193,44.694,86.8694,15.8744,76.8825,5.2492,70.5463,strawberry
99.5199,45.658,72.3485,21.6254,78.6538,5.9354,66.6923,tomato
34.4928,61.1699,22.6704,26.3345,56.8425,6.8451,219.7356,maize
104.1631,55.995,68.8799,18.2252,58.2674,6.919,113.8326,peach
127.7225,48.5991,70.3729,31.6484,67.1059,6.1222,75.1829,tomato
116.4854,85.2791,93.8113,24.0827,92.1105,6.621,120.92,tomato
91.7374,33.7734,52.1057,17.5594,70.0825,6.4347,63.4412,peach
132.0486,68.7291,111.7355,24.0023,74.1175,5.3969,91.6459,potato
61.0407,49.1739,69.0857,16.8451,59.0207,6.3354,34.1435,peach
93.8872,14.9329,99.8969,22.9152,57.182,5.8191,80.2816,peach
140.0,59.3906,97.7309,21.1205,59.4914,6.0311,45.4517,bell_pepper
90.9719,44.9002,67.1995,21.1563,68.0243,6.5131,69.7849,peach
7.2654,133.3253,150.5214,19.8449,69.6994,5.562,53.4652,apple
109.1084,53.0056,30.068,30.988,76.2715,6.3243,105.993,bell_pepper
99.0243,52.1257,106.2207,16.9488,63.9387,5.7272,89.1944,potato
94.5097,55.6223,79.1062,21.026,79.6663,5.718,62.3938,bell_pepper
74.3047,40.0337,70.2989,24.8222,77.8574,6.4076,110.8114,tomato
107.4432,49.3873,132.0479,17.6011,64.3838,6.41,135.1937,potato
4.3439,51.7716,63.0507,22.7408,52.1651,7.0425,103.2656,grapes
110.4963,56.557,70.8806,23.5187,64.2944,6.1142,97.6799,cherry
99.0255,48.2063,38.2878,23.9146,72.7803,6.1529,101.871,maize
71.8748,40.9527,75.0657,27.8954,55.4949,5.1968,54.0184,bell_pepper
137.6934,55.3967,75.3054,26.5205,65.8512,6.1783,104.7594,tomato
126.9794,67.887,79.2436,20.669,62.0075,7.0603,99.0378,bell_pepper
19.8486,145.0,151.6417,15.4505,56.2574,6.491,108.0387,apple
36.4135,61.0828,25.0219,26.5275,57.0752,6.8112,215.1801,maize
22.0879,117.4722,156.9975,23.7039,72.8492,5.7238,131.0922,apple
30.118,116.6245,135.9251,11.4178,76.0616,6.416,44.6837,apple
78.914,53.7581,68.0027,22.2807,79.0909,6.1773,65.7751,strawberry
52.3958,60.4623,85.1381,24.6493,77.8368,5.9323,111.6989,tomato
106.4794,59.8104,88.5332,14.1316,59.6929,6.228,74.5274,cherry
60.6126,41.982,84.7655,14.4595,83.0156,6.0711,93.0612,strawberry
110.8626,53.2712,89.8131,30.0299,81.0603,6.6409,109.68,tomato
90.072,50.1738,71.198,21.8323,72.176,5.6626,137.3866,potato
94.6185,68.3238,67.3071,25.4205,66.0701,7.0519,108.01,tomato
64.335,29.8285,82.0197,16.9571,67.6844,6.724,80.7481,cherry
20.8416,140.53,165.9733,16.4224,76.8665,6.8089,76.7197,apple
85.9201,40.7315,54.5551,22.0803,57.5033,6.5165,53.9076,peach
3.6844,50.709,57.9051,24.0073,50.0643,6.4778,114.9574,grapes
109.3159,81.9955,79.6698,18.4871,49.9111,6.7649,113.9694,tomato
42.8102,43.3294,56.4547,17.8866,52.6373,5.7433,65.2852,cherry
93.0477,56.5646,103.6021,21.2049,64.2087,7.0024,85.5432,peach
18.1737,49.2055,69.9696,26.9199,47.6735,7.0242,65.9755,grapes
74.2688,32.2956,59.306,31.5729,68.8699,5.8462,78.4069,maize
100.7322,28.6397,91.521,18.4892,48.0132,5.9115,90.1314,potato
55.4134,120.2131,140.805,17.4779,78.0762,5.9236,140.3227,apple
92.4402,47.3727,116.6251,25.9775,79.2815,5.68,39.9598,bell_pepper
30.2038,41.1774,88.7992,21.6547,75.496,6.0437,79.1166,strawberry
97.7761,50.602,89.6936,24.1327,55.0952,6.0773,58.1642,peach
68.4224,35.9864,66.6901,21.6463,64.6728,5.7392,76.6243,peach
3.1272,51.9865,50.9051,25.8844,56.2469,6.2842,66.0949,grapes
69.5894,52.7185,68.2068,12.8116,58.2848,5.6418,93.6736,cherry
97.2727,41.8407,117.5449,19.4571,73.891,5.9807,80.746,potato
30.2452,55.257,40.8209,26.3639,57.2368,6.1015,64.2377,grapes
79.9659,49.3007,34.8294,25.3386,78.1941,5.8743,64.9953,maize
68.9753,37.0523,58.939,26.8818,58.0438,7.0049,63.6581,peach
8.2862,128.7751,143.7976,16.3625,64.8526,6.0909,127.1505,apple
87.8009,49.2272,78.6203,29.0971,51.6042,6.1304,94.1368,tomato
123.5857,65.1841,94.7722,18.8866,52.5659,5.5509,95.5919,potato
48.7531,48.6816,88.2522,26.2806,50.7495,5.913,94.4918,tomato
72.5693,40.1348,97.6577,17.0057,83.1935,5.6581,94.5641,potato
68.6272,59.2493,41.163,23.0462,59.2862,6.1625,165.907,maize
6.2287,124.9207,158.2683,16.2596,61.6196,6.3091,145.106,apple
96.041,51.0186,38.7327,29.7145,55.8528,6.3818,104.5814,maize
49.4188,32.5055,73.6137,21.9696,57.7165,6.1002,31.6081,grapes
76.9608,33.2025,93.7337,15.7218,70.1059,5.6205,125.8776,potato
82.6532,52.6859,106.7349,13.2561,79.7232,6.5364,105.1231,cherry
43.7268,20.6793,61.149,16.3968,51.1627,6.6978,76.3803,cherry
89.3785,46.4273,112.5164,18.7042,69.8543,6.1779,102.542,potato
117.5006,58.0416,68.0823,27.0302,61.0292,5.5694,122.21,bell_pepper
84.8247,31.9342,71.1634,10.9712,62.2172,6.0591,110.6682,potato
5.8344,50.5315,42.2364,24.302,52.5509,6.3185,99.9603,grapes
67.4055,39.6874,71.4155,25.7165,49.6312,6.0796,42.6562,peach
72.7001,41.0087,123.6848,15.4004,73.8176,6.2372,80.7101,cherry
114.4253,46.1001,43.6499,19.7577,73.9895,6.4923,72.3948,peach
53.9839,53.6988,93.1842,19.6219,68.939,6.1465,94.6976,strawberry
34.9736,35.8367,49.8456,23.4364,63.2281,7.2073,15.4942,grapes
69.2989,24.3707,58.0909,14.2258,41.8685,6.228,55.7513,cherry
73.1306,42.7563,24.3742,26.7183,75.1118,6.1103,116.6204,maize
95.6341,55.9682,51.9111,24.5082,71.0147,5.9698,60.8127,bell_pepper
89.5247,72.9799,112.1896,31.4797,68.6813,7.4283,121.9563,tomato
68.8136,34.2103,80.5973,28.3938,88.0341,6.6697,100.9738,tomato
126.5035,59.9095,75.6277,23.6524,100.0,5.6601,76.3443,bell_pepper
86.9942,55.8169,59.2183,24.4372,64.8939,7.012,138.9778,maize
51.2451,41.7694,44.1531,13.123,76.9904,5.4403,78.5785,strawberry
81.9297,64.6757,103.4217,23.272,62.0396,6.4926,145.7121,tomato
94.9936,41.3055,90.2725,16.5968,71.862,5.9181,109.6799,potato
121.3204,33.5532,91.1619,19.738,63.7134,5.4523,115.5204,potato
75.3119,66.244,44.3252,17.7549,72.0656,6.5086,121.3617,cherry
27.5176,112.0282,150.3635,14.0815,88.6444,6.406,121.9691,apple
56.9441,42.6814,71.1702,19.1213,71.3439,6.5703,37.6851,peach
90.8623,49.8,54.1124,25.5661,65.3601,7.0088,108.3102,maize
99.3519,53.9609,85.6874,19.4782,66.4147,6.1145,38.3941,potato
16.5733,117.7491,153.9257,19.0273,63.7927,6.7859,114.0785,apple
16.9432,131.0221,152.2198,20.6312,68.8236,6.1542,111.6932,apple
119.6554,51.7574,87.5501,27.0065,73.8796,6.7127,122.1971,bell_pepper
70.6462,71.3246,91.3154,32.6902,79.1769,6.2105,112.8598,tomato
118.163,48.2262,75.1025,22.7725,72.3414,6.2389,128.9439,bell_pepper
54.4167,41.3741,52.6932,19.981,45.2427,6.4299,151.5511,maize
37.2976,137.6179,150.3221,14.3356,71.3268,6.6421,79.6405,apple
85.8783,52.6795,28.73,26.3787,70.9708,6.1564,99.1781,maize
88.5717,41.4458,56.6868,21.5555,78.3075,6.4037,29.1463,peach
64.5382,52.4808,101.9994,13.7114,67.8947,6.192,143.6351,potato
138.4642,49.1713,68.3253,25.1807,61.9968,5.9344,102.8882,bell_pepper
92.9283,41.0736,48.7813,22.6814,62.1162,6.6186,47.162,maize
42.9897,32.2033,113.8678,16.4292,81.7203,6.1246,63.4326,strawberry
66.461,40.8796,88.257,25.5013,63.7026,6.6206,76.4056,peach
78.9528,48.5418,37.2973,24.789,88.0012,6.3796,88.6131,maize
70.0991,74.2533,112.3765,15.6501,74.4339,6.1849,113.0822,potato
97.4623,71.2138,80.78,27.7388,84.2465,7.0306,112.6124,tomato
86.8339,38.9207,76.1932,23.4708,67.0865,6.8209,35.1458,peach
123.7105,75.6526,119.5767,18.873,68.4077,5.4048,106.201,potato
88.1191,76.6777,70.9254,29.1639,69.7053,6.0436,82.2085,bell_pepper
5.5565,121.3205,142.6134,17.6223,65.329,5.3253,157.6716,apple
34.0356,126.5226,165.8106,16.6553,70.7503,6.315,153.0373,apple
130.013,54.8483,117.1974,24.4703,55.7358,6.1205,108.2279,bell_pepper
38.1971,114.9694,146.6706,12.992,58.5036,6.4981,119.0771,apple
104.8709,69.7368,89.8568,28.2551,78.9369,6.4999,95.0582,bell_pepper
85.7218,62.0029,68.1344,27.7619,74.3071,6.9607,84.7742,tomato
99.0723,73.3319,82.5257,27.8824,71.6256,5.8062,99.2362,tomato
81.8149,33.482,74.7142,18.5748,68.0428,5.6139,116.0495,potato
106.3869,38.9423,103.0658,26.2282,71.3856,6.8811,96.4648,tomato
14.7927,134.2924,144.629,20.23,74.105,5.9771,136.9057,apple
98.6539,43.5776,141.2035,19.2571,73.2781,6.0163,95.7366,potato
133.9692,27.0336,91.7212,20.4901,56.2637,5.9293,108.2488,bell_pepper
76.9133,59.5181,61.3522,21.4597,66.5122,6.2183,96.5905,peach
92.5506,56.3932,29.193,25.9316,58.1645,6.5092,95.2147,maize
54.7897,119.3674,147.7843,18.2328,61.4283,5.3844,29.0859,apple
79.8649,37.2988,61.1171,16.0676,86.3826,5.4065,114.3757,strawberry
66.7708,48.5047,107.9734,25.5919,80.8851,5.7705,166.0939,potato
118.4548,60.7654,113.0721,31.4186,74.9197,6.2426,52.3522,tomato
93.0588,65.1923,80.0617,19.9732,69.7448,6.3592,109.2237,bell_pepper
140.0,67.9353,77.4867,22.5635,68.6904,5.9449,101.6315,tomato
99.1954,50.0591,53.8384,23.6953,52.1731,6.7814,90.6181,maize
75.3589,26.8323,61.7004,21.6394,54.9803,5.3933,64.4083,potato
108.8699,48.4251,75.5504,22.509,82.362,6.0523,99.0455,bell_pepper
70.0961,38.6799,40.1546,25.8627,76.2275,6.5456,87.6084,maize
77.9529,45.271,101.6826,15.6355,66.2963,6.3739,84.658,strawberry
74.2479,49.0605,77.1344,18.4523,81.4244,5.9009,72.455,strawberry
134.4952,55.5676,113.6226,24.0803,74.7409,5.7293,126.4445,tomato
82.9721,49.3383,96.1115,15.6717,70.1489,5.7756,103.1142,strawberry
54.7242,49.7844,73.1203,15.3415,65.3222,6.0343,72.5539,strawberry
85.8462,52.7856,38.1514,19.9635,56.0725,6.6205,105.0172,peach
90.6099,49.7168,40.4477,31.0513,76.6909,6.0903,96.113,maize
31.4048,45.581,36.8544,22.1019,55.7748,6.0222,91.069,cherry
75.4878,35.9287,63.0272,21.3769,48.2573,6.6063,87.2176,cherry
83.9787,42.0569,48.9395,18.7945,100.0,6.4014,65.0056,cherry
114.09,65.6724,56.5495,19.1946,70.6827,5.7081,70.1877,peach
33.6238,35.6634,49.5946,23.2663,63.7868,7.2185,12.952,grapes
47.0073,57.4027,55.3595,18.6418,86.5885,6.352,118.3657,strawberry
112.6024,45.074,38.4955,25.503,48.5975,6.0505,139.2698,maize
10.5693,47.6891,83.623,24.8943,43.5369,6.1433,44.3085,grapes
92.1909,65.5073,80.7921,24.6399,68.4721,6.0351,114.662,potato
102.9179,48.5279,141.3903,19.775,74.4721,5.6274,53.8913,potato
63.3688,28.8162,58.1109,20.1504,54.2604,7.2479,101.4856,peach
18.1276,43.1052,51.7638,24.0493,60.5574,6.2588,141.5294,grapes
124.9153,66.807,77.3154,24.7592,67.5535,5.924,91.3205,bell_pepper
4.8248,57.0216,62.1799,23.5482,52.5478,6.1406,15.9452,grapes
26.1989,121.6629,147.5104,17.816,54.0032,6.3546,128.6245,apple
79.5186,49.2865,106.9276,20.6109,64.402,5.5215,95.9924,peach
96.5633,29.6678,142.0066,25.3422,55.8192,6.2161,35.7085,tomato
113.1871,83.4891,60.7134,24.4786,52.9631,6.2575,99.9199,bell_pepper
119.0295,66.7637,79.6866,22.8944,62.4176,6.9389,55.7471,tomato
79.2368,29.8199,51.3681,21.6613,76.4886,6.2871,83.2791,maize
117.5266,58.5715,76.6881,17.5838,56.3847,6.0007,52.9527,bell_pepper
47.2042,50.3452,88.3999,20.0347,51.9223,6.6722,28.7251,peach
82.1419,48.4049,89.9147,13.0385,63.3288,6.3238,62.6573,cherry
95.953,46.4117,103.065,14.5616,80.1345,5.6325,117.953,potato
52.6708,47.783,54.2613,24.5443,62.9217,6.035,168.5262,maize
53.6429,62.7427,88.3179,18.1442,83.0392,5.5786,100.4944,strawberry
136.2152,53.2067,79.0882,25.1194,68.9843,7.056,90.0351,tomato
30.8112,130.5518,137.5204,16.607,52.7441,5.0084,131.1385,apple
87.1262,40.2463,77.0909,22.5209,67.4444,5.5422,70.0982,strawberry
54.2691,60.7166,57.8502,22.8448,67.8361,6.8121,89.8589,maize
122.5711,57.5341,63.5091,20.7852,79.8159,6.4631,108.3234,bell_pepper
77.243,59.3901,70.3034,17.3688,67.9914,5.8121,98.8142,strawberry
13.624,114.6592,168.4831,17.7948,72.2459,6.2373,83.9384,apple
96.9216,38.9134,62.0148,23.967,70.7901,6.7591,44.5121,peach
119.1251,103.7564,75.0886,25.7857,69.7692,6.8698,107.3016,tomato
80.1865,43.1827,111.0847,20.8756,71.9902,5.9858,58.8304,peach
23.777,122.3835,139.8909,16.6047,62.5395,5.5541,122.3482,apple
85.8927,38.0955,33.4983,26.8044,51.2624,6.8226,102.4698,maize
125.8839,50.2758,117.7174,20.7573,72.6002,5.9833,86.3196,bell_pepper
71.7622,42.0869,56.9165,15.4877,56.1044,7.4597,125.7501,maize
80.5864,48.9429,80.1425,23.8051,69.0761,5.8685,91.5008,bell_pepper
140.0,38.2889,81.4304,23.9129,78.1176,6.9913,124.3667,tomato
14.8266,36.8302,37.9938,25.4486,66.2192,6.5577,53.1907,grapes
79.524,41.027,62.3958,22.7544,66.2739,5.8426,63.4945,cherry
136.082,50.0557,65.8054,25.4442,81.3395,6.4057,102.263,bell_pepper
65.8585,30.9603,74.6851,19.944,60.2699,6.2079,86.245,peach
59.8838,61.2879,91.5754,17.2315,68.0334,5.94,85.7871,peach
86.1647,50.2375,67.3456,17.2782,60.7265,6.2487,34.8299,cherry
99.2707,32.5412,99.4521,13.8212,68.6817,6.2113,69.403,cherry
37.3528,120.444,159.9895,22.9302,68.3126,6.5505,124.5696,apple
63.5236,50.7239,76.0514,16.3536,69.2123,7.1785,98.7044,cherry
31.8172,117.5686,154.6992,20.0605,54.8737,5.6997,108.9147,apple
51.7251,41.1574,46.3183,19.6024,67.9616,5.3943,83.0214,cherry
68.3935,45.2001,64.1551,14.0624,70.9959,6.3624,98.3556,cherry
101.2093,15.6638,94.7475,16.2212,71.2071,6.1642,157.8319,strawberry
112.4443,69.9458,94.0256,24.9196,88.2074,5.0718,140.5132,tomato
121.7331,56.9371,91.5404,23.084,74.6136,6.3447,118.9029,bell_pepper
103.7248,51.7832,48.8244,17.9564,57.6892,6.7758,102.2022,peach
74.7344,56.8753,38.6935,21.2147,65.5068,6.4209,137.2521,maize
45.8696,42.8041,48.4396,19.4313,58.787,6.4972,102.9172,grapes
134.5232,35.5307,81.4493,17.4664,81.9287,6.0234,111.7023,potato
43.432,50.8984,59.1656,21.5887,48.6535,6.6681,45.4283,grapes
78.6954,67.0248,83.3746,21.1114,82.3099,6.3557,108.3449,bell_pepper
99.1554,31.0914,54.7046,22.8594,52.3714,7.0085,100.4612,maize
49.5428,37.7734,96.666,18.5233,73.8418,5.6857,89.3824,cherry
25.2619,44.6778,69.4373,24.6092,47.1258,6.7504,14.5307,grapes
91.4015,47.8995,92.7106,29.7949,67.2631,6.0288,64.4518,tomato
64.919,35.5475,78.2304,13.8157,84.7991,6.0979,131.6886,strawberry
90.6645,32.3891,43.5732,16.461,69.8593,6.2841,86.0654,cherry
96.2634,47.95,71.5339,21.603,78.9564,5.9879,126.7718,bell_pepper
48.9431,31.6174,58.3252,18.8811,63.6339,6.483,112.3328,cherry
6.6099,139.6775,155.7634,14.463,63.3519,5.7095,119.2413,apple
58.9195,23.4022,89.3126,16.0725,88.1978,5.8771,57.7563,strawberry
96.1859,47.929,91.0895,21.1548,62.0346,7.3422,84.0013,peach
109.5243,54.6086,61.1147,20.8113,52.9468,6.9737,50.9923,peach
68.992,44.757,96.3605,25.995,69.6884,6.644,69.9563,peach
102.3399,45.3592,108.0526,14.0664,70.9817,5.2747,75.243,potato
139.3338,37.8511,53.6582,20.6371,51.4611,6.2805,99.3606,bell_pepper
48.8667,35.0161,51.9565,20.093,65.3577,6.41,63.5891,cherry
103.6331,43.2478,105.6438,21.2499,59.5624,6.5983,78.6386,bell_pepper
70.5737,38.5494,40.9683,25.5328,76.0805,6.5425,91.4464,maize
122.6288,46.1372,83.601,27.9711,79.0195,5.775,123.3018,bell_pepper
89.4506,42.4787,79.8916,20.1055,71.6052,6.387,69.9366,cherry
77.0894,45.025,31.1701,16.7857,58.2822,7.229,50.5293,cherry
82.4902,48.0309,52.807,26.3528,76.7184,5.6224,115.7008,maize
16.8151,29.3005,58.5684,24.1687,40.7575,6.5646,121.4167,grapes
105.0999,84.9363,86.8509,15.6413,67.9035,6.8194,103.9007,tomato
28.5213,121.6609,150.9759,17.7701,69.796,6.608,74.0795,apple
120.5997,67.4808,89.4265,27.7248,74.9113,5.5522,141.3422,bell_pepper
60.5171,52.5715,85.0412,26.3579,84.9248,6.2183,127.5945,tomato
129.8335,48.5493,60.2611,26.6341,57.6873,6.2633,94.2922,tomato
71.9833,41.9034,88.5226,14.253,69.6884,6.2142,72.2259,peach
86.0286,39.2096,88.9132,15.7145,60.0093,5.8286,91.9273,strawberry
83.9914,20.325,147.2957,17.6679,59.9371,6.5013,96.2911,potato
83.3517,35.2814,48.7201,16.5862,86.4043,5.5099,67.5409,strawberry
120.7723,41.1481,106.2591,24.6963,81.8592,6.0786,128.8121,tomato
123.9573,40.5404,90.5655,28.927,85.4655,6.312,102.1207,bell_pepper
106.2852,34.249,78.3834,20.6598,70.551,5.3791,86.2234,potato
88.5887,43.0805,21.1796,16.6363,83.9126,5.4215,102.2628,potato
131.8618,78.5418,122.1611,31.617,64.082,6.0217,85.2332,bell_pepper
78.2536,44.8261,25.5742,25.6984,70.2656,6.6055,72.3539,maize
97.3556,48.0427,98.9926,19.6491,74.3292,5.6123,148.3953,potato
6.2906,118.6853,145.9683,19.0814,66.3091,5.3805,91.7017,apple
133.4962,58.7475,59.3819,32.2102,62.6698,5.6369,49.5744,bell_pepper
52.4909,56.3954,75.3962,17.2092,76.7415,5.2351,115.333,strawberry
9.9951,44.0365,48.8636,25.9358,54.8353,6.6784,82.9553,grapes
109.2727,51.9961,122.926,15.4005,91.5578,6.04,120.7235,potato
87.3995,56.7088,49.0657,26.6296,69.2767,6.6792,76.2638,bell_pepper
89.5457,62.331,77.0119,21.6434,58.4308,6.6221,100.231,peach
106.7573,62.633,104.8749,25.8837,60.6867,6.6029,113.3267,bell_pepper
20.9968,41.0686,56.871,21.9429,60.3249,6.2374,15.2455,grapes
83.8319,37.9603,82.966,24.448,69.1493,6.2698,97.703,peach
84.1234,43.0122,56.5656,23.3836,63.0813,7.0937,47.3443,cherry
71.531,39.0927,26.9561,18.9094,54.6022,5.6622,59.1288,cherry
71.1691,63.5673,70.7693,12.4979,66.4815,5.8648,41.0817,cherry
32.6095,57.8345,56.079,26.8961,52.5939,6.0831,100.6145,grapes
48.9363,126.8072,163.5607,20.9525,66.5084,5.8817,148.4447,apple
113.0407,31.0404,102.5206,25.1921,58.3954,5.5355,79.5763,peach
67.2004,50.7875,57.5314,20.7287,57.3907,6.6021,108.2287,peach
15.3489,135.4124,143.6404,20.0261,74.6317,6.0012,140.5658,apple
77.8992,37.8111,104.5755,22.187,71.9804,6.5584,185.1604,tomato
92.2302,61.5795,70.265,28.0128,58.3816,6.4993,140.1304,tomato
55.2825,41.5119,46.923,16.0344,49.833,5.4904,42.3153,cherry
32.2484,141.8838,157.4523,19.2736,70.6569,6.1563,130.2429,apple
96.8586,45.4904,80.8621,24.6367,67.1781,6.3886,130.2329,bell_pepper
22.8629,65.2209,49.2244,25.4085,39.2685,6.0098,80.5432,grapes
37.2889,114.8346,147.4019,12.9486,57.9487,6.4985,122.0928,apple
69.4357,38.5859,35.9416,24.5118,59.8314,6.3446,80.0037,cherry
119.9153,57.9058,39.1983,26.5809,80.2313,7.2186,147.218,maize
36.5668,115.0182,151.1724,20.3445,52.4695,6.7022,151.1061,apple
35.6265,77.1373,41.8621,18.8901,74.0276,6.2461,54.5332,grapes
36.602,38.552,135.4657,12.4841,66.7261,5.4923,32.926,potato
83.4352,71.7476,74.0134,13.4118,61.1296,6.0271,73.5058,peach
93.4979,42.5954,112.6353,14.264,77.1996,5.6205,151.3082,potato
130.164,47.1032,99.7097,17.5296,76.9111,6.0352,87.9821,potato
68.7308,46.2523,134.5272,22.0927,87.1015,5.7172,87.9782,potato
55.5613,39.3247,55.968,16.9348,76.5859,5.9956,101.1419,strawberry
77.6475,65.4996,44.6319,21.1449,56.0368,5.8178,141.8797,potato
20.2801,130.3442,160.5666,14.1991,50.3253,5.8965,84.2092,apple
76.8887,65.5237,76.4352,14.7099,79.304,6.5521,77.2632,cherry
40.4818,139.1477,137.9159,21.5126,61.8404,5.0745,113.3024,apple
105.4983,52.8843,80.3988,22.766,70.6431,6.6742,109.2387,tomato
77.3711,61.2449,87.1269,19.3466,66.9704,5.78,100.4556,strawberry
93.5189,63.6759,109.063,21.0756,67.2459,5.8192,126.0712,potato
78.4533,32.2214,45.1605,15.3816,67.0773,6.4514,78.802,cherry
140.0,70.411,137.337,25.5096,61.5601,6.0452,112.1672,tomato
94.9233,52.8402,54.4456,23.4855,37.5285,6.4995,20.2475,peach
46.5476,46.4176,80.1815,20.9772,54.9656,6.5197,73.5364,cherry
83.8861,65.9573,68.1077,18.1429,46.6004,6.7418,95.6618,cherry
44.7745,47.21,90.4246,14.4134,83.0473,6.4267,65.6824,strawberry
3.8046,103.9806,138.7873,20.8579,67.8537,6.3071,128.3724,apple
73.2987,56.7862,56.5742,20.8931,73.367,5.6569,69.9016,cherry
65.5113,51.8184,92.5297,17.8002,76.9551,5.681,76.9913,strawberry
96.59,51.5075,77.9774,15.566,68.9692,6.8663,65.7488,peach
102.1199,27.2888,40.0268,22.4445,63.4852,6.2093,110.5103,maize
76.9037,56.6409,123.0269,27.6414,52.4696,5.92,117.892,tomato
18.892,137.0332,154.8637,17.5669,69.8295,5.9899,133.4628,apple
94.7628,44.5086,64.8663,14.7506,66.3628,6.4607,102.5083,cherry
65.5282,34.8226,96.4839,19.4745,90.1179,5.2304,66.2241,strawberry
23.11,45.5774,66.0146,18.5137,64.701,6.3168,77.5937,cherry
54.7251,44.9301,64.638,20.798,64.5955,6.6478,88.2239,cherry
99.8493,50.1817,61.9016,19.4662,62.4401,5.9817,61.2258,peach
129.6268,38.6775,52.5585,32.7057,61.9979,6.9858,45.2101,tomato
82.1314,45.4941,43.8269,26.8244,79.8318,6.624,134.536,maize
10.9053,50.6256,43.2635,22.6081,67.6201,6.8974,123.6959,grapes
62.7603,63.4331,107.2971,22.4313,81.8978,5.9039,57.4534,cherry
25.5091,45.0017,42.9368,24.8057,60.7918,6.5418,72.668,grapes
112.4013,42.6365,117.5809,13.8764,69.4466,5.5573,108.611,potato
39.6887,34.6058,66.2218,22.217,40.797,7.0776,14.3322,grapes
23.5125,54.5659,41.1694,28.1063,54.0731,5.8962,31.0759,grapes
2.8294,120.1107,154.3149,18.3191,71.3531,6.3772,110.5289,apple
97.6127,40.0623,86.4945,18.961,78.9109,5.6834,75.8884,potato
76.8233,60.401,32.1138,22.4247,79.6074,6.8289,89.7261,maize
34.7478,118.5501,140.7025,12.8498,69.3203,5.4737,61.3882,apple
5.885,118.7464,142.7567,17.2886,68.698,6.2216,116.1083,apple
82.7614,55.4604,58.1728,23.3454,60.4057,6.4231,106.9795,tomato
10.6433,130.6007,155.169,15.1864,60.131,6.7202,146.6235,apple
79.5451,38.5306,71.2503,19.3136,58.4369,5.7846,60.3685,peach
9.4976,105.7384,168.4368,14.65,84.0013,5.6754,104.2397,apple
106.0095,41.2986,47.4442,22.1915,48.2297,6.4328,87.3887,maize
76.7201,46.6807,50.2599,18.671,62.6312,6.5246,63.2554,peach
24.0571,65.3954,71.1721,21.8465,51.5099,7.511,51.04,grapes
56.4516,45.4039,116.1085,15.6401,76.4061,6.096,58.9003,cherry
30.6518,44.9077,64.4339,23.6977,52.022,6.7296,79.313,grapes
75.026,39.7358,44.8861,23.0341,54.3786,6.2662,112.9749,maize
57.5962,40.0717,62.1986,18.5544,56.3134,6.6421,86.4563,cherry
57.6512,36.8847,57.2566,8.603,57.5703,5.7943,74.0963,cherry
50.598,46.9284,89.199,19.736,47.4062,6.8646,14.7431,peach
111.7909,51.2016,60.3385,27.0388,60.041,6.7115,103.2387,tomato
96.5931,45.7572,79.8773,18.1602,65.3464,5.6129,77.0284,tomato
17.5275,59.1822,69.2031,27.6845,53.5982,5.9007,45.1185,grapes
82.1457,48.9153,54.5866,16.2046,59.9519,6.7341,88.2896,cherry
109.1348,85.0376,90.5454,28.3423,59.6101,5.8266,71.2183,bell_pepper
67.7912,53.5555,83.3763,18.577,66.8065,5.6737,109.9301,strawberry
35.0554,56.7291,70.6222,22.6412,57.1257,6.2957,125.5038,grapes
46.1482,34.9714,66.2428,17.3478,86.4556,5.6803,108.124,strawberry
4.8475,44.7551,39.4024,27.9823,55.5188,5.9854,52.0386,grapes
70.8152,25.5078,64.0614,18.8322,97.0155,5.4037,89.0079,strawberry
25.0156,50.0899,50.536,24.9215,49.3728,5.898,36.3747,grapes
87.4257,39.3652,92.0916,23.6749,63.9644,5.3557,90.2981,potato
92.87,31.4836,64.0013,19.3276,56.4093,6.8114,65.7839,cherry
114.9514,57.8051,77.9942,22.9999,62.5257,5.9152,79.8697,peach
95.7037,50.2976,65.4278,15.0782,61.9062,6.407,46.6574,cherry
76.5468,38.217,105.1552,18.1058,83.8616,5.8278,80.0709,potato
67.569,34.923,77.3662,15.5284,50.0357,6.5688,77.7611,cherry
67.6304,72.9579,77.3075,28.4346,63.6037,6.2385,127.4037,tomato
84.2146,54.7472,27.0221,22.3037,79.2422,5.9925,132.7108,maize
123.6383,53.4255,78.7806,23.0681,84.6958,6.2094,110.9503,tomato
47.5355,47.1302,27.6022,28.827,66.2204,6.0354,77.3116,maize
114.0154,42.2661,105.1074,17.5225,71.5703,6.8511,134.2585,tomato
70.4309,57.7622,50.8853,18.8692,58.3618,6.0109,52.4498,peach
46.1977,55.4153,66.2031,25.9208,54.8814,6.5071,59.2526,maize
5.5318,46.8768,61.5175,20.5268,58.335,6.1706,28.7258,grapes
28.9159,120.3705,145.8398,22.2559,70.1834,5.817,78.5161,apple
70.6953,46.6552,63.0471,21.9902,46.9839,6.5624,82.6538,cherry
110.1875,58.5869,118.4953,29.529,53.9499,6.1034,81.1759,bell_pepper
119.1263,36.9671,83.1536,16.0666,51.1496,5.7991,111.7934,peach
57.023,49.7484,56.1866,19.4237,63.8437,6.3055,93.8973,cherry
29.3429,111.9378,138.591,16.8475,72.25,6.2734,103.0319,apple
102.5079,62.4834,71.6539,16.7149,61.5543,6.033,126.5043,potato
95.7609,57.4768,132.5294,27.3759,58.7833,6.8749,116.6839,bell_pepper
119.7399,54.5218,73.5247,24.682,84.6023,7.0432,164.1017,bell_pepper
45.0521,120.5944,159.0493,15.6092,66.0061,6.0419,142.9521,apple
6.6516,139.5008,158.3354,16.494,61.2377,5.9462,112.3502,apple
89.0042,36.5777,45.9368,23.7928,96.3868,6.5568,91.4641,maize
95.6554,41.031,90.843,17.4552,85.7195,5.5751,59.7094,strawberry
88.7263,45.7128,122.6469,19.291,71.6878,5.6173,110.0289,potato
115.9646,28.836,92.8608,23.6441,63.3569,6.2063,111.5999,tomato
86.8244,49.0877,111.8609,16.138,56.6886,6.0651,45.9654,potato
77.2772,28.3073,84.6369,19.6406,75.428,5.9012,163.1377,strawberry
107.7482,53.2623,46.1811,22.0888,57.7223,5.8728,102.5762,bell_pepper
91.1484,65.781,36.9537,25.301,39.741,6.3964,94.1472,maize
137.2995,60.491,82.6564,26.7193,69.294,6.7944,85.7834,bell_pepper
98.2232,59.3309,121.8792,13.9413,70.1364,5.9206,89.7625,potato
108.2392,63.0787,68.6476,24.5739,69.3978,6.0643,69.1575,peach
140.0,68.8813,112.4889,19.6451,68.4246,7.3838,90.5391,tomato
49.6088,40.6455,51.1668,21.9116,56.9676,6.9873,152.6495,maize
99.6013,39.8472,101.6302,21.3543,78.406,5.9746,83.8192,bell_pepper
78.8604,49.7304,84.5964,20.8462,67.0676,6.2595,52.2106,strawberry
84.5834,42.6207,89.8918,17.1439,83.5049,5.9616,57.5685,strawberry
68.6589,41.5682,76.5425,20.3157,43.4448,6.9151,64.6493,peach
43.3746,122.527,158.8037,15.7814,66.2141,6.0566,144.9531,apple
82.4054,46.1004,29.1303,23.1366,77.476,6.4857,58.651,maize
5.5818,36.9353,56.4295,24.1754,48.4411,6.3229,48.473,grapes
25.9408,39.2166,56.0504,27.2311,54.6237,5.2661,31.0965,grapes
79.1347,38.4237,89.3296,25.2887,54.5747,6.2501,78.815,peach
46.2502,123.0527,146.8501,21.75,69.0688,5.9283,95.4313,apple
112.1991,22.8173,78.6323,31.8003,59.7342,5.9394,121.3799,bell_pepper
45.1202,119.9916,155.5069,17.9916,81.9196,6.0915,107.3033,apple
87.0605,37.5049,89.6368,18.0252,78.9426,6.0383,77.3908,strawberry
98.1122,61.2622,48.9044,25.8857,69.7412,6.7495,40.5391,maize
96.5477,62.9439,59.9995,24.5244,70.489,6.3144,122.6246,maize
71.7227,45.9242,53.3205,20.8347,64.456,5.804,117.384,strawberry
101.0241,59.3735,44.8339,33.6364,74.3332,6.5377,75.1023,maize
108.6061,53.6681,67.358,15.8053,71.773,5.7278,91.8736,potato
90.6179,43.9724,115.4607,17.0701,82.7955,6.4102,95.2865,strawberry
91.0835,44.5099,49.8296,26.3338,67.1921,6.3011,93.3929,maize
80.8572,39.3052,112.2022,12.166,77.5511,6.1273,156.0562,potato
56.2568,57.2208,79.0574,20.353,63.2762,6.3076,56.7225,peach
112.1339,77.1035,85.701,21.7379,76.7336,5.6686,100.5717,bell_pepper
39.9275,43.3797,52.4658,22.274,69.6358,5.8074,84.4715,grapes
73.2405,56.6206,112.159,15.243,79.3468,5.7567,83.9729,strawberry
116.984,59.5895,62.3117,27.0404,84.8478,6.2899,103.385,bell_pepper
88.381,44.4247,32.4946,26.9112,68.2038,6.1555,113.7077,maize
21.7527,128.2964,145.9727,18.7904,63.5293,6.3035,120.2822,apple
120.04,46.94,100.509,16.4404,90.8106,5.0448,78.3393,potato
84.6041,52.5015,42.3648,23.6863,70.7289,6.1505,71.5014,maize
114.7654,42.3897,63.7175,20.7286,57.2881,5.6388,78.403,peach
5.102,119.8915,144.9298,17.6787,76.1586,6.6932,127.7588,apple
103.3166,28.7392,46.1365,28.6816,66.6587,5.6869,122.717,bell_pepper
5.2591,52.8399,47.0373,25.1913,47.9141,6.0121,102.5007,grapes
52.7886,22.1453,63.1858,19.7299,81.0904,6.6579,69.4932,cherry
118.0039,48.9051,18.0484,23.6546,89.503,6.7263,77.4059,maize
19.425,135.8459,127.3306,15.4094,68.6562,6.14,159.5989,apple
115.5633,61.1937,91.2221,19.0999,68.2072,6.2215,133.6032,potato
140.0,24.6147,90.9501,24.9777,59.2222,6.0304,171.4594,tomato
68.832,64.6611,68.1784,17.0165,78.3307,5.4077,104.852,strawberry
79.6078,58.8715,96.6723,18.5661,66.1051,5.9398,76.9042,cherry
115.3015,59.4617,102.7979,27.0453,51.3998,5.6738,122.6642,bell_pepper
125.6231,61.8844,90.9501,15.4059,73.6003,6.3538,74.6805,tomato
83.4413,67.8794,53.9106,21.9218,64.5461,5.3751,36.0567,cherry
71.8942,27.8639,89.1614,18.2515,67.7949,6.6677,87.4824,peach
95.1177,60.1552,86.0533,29.5917,51.6544,6.5972,106.6885,tomato
83.7873,48.1947,105.4155,20.3464,72.1126,5.3164,81.0271,strawberry
72.048,5.7244,86.6343,23.4487,62.3562,6.6571,89.3026,peach
33.2877,46.8771,42.8815,19.6838,60.6064,6.3725,85.0502,grapes
85.404,27.3732,108.9962,23.1544,57.2697,6.9721,70.7605,peach
112.6928,48.4666,81.4363,27.0457,62.7291,5.75,69.8298,bell_pepper
84.4767,42.8461,125.0266,19.7207,64.4363,5.633,113.4242,strawberry
6.057,60.4808,45.9996,25.4959,37.4302,6.3244,66.7233,grapes
95.161,40.0667,67.0429,26.4932,76.6771,6.6869,170.1405,maize
128.6528,51.8791,103.4855,18.3385,68.9308,6.3186,100.1251,potato
89.8577,49.8233,72.6808,18.6625,65.2864,6.9657,16.9708,peach
96.0906,33.0655,81.6259,28.374,80.1022,5.6239,83.7227,bell_pepper
89.103,39.9121,93.77,21.5437,72.2418,5.6045,64.8227,strawberry
70.1825,47.3913,66.4697,19.5057,61.6659,6.0444,77.441,strawberry
43.0003,115.1896,157.4463,20.1891,55.4751,6.4586,124.7778,apple
108.6771,66.0477,65.5084,24.6541,74.2559,5.1994,89.1215,bell_pepper
88.6394,55.0216,32.5723,17.4971,57.2951,6.1164,109.0485,peach
91.8233,66.0389,68.1279,21.2479,58.8132,6.204,81.9488,peach
89.3471,40.3776,83.6642,26.4493,61.3632,6.2717,67.7064,peach
81.9234,49.2841,75.3805,22.8209,72.3299,6.2648,76.0055,peach
24.8916,58.7226,40.4515,17.4956,44.1266,5.9783,45.4958,grapes
98.0018,41.0702,55.1089,21.9779,39.1879,6.1641,74.1049,cherry
98.9082,70.7649,116.1578,21.2423,90.8203,5.5561,101.1315,potato
63.2143,54.5369,83.1112,14.8462,76.4039,6.6231,57.7554,bell_pepper
47.773,40.9478,71.0035,18.2373,77.0285,5.9667,113.9924,strawberry
106.7276,88.0975,85.6163,31.2183,58.1302,6.2539,127.272,tomato
103.8657,55.3884,95.5816,17.4518,61.4656,5.5401,113.2094,potato
78.9427,82.5507,58.0214,23.502,82.1335,6.5863,107.9427,tomato
95.0063,49.8753,65.0596,20.7947,65.1924,6.9733,80.0953,peach
89.707,48.9124,94.5412,19.8915,83.5881,5.9148,76.108,potato
6.2244,124.058,148.0538,18.6608,73.3039,6.0525,126.6626,apple
63.7974,31.0234,99.4717,14.4937,66.5543,6.3959,70.2498,cherry
14.842,135.2348,164.2731,14.5671,71.5912,5.4287,54.2696,apple
74.1265,61.6683,65.486,21.3231,56.8661,6.4648,95.0924,cherry
68.6831,37.401,74.6348,12.0318,47.8371,6.0918,76.2163,cherry
61.1292,33.5342,48.4462,13.3976,57.9057,6.2433,93.3605,cherry
61.3482,50.6678,112.5848,15.6323,81.7679,5.1104,79.6622,strawberry
86.3879,50.3763,41.8518,23.8045,70.6459,6.1812,73.0473,maize
18.9936,61.946,57.4823,25.9572,56.9507,6.5857,40.4957,grapes
23.3688,39.6173,60.1815,25.938,51.2807,6.086,76.5308,grapes
124.9411,46.4829,102.9863,27.2478,78.7878,6.8684,96.987,bell_pepper
97.3009,52.1355,39.096,29.8665,57.1957,6.3967,102.5158,maize
47.3517,47.9933,27.5202,28.7012,66.038,6.0147,78.2155,maize
105.0824,69.847,117.735,22.3114,81.8742,6.4099,115.5513,tomato
48.3234,46.1762,96.4016,24.4387,57.5491,6.6983,101.2753,peach
97.486,57.7574,89.9676,22.789,76.5847,5.9984,66.8345,bell_pepper
63.108,118.3096,153.1934,20.3022,71.8509,5.7014,88.6503,apple
111.8206,42.4777,96.9955,27.4545,70.4556,6.5718,91.0076,tomato
5.3173,58.7397,62.4737,24.2284,42.7384,6.1667,116.5468,grapes
90.0846,38.7354,77.7955,24.1937,60.2373,6.4292,64.7548,peach
50.7614,44.9027,78.8688,16.1187,75.268,6.1146,109.2311,strawberry
17.1648,44.3833,58.0547,20.1742,55.5124,5.6866,36.0591,grapes
100.2982,50.8421,99.7261,26.9419,78.5217,6.6923,65.8698,tomato
64.5899,55.7488,44.4337,25.5695,48.2259,5.8285,127.9255,maize
83.1126,82.7836,93.896,15.914,90.2952,5.4856,116.2053,potato
84.108,32.072,36.3488,23.4763,64.7055,6.5686,156.0963,maize
121.6789,50.1501,91.0536,24.926,79.807,5.8223,133.7067,bell_pepper
89.2677,52.4968,87.456,27.1691,71.1985,6.2932,112.1574,bell_pepper
78.2411,52.328,92.8507,22.4343,62.4768,6.9119,134.2475,tomato
121.5242,62.5154,104.9313,22.759,72.009,6.4164,64.3748,bell_pepper
139.5158,61.4869,100.6565,31.6218,65.6604,6.6171,92.4814,tomato
56.3434,58.6421,41.1305,22.4048,68.875,6.4734,77.2241,grapes
36.6816,48.1852,63.4531,28.1094,48.4584,6.2918,62.2363,maize
87.3286,43.6826,49.4214,28.2563,56.6795,6.1,58.7322,maize
19.5206,66.3552,64.8565,22.554,50.4109,6.643,30.1108,grapes
80.3248,69.2413,74.7132,24.482,71.2966,6.3399,68.6774,tomato
86.3599,48.0942,89.4407,20.8908,81.2131,4.7709,105.0735,potato
38.879,42.5523,62.0388,22.6779,58.6597,6.7057,65.514,peach
87.9645,58.9374,60.3966,23.5062,63.6663,6.0996,61.9055,tomato
98.5774,67.9713,84.0557,25.2732,42.4762,6.8221,89.5823,peach
59.0167,59.3637,77.793,17.3745,76.3281,5.8503,90.3409,potato
34.0662,24.1602,68.0895,22.6228,53.9061,6.2777,33.6629,grapes
83.5217,42.8476,35.0072,25.4822,74.3267,6.2156,132.1822,maize
97.7485,54.5985,83.6365,23.1906,70.5682,6.2231,101.1556,bell_pepper
140.0,35.0773,82.6661,23.6154,65.1919,6.9259,116.9898,tomato
84.4818,58.9929,104.6225,29.4123,68.1809,5.7932,104.7657,tomato
35.4303,70.492,46.4038,21.1359,57.9094,6.8582,18.7469,grapes
65.1986,41.7165,44.9725,22.0789,61.5673,6.589,90.1967,maize
124.256,17.6951,101.1749,16.6415,57.4776,5.5427,115.7657,potato
31.922,71.4456,60.2478,22.8527,49.3752,6.2356,39.6864,grapes
111.8761,52.0173,33.5478,21.8576,60.2337,6.5543,152.9085,maize
126.526,63.3871,90.7767,18.2217,75.4554,7.3969,113.6528,tomato
75.3587,57.3113,55.7321,13.9509,47.3866,6.6446,26.8367,cherry
118.5113,47.4739,56.9639,26.0929,60.1316,5.9011,134.5679,bell_pepper
109.364,51.5622,116.3503,20.9217,65.7811,5.4425,109.9045,potato
93.1225,42.9094,89.9107,15.6397,72.8453,6.4348,72.703,cherry
109.5236,46.0611,77.7247,26.277,69.2651,5.3387,98.7678,bell_pepper
44.2324,54.006,67.4012,25.752,54.7027,6.4527,60.8338,maize
138.4813,31.5699,106.5554,21.301,61.0368,6.8697,41.6765,tomato
5.4203,124.8764,158.4711,15.9221,62.0909,6.2639,146.9526,apple
74.5505,23.0089,112.7947,21.0785,72.0673,6.8674,136.8499,tomato
33.0952,71.8192,60.4947,22.8225,49.6021,6.1686,39.2445,grapes
35.4063,41.2269,53.7093,27.1191,59.6024,6.0702,105.2324,grapes
81.7153,39.7322,63.2508,19.9041,61.7892,6.0413,84.8941,cherry
51.1375,54.0978,87.4192,15.1032,63.2376,5.3477,86.4742,strawberry
106.6327,40.8231,48.5701,22.0059,48.6189,6.4976,89.4091,maize
122.5961,41.6815,94.0138,25.4682,53.0693,6.3239,131.8086,bell_pepper
78.2081,53.9881,100.2033,16.1174,73.7227,6.4593,97.0419,cherry
81.1801,46.0237,35.4157,13.3425,51.8954,6.8374,91.9652,cherry
4.2578,104.4291,136.4547,20.4433,67.0563,6.2775,126.6374,apple
44.1722,23.5825,77.5548,20.3791,62.5255,7.2749,66.6124,peach
69.9607,47.88,53.2393,20.9209,78.4301,5.8269,108.2552,strawberry
93.1515,50.0544,50.0268,22.2727,82.7973,6.2544,73.3948,maize
95.4686,45.2905,98.452,19.9062,67.3013,6.4817,87.619,bell_pepper
104.9797,76.6923,109.9536,14.0801,71.1333,5.7646,167.8336,potato
60.5882,51.2548,105.4096,13.5717,71.2914,6.1012,70.5453,potato
119.8377,39.2397,126.1774,28.1267,77.116,5.8593,87.5651,tomato
69.2699,47.8405,91.5232,13.6964,100.0,6.2769,117.637,potato
84.9841,54.2244,105.3693,26.0818,58.8531,6.1443,100.1599,peach
13.8731,115.2459,135.4685,16.1141,54.4341,6.1746,94.0137,apple
56.735,46.0573,60.1271,20.6893,68.4802,7.0926,18.9752,grapes
106.2544,41.366,109.2368,16.0215,85.0532,5.5972,58.8449,potato
13.1642,124.7541,160.3369,24.4535,79.5668,5.7921,107.3272,apple
44.2774,120.2921,158.3396,16.1873,65.9282,6.04,144.4767,apple
118.3736,35.3243,100.5269,26.0158,72.6633,7.0313,162.2594,tomato
5.0896,54.4552,53.332,24.7159,58.7676,5.4158,97.5911,grapes
5.6621,131.9286,143.8689,16.3514,86.7987,6.3039,138.8239,apple
63.2496,49.4674,63.0793,17.3638,84.2989,6.4482,93.1628,peach
110.5902,18.114,70.3522,27.3463,80.7692,6.2228,91.711,bell_pepper
42.697,45.9192,61.972,25.4611,65.2196,6.212,59.0036,grapes
51.362,132.9732,148.5787,19.7545,55.1245,6.1531,143.4312,apple
81.5908,43.9382,72.6136,22.8388,70.4032,6.1014,80.644,peach
108.1621,56.1648,81.5727,19.8187,76.0609,5.9362,110.4141,potato
74.2656,47.2267,120.7273,13.2792,82.7025,5.4874,83.0789,strawberry
116.952,45.8228,38.3975,27.2983,57.2929,6.1568,103.5833,maize
44.0423,105.7217,163.7174,17.3385,63.0916,6.1611,80.3899,apple
55.1429,129.8694,141.7217,15.1225,79.1542,5.8068,72.1713,apple
91.84,64.4876,88.9939,26.0473,92.084,6.3531,79.4284,bell_pepper
98.23,61.4079,92.455,25.4088,90.9889,5.5673,67.2894,bell_pepper
95.3591,63.5072,29.0481,23.7618,67.0708,6.7005,92.9103,maize
87.274,58.1402,74.8469,19.6279,69.0266,6.0299,95.3732,cherry
22.1496,42.1051,65.349,25.649,51.6682,5.9016,15.5127,grapes
31.461,30.6898,46.2175,26.0919,78.2944,6.4172,47.3473,grapes
69.2704,45.6555,94.4942,18.714,42.0781,6.7033,47.1968,peach
92.6722,35.533,100.7892,16.941,83.1438,6.0514,104.2216,potato
70.6604,34.4346,90.5244,12.7266,68.4758,5.3828,81.6269,strawberry
121.1896,47.2542,79.3863,25.1658,71.7776,6.4767,95.8792,bell_pepper
33.2585,43.1529,53.2,27.9658,56.6452,6.1794,62.9476,grapes
91.1376,55.8964,100.3471,22.5715,68.6916,6.1324,135.5429,potato
103.1363,46.2867,67.8952,26.518,56.9921,6.2112,83.4264,bell_pepper
34.5222,51.64,72.1913,26.3089,60.9859,6.4418,86.0825,grapes
49.2998,114.0414,136.191,13.5234,75.5245,5.7173,133.7791,apple
78.2481,67.6782,61.3316,15.4552,44.8151,6.6949,83.0485,peach
83.6775,55.1119,27.3113,22.5489,54.7122,7.1191,135.604,maize
43.9644,130.8571,149.333,21.5051,75.168,4.6622,84.9518,apple
73.2903,39.5154,89.2233,19.8189,68.7104,5.8424,93.7644,bell_pepper
68.0308,45.6526,47.9973,22.211,79.284,5.815,126.9404,strawberry
93.506,43.9375,96.5598,24.4611,53.1986,6.0573,120.3803,tomato
70.0622,31.0325,77.2897,32.38,46.9435,6.2098,90.9769,peach
79.9422,26.4718,110.799,19.3615,39.7941,5.347,107.4685,cherry
20.1245,51.0333,71.1872,25.0503,46.0968,6.1528,29.7474,grapes
63.1039,39.1518,58.24,21.7336,63.8141,6.1903,43.6467,grapes
81.6971,55.1144,88.428,16.5048,74.4989,5.5722,98.3885,strawberry
75.7026,48.3237,40.1051,19.4693,72.5174,6.8339,51.6251,peach
76.1946,49.3566,56.3041,21.6593,65.0865,5.9222,99.8208,potato
4.5059,55.0283,60.1713,21.2901,60.7399,6.5165,56.5171,grapes
67.6757,25.0649,150.482,14.4493,76.2025,5.6247,123.1324,potato
30.7364,48.7495,64.0661,25.8196,35.3132,6.207,104.6457,grapes
86.6853,46.9738,84.6469,21.8944,79.6834,5.7985,77.9754,potato
121.2663,44.3304,76.5326,23.0355,80.2886,6.9783,94.0087,bell_pepper
32.1437,133.6776,152.1744,19.2082,69.1205,6.3447,76.1298,apple
46.1986,38.2564,55.0884,15.4224,71.9204,7.65,76.624,cherry
80.5852,42.7839,63.3558,19.0931,71.1034,6.0512,80.1772,peach
83.1465,42.8006,108.5571,22.7971,87.8117,5.2848,62.903,potato
99.0808,87.6577,80.9018,30.8272,65.3642,6.9251,88.3782,tomato
93.2397,44.2522,101.6879,24.896,53.5705,6.794,104.9273,tomato
62.9044,33.7228,58.6204,23.1099,53.8959,5.9668,97.1868,grapes
86.7112,45.0719,60.9311,30.0191,66.0092,6.4473,89.4177,maize
95.932,28.1833,68.4703,22.9335,56.8569,6.4375,74.7506,cherry
69.0036,54.5678,41.4575,15.6125,76.5989,6.4704,77.8437,maize
104.825,39.0304,73.9527,14.583,55.4237,5.7176,103.357,cherry
116.7218,43.9992,62.1782,23.6414,68.8196,6.3365,57.6708,tomato
78.1976,28.7359,45.0442,20.4692,79.0419,7.0074,89.0912,cherry
94.8816,62.7255,96.2938,15.9649,75.2724,6.3455,126.8411,tomato
80.3222,52.2487,68.0143,20.1225,58.4212,5.9701,69.6693,strawberry
112.9356,57.3369,77.9282,27.1968,74.6743,6.6485,128.3799,tomato
80.9045,59.0213,79.3876,19.5093,80.7729,5.9902,37.667,potato
77.6651,48.0633,98.034,27.1669,75.3267,6.3245,71.6666,peach
66.2754,59.9965,84.1568,19.1467,74.5035,6.1818,84.845,cherry
89.1027,56.2349,104.6791,24.8872,73.857,6.0576,132.8027,tomato
21.7298,51.5294,55.9881,29.6806,57.0152,6.4069,44.4032,grapes
140.0,38.322,100.6474,30.4982,58.585,5.8232,108.8174,tomato
59.4694,47.7576,65.4618,20.3487,80.4301,5.9671,133.6547,strawberry
70.431,46.3764,70.9276,19.3431,75.2688,6.6117,45.9661,cherry
80.3226,45.291,110.6986,18.1478,73.7154,5.769,92.0433,strawberry
139.64,33.5735,97.7392,16.5139,71.1053,5.7821,124.1811,potato
106.0403,29.5527,53.5249,23.1945,71.1133,5.8808,105.0006,maize
128.834,70.5427,112.0698,29.5947,89.6954,5.9801,87.509,tomato
99.61,30.1405,35.337,21.6634,65.073,7.0893,177.198,maize
101.7629,36.2698,79.6085,14.7291,41.5752,6.5954,82.2359,peach
69.8177,43.0717,84.3059,18.4546,72.5344,6.5278,51.404,cherry
37.0432,61.6619,52.2597,23.9998,62.6803,5.3395,64.7773,grapes
86.32,53.0204,95.5977,19.8247,59.2972,6.0517,59.4362,potato
53.1988,47.5853,63.2273,26.2123,62.5529,5.9108,94.006,grapes
113.6081,32.8288,90.2747,22.3136,70.2539,6.3628,132.2617,bell_pepper
25.3736,122.358,149.5129,17.3929,69.322,6.617,72.3053,apple
72.0833,70.2098,109.8451,18.6493,72.2755,6.4042,100.5763,strawberry
52.3091,50.6978,56.533,24.9114,61.274,6.5677,125.5792,grapes
78.4176,49.0758,93.3301,18.1148,75.6306,5.2943,113.9385,strawberry
76.8172,42.1593,92.2068,16.203,81.976,5.7698,76.6325,strawberry
106.6762,54.932,27.0966,31.084,69.6714,6.229,131.1329,bell_pepper
72.9003,56.5614,41.8162,24.1634,57.3191,6.4118,77.7109,maize
74.0681,71.395,71.1903,17.0474,75.9259,6.6424,25.6799,peach
48.6121,45.1865,87.9469,17.701,69.1365,6.2343,42.8016,cherry
49.5954,123.9643,144.1272,13.2747,58.7299,6.2656,122.8066,apple
53.6349,134.9655,127.187,18.7672,68.2968,5.1532,69.9615,apple
98.7122,71.9267,96.365,22.3148,57.5852,6.1432,75.2583,bell_pepper
18.9832,51.3642,79.0322,23.6494,54.605,6.0701,89.5265,grapes
65.5374,43.2793,27.4787,14.7781,72.5647,6.0197,109.6167,cherry
55.9071,54.6557,54.6268,24.0541,68.3648,6.1943,75.6052,maize
55.6022,37.0561,97.3506,21.2435,55.0391,6.5284,72.2765,peach
110.4259,60.943,119.9346,21.7009,56.9457,5.5754,89.6804,potato
108.0689,60.9623,54.5222,20.8159,69.213,6.1232,48.5345,maize
49.7308,44.1981,74.6055,17.0362,66.3309,5.878,85.3844,strawberry
18.6634,141.2462,152.6842,23.8332,62.6125,5.7536,106.4009,apple
87.2105,50.0228,71.8251,23.2147,67.3536,6.3395,111.3159,peach
128.6617,58.0805,65.6092,21.0734,82.4165,5.8255,119.4404,bell_pepper
81.4338,52.3851,114.9665,17.4762,79.0874,5.5202,76.0253,potato
90.7124,56.7853,100.2133,15.4295,63.6849,6.1709,110.1849,potato
102.4101,51.4798,56.505,28.0399,97.4839,7.153,82.0732,bell_pepper
140.0,33.0375,95.6626,15.0418,73.464,5.4276,104.4355,potato
79.1654,46.6807,106.9597,16.1025,67.3164,5.958,118.0664,potato
114.6517,54.2869,75.4162,26.3366,78.8498,6.6186,89.8372,bell_pepper
33.0558,123.5995,110.3675,15.6239,71.4581,6.4255,125.4615,apple
115.4735,69.9243,41.9962,22.3134,55.6379,6.8042,57.5274,maize
74.0838,33.9459,77.4503,18.1083,78.4218,6.7948,82.176,cherry
86.6733,53.9183,131.5422,18.556,61.7255,6.2649,115.9747,potato
86.4955,47.5433,27.7242,22.542,62.4972,6.5396,120.7107,maize
114.6748,35.0309,71.8128,27.9041,61.4225,6.4863,47.0211,peach
30.079,114.7274,169.0466,18.283,58.4323,5.8806,62.9076,apple
108.1728,48.0577,47.9928,19.3771,58.5365,6.3462,120.2228,tomato
36.528,112.3716,144.4052,16.0764,82.1524,5.9193,142.0039,apple
111.1073,47.0519,113.0169,25.4564,60.0344,7.2537,45.184,tomato
65.6735,62.8821,30.9512,22.722,65.2297,7.1786,90.4116,maize
80.3169,41.2102,106.7377,19.0316,69.2685,6.4537,74.4622,potato
74.9382,20.7623,66.2532,16.651,76.2324,6.648,110.5498,cherry
20.6231,137.7838,135.0754,17.3352,65.5956,6.144,127.047,apple
65.4237,31.1712,125.0251,17.6189,53.4803,5.6136,41.9868,peach
86.2393,47.5283,95.9524,21.7811,60.6514,5.8633,37.0907,potato
112.997,45.039,81.5182,25.8177,71.4134,6.1774,100.6045,bell_pepper
91.3014,57.8776,107.8665,22.8721,57.5591,6.3178,118.7133,bell_pepper
116.5463,32.2441,113.8242,30.9923,76.8881,6.1353,97.013,bell_pepper
81.1695,51.9205,78.5878,17.6449,83.9565,6.2255,117.5985,potato
83.8217,23.1106,43.8951,21.1472,69.4459,5.881,109.927,maize
140.0,48.9277,84.1295,28.5734,78.7968,5.783,122.0675,bell_pepper
123.2741,81.1668,84.3231,32.8948,71.7116,6.8945,97.7541,tomato
65.5294,77.5747,123.4219,15.971,63.6962,5.8107,139.8791,strawberry
85.9929,81.7098,104.1662,21.2389,68.9955,5.3159,133.8466,bell_pepper
107.8844,60.4419,86.0881,26.8164,59.6961,6.0131,108.6271,bell_pepper
119.1095,40.4615,87.0584,23.0096,69.1634,6.0572,85.1976,tomato
39.6966,145.0,156.035,18.8047,81.2092,6.3584,70.8016,apple
114.8658,40.2599,40.2563,20.5641,74.2163,7.203,41.3792,maize
60.9091,35.0568,65.9867,28.5149,79.5831,6.4831,88.2245,peach
9.7744,129.1116,145.0297,16.1916,64.3784,6.109,129.6626,apple
40.8305,32.8538,70.3851,22.2158,60.7279,6.5801,25.9228,grapes
122.3558,50.7878,46.9957,20.2737,65.1651,6.6043,97.0369,maize
91.1199,40.7741,47.9792,26.6293,58.041,6.1861,27.026,maize
82.2337,37.0264,57.9686,20.101,84.5324,6.6859,84.9668,cherry
24.5381,36.1351,51.7154,24.1479,56.7321,6.641,14.9628,grapes
63.6347,51.9067,120.8259,20.0458,92.7786,5.4895,131.0458,strawberry
65.8911,32.4785,46.528,21.9473,76.511,5.6523,150.5935,strawberry
19.9227,114.2932,141.1391,21.0858,64.4125,6.1771,110.1516,apple
126.0533,52.6545,91.6854,26.7365,74.2775,6.2115,63.7193,tomato
70.4816,56.1601,86.7387,20.9776,58.057,6.1629,131.8413,tomato
92.1674,68.2604,77.9037,21.9581,59.2372,5.505,124.2916,tomato
48.4697,81.5624,78.0655,24.8794,59.0687,6.2886,96.5091,bell_pepper
89.3038,44.9319,31.8529,19.6755,66.7408,6.9842,110.3999,maize
38.2522,137.6775,150.0952,14.6263,70.7264,6.6808,85.9168,apple
103.2515,34.0617,102.4227,20.3342,72.9912,6.3196,91.3278,peach
77.0395,45.1167,80.8112,19.9616,59.9825,6.0542,87.158,peach
85.1088,60.4146,28.1235,26.2587,57.8232,5.7384,65.7533,maize
57.0045,43.8734,106.119,21.6272,73.193,6.3228,48.8144,strawberry
99.1638,26.3983,38.0123,27.1611,52.0963,6.4956,107.331,maize
87.6234,37.272,39.8966,23.0229,59.1789,6.6213,111.8606,maize
84.4594,45.925,95.7301,22.806,58.5919,6.5962,83.8212,tomato
73.4574,41.728,92.8026,30.2668,44.688,5.9007,103.1453,tomato
84.2661,44.9392,42.3899,23.5012,64.474,6.3365,113.5954,maize
37.7514,117.7852,150.0957,17.896,76.8177,7.0687,91.029,apple
97.8857,45.0183,95.8114,21.5952,57.9607,7.1024,83.0576,cherry
103.1928,55.9996,112.2929,16.5878,61.4647,6.0823,87.7722,potato
3.2765,123.6451,153.5643,11.591,67.852,5.9018,74.4648,apple
73.9405,59.8394,116.2771,17.1331,83.0207,5.5766,64.4099,cherry
140.0,58.8546,90.5577,27.1354,73.9878,6.3847,52.6857,bell_pepper
60.2555,35.4602,56.2166,19.705,55.9503,5.2275,54.2028,peach
28.7559,34.1795,50.1422,21.5536,48.0496,6.2551,77.2878,grapes
66.4366,40.5403,47.5606,23.6043,66.5009,5.9649,92.5187,maize
20.678,35.0877,61.3605,16.1906,81.9366,5.3132,79.3786,strawberry
12.8268,112.2589,141.9053,20.0659,49.5254,6.0006,107.6301,apple
110.3498,49.253,70.7041,26.4355,70.8827,6.3652,71.8629,peach
81.051,58.6801,133.2203,25.4124,72.5111,5.9916,97.0131,bell_pepper
35.7598,43.8218,61.4279,20.3736,58.4887,6.5024,97.3464,grapes
131.4577,29.6579,128.3749,29.9968,75.6719,6.4258,134.8316,tomato
63.3334,53.245,46.339,14.5813,79.9091,6.4828,77.7061,cherry
15.8746,119.9259,157.2141,16.0608,63.814,6.1716,98.3609,apple
5.7353,128.0411,158.4754,12.7205,41.3852,5.9957,86.7336,apple
81.8633,40.9526,46.7711,16.9664,59.7454,5.7267,67.7454,cherry
83.2237,55.0959,54.3508,22.7586,62.8193,6.7552,86.3991,cherry
34.2475,119.7688,141.9093,12.8583,69.4207,5.5161,65.3497,apple
5.6679,49.901,60.4206,23.2515,58.8023,6.3654,106.877,grapes
89.2547,53.6403,34.5345,23.2753,64.7497,5.7572,65.8406,maize
109.5228,47.24,87.6192,24.1435,61.6998,6.5863,142.2247,bell_pepper
32.6923,63.9013,54.1251,27.1214,55.1964,6.7138,112.3616,grapes
120.3249,59.9928,85.7299,24.7996,67.3337,6.2781,129.2905,tomato
90.3015,75.9065,42.0582,28.4062,58.3784,6.4225,125.3007,maize
69.503,46.3466,100.4829,19.8873,97.5215,5.859,67.072,strawberry
22.0859,121.384,171.0543,21.8197,77.2021,6.0287,96.4736,apple
72.2461,39.6099,53.5948,26.8737,70.0834,6.8027,36.1699,maize
100.8113,27.9744,109.3071,25.295,64.2207,6.5684,95.4159,tomato
60.3917,50.6919,36.9312,28.1065,67.3755,6.8834,77.3662,maize
63.896,40.8958,94.8629,16.4797,63.5945,5.7046,73.9644,strawberry
31.4918,60.6857,42.2902,21.0513,46.6124,6.4793,87.2209,grapes
74.592,45.6709,30.519,19.6188,70.1362,5.7598,119.1015,cherry
79.4154,61.8649,59.6182,16.4345,91.8382,5.817,69.0547,strawberry
118.9359,52.1891,37.3633,18.7479,67.5775,6.1821,61.9984,peach
63.2721,55.7311,83.6193,25.3362,65.6591,6.787,132.8497,bell_pepper
60.0795,24.4028,73.4679,22.5658,67.9648,5.6734,76.3741,peach
69.0928,32.4717,125.2338,26.8929,82.3472,6.8026,137.6006,tomato
21.5306,57.041,65.5259,27.8818,46.0188,6.7647,69.3193,grapes
130.071,38.769,79.5345,23.6066,49.4073,5.6362,76.9793,peach
69.2047,79.8904,46.5785,25.0244,69.8104,7.1781,133.0683,maize
112.3282,58.7379,89.223,17.7557,64.4287,5.1405,78.8895,potato
69.566,64.7122,78.462,22.3321,67.0759,6.1286,79.4821,cherry
8.4866,125.2791,158.0288,17.9005,79.2824,6.2945,57.3982,apple
24.1965,53.2986,54.0261,24.8482,58.8623,7.025,17.5116,grapes
58.1435,42.5802,104.7924,15.745,77.0419,6.5108,92.8808,potato
78.6564,54.4337,87.6057,20.4038,63.7865,6.7311,69.6334,bell_pepper
6.6232,60.6736,58.2792,21.796,44.6029,6.3726,67.9551,grapes
76.7177,48.1569,68.0726,18.4053,66.0798,6.3769,60.4049,cherry
61.6094,51.8293,109.6948,14.0008,54.871,6.9127,85.1092,peach
87.1993,50.6406,94.1146,19.0573,56.3335,4.8426,88.9908,potato
107.463,70.1056,119.3899,18.4992,75.111,5.7072,65.0048,potato
140.0,34.7473,76.9767,29.0392,68.8668,6.4219,125.2484,bell_pepper
5.2993,39.8796,56.5475,24.2877,47.7299,6.3159,46.3993,grapes
68.7968,67.1877,85.3829,19.8829,71.3892,6.0774,54.7278,cherry
114.1981,55.0924,88.1466,27.8085,53.7359,6.6652,43.4324,bell_pepper
19.1105,60.0825,51.9135,25.3105,56.2929,6.3187,105.0541,grapes
129.683,44.8202,73.632,20.3501,63.4383,6.0291,73.2761,bell_pepper
110.4493,47.5396,101.7754,17.027,73.6086,5.6623,113.6346,potato
37.5762,128.8356,150.9609,16.2853,73.9106,5.1405,124.3441,apple
50.4881,40.4374,70.1825,18.2179,76.2641,5.828,86.3655,strawberry
140.0,64.2734,98.8711,24.9667,72.3735,6.2421,130.3061,tomato
28.8705,111.6278,150.193,14.2339,88.6343,6.3005,123.662,apple
124.158,65.948,142.1406,33.1669,80.5276,5.6445,104.2434,tomato
70.6141,58.6718,69.1391,22.7957,71.9376,5.4324,30.8203,peach
43.1763,47.2529,64.4734,23.5751,33.7834,5.9781,73.5987,grapes
140.0,59.4015,69.7922,27.9209,73.4817,6.3283,125.3038,tomato
46.8142,44.4245,49.1463,19.5649,58.3421,6.4382,102.7434,grapes
6.1876,119.3466,145.1201,19.7164,65.7647,5.7904,89.0293,apple
59.3781,55.2502,98.3939,14.2245,62.9762,5.3485,89.8836,strawberry
81.874,46.5389,78.7813,15.0781,70.1386,5.6814,89.9334,strawberry
64.3567,38.4582,119.9925,14.8753,66.0959,5.4891,87.9547,strawberry
85.4844,51.2365,96.0558,22.4254,58.0411,6.7837,79.5962,cherry
117.6774,55.6553,103.6965,25.197,67.7862,5.4938,107.5765,bell_pepper
86.8783,43.8316,49.9102,27.8546,55.8287,6.1274,54.0648,maize
74.7424,48.9387,108.1014,19.4777,75.3249,5.6907,67.7806,potato
90.0274,56.6017,83.0896,21.5115,56.7573,6.9262,48.8443,peach
72.2664,51.4195,78.9879,20.8494,70.8118,5.3356,61.2511,strawberry
67.7259,47.9498,27.7998,17.965,71.3266,6.0939,135.3312,maize
38.4865,104.9663,151.2958,20.2112,69.2179,5.4842,90.8833,apple
97.8108,50.8296,94.7812,19.8012,82.9549,6.3914,84.0539,cherry
105.6625,47.0832,88.3397,27.2501,67.006,6.5147,118.002,bell_pepper
91.4903,33.5067,37.7055,17.8632,67.0142,6.2153,55.2355,maize
56.7388,29.335,91.9988,14.1572,70.575,5.2934,90.8345,strawberry
23.0722,107.4061,148.7764,15.4733,72.765,5.8561,61.4806,apple
47.4773,54.624,69.0828,25.6937,54.5104,6.5383,58.8058,maize
76.9791,42.4148,131.0248,12.8686,79.1794,5.5533,101.5796,potato
92.5262,53.1091,76.591,29.9089,54.5078,5.3376,93.4294,bell_pepper
96.2617,62.9034,86.3839,26.4326,59.8063,5.9484,93.5996,bell_pepper
14.1998,136.01,132.8304,15.4874,70.2759,5.6618,103.5383,apple
37.4329,77.4284,41.9841,18.857,73.5175,6.3322,52.3233,grapes
78.1124,36.6255,95.604,29.0112,74.5628,6.3901,65.5628,bell_pepper
11.8986,117.4332,149.8882,20.1953,74.9504,5.6597,139.0716,apple
63.5264,59.5584,61.5295,26.1269,49.6828,5.7525,34.1272,grapes
23.8307,36.4867,52.0119,24.1764,57.1478,6.6079,14.9599,grapes
81.0447,58.7292,67.6106,24.6121,54.6901,5.8951,52.733,peach
88.5096,54.7014,102.0013,29.6924,76.8007,6.7586,89.5862,tomato
66.5315,27.6681,94.9142,16.3933,80.7731,5.7951,103.1216,potato
47.2557,64.7327,45.5206,23.9047,50.0186,5.4823,46.2945,grapes
67.0345,51.4482,31.2344,26.104,74.4922,6.527,40.9256,maize
53.9565,48.993,47.1021,16.9199,74.8371,5.8648,119.2769,strawberry
24.3493,109.9347,167.2317,17.6602,84.6639,5.7435,142.8247,apple
87.9205,49.1504,81.5173,30.869,86.9083,5.7353,66.6795,bell_pepper
51.4971,60.7168,95.1577,27.297,78.3163,6.9521,62.1784,tomato
82.6229,74.4055,83.0168,30.4846,72.0515,6.8071,102.2355,bell_pepper
121.2027,69.4219,77.5602,24.3725,77.3759,5.9076,68.9965,bell_pepper
77.0116,56.3571,82.5938,26.7009,60.4731,6.6741,100.5248,peach
99.2637,31.0773,53.3698,23.0076,52.6742,7.0744,104.6145,maize
86.7386,45.7033,129.9126,16.156,74.9202,5.2377,118.988,strawberry
42.6388,47.9985,47.4174,18.5713,52.1258,6.8018,81.8364,cherry
92.4352,31.7601,53.7936,19.6504,74.3033,5.5293,111.9613,strawberry
76.044,48.1595,76.6115,19.6408,70.7171,5.5484,106.431,potato
105.3151,73.2872,32.0572,20.8324,57.1419,7.0669,144.3064,maize
93.2845,54.2111,30.2877,25.6755,52.9738,6.1321,144.421,maize
99.4412,55.7605,109.5495,19.178,58.2967,5.4715,157.8282,potato
85.4451,54.1715,53.9859,23.959,66.7063,6.1045,116.119,peach
46.3666,53.8495,30.3249,24.5003,67.9972,6.6393,64.8126,maize
11.0258,47.0477,81.6073,24.9002,43.4216,6.0849,43.8951,grapes
75.7523,48.0523,63.3044,15.4288,74.6089,6.8716,90.155,cherry
107.2959,37.0106,42.943,21.2377,59.6669,7.0076,107.7107,maize
47.5196,60.192,121.607,23.0032,66.3996,5.9837,134.2194,potato
94.1548,62.6505,87.6551,29.268,72.657,5.7494,105.2952,tomato
73.626,56.5796,35.9672,22.6338,62.1135,6.9051,37.7044,maize
47.4371,124.5094,166.0231,19.5175,80.3638,5.8949,63.1456,apple
86.1525,38.5182,38.592,22.965,58.8612,6.5857,111.2179,maize
129.0682,50.8991,88.7337,26.4861,59.0902,6.392,42.6676,peach
121.3557,60.6967,104.7305,21.7003,80.8511,6.7765,74.772,tomato
28.2894,127.7963,156.9943,22.7856,75.2355,5.2067,122.1044,apple
137.5858,60.0083,113.0693,25.8211,82.6265,6.4988,103.6147,bell_pepper
37.7941,66.2194,61.1814,23.5811,71.1724,6.0877,29.2286,grapes
103.5276,44.9309,81.136,21.9568,69.2526,5.9455,131.3146,potato
99.9011,49.3885,104.46,24.3445,67.2447,7.4174,118.088,tomato
69.8043,44.4704,95.7356,19.6117,61.4995,5.6688,92.9508,strawberry
62.0094,50.6916,57.4612,19.0825,78.5292,5.3156,109.9638,strawberry
54.2211,46.3283,70.9463,12.5127,65.178,5.8918,111.427,cherry
5.6666,118.3824,143.9882,17.8592,75.4107,6.7195,130.7174,apple
90.4909,52.9414,133.9288,19.4201,68.6979,6.0684,73.8885,potato
90.8084,31.856,37.5867,17.6421,67.2558,6.2245,52.9153,maize
98.1069,38.612,39.3296,23.0107,68.0273,5.5271,136.8039,maize
62.3836,62.6531,109.4297,23.2724,68.5534,5.2415,108.9348,potato
21.8337,50.5543,46.0423,25.7081,54.3183,6.3725,110.311,grapes
64.6564,53.4054,73.4095,16.8898,51.5135,5.7658,112.0998,cherry
64.6795,35.8113,53.7306,14.1928,94.6303,6.3407,147.7059,strawberry
79.5251,46.3285,41.3703,29.2492,62.2341,6.4101,76.1559,maize
104.6646,59.4156,68.7676,28.1058,84.5452,6.2004,79.9998,bell_pepper
89.8361,83.1219,77.8624,21.9622,70.23,6.5063,42.2436,bell_pepper
112.8072,58.8145,69.7025,30.4963,80.2992,5.9778,102.2527,bell_pepper
58.3791,56.9288,47.4349,27.9371,63.0801,6.3485,110.0946,maize
80.9244,49.7823,33.9335,20.0391,66.8144,6.2108,63.9811,peach
116.3156,41.313,84.5954,24.1361,72.3667,6.6823,118.8726,bell_pepper
96.4704,63.4021,85.5972,24.5497,52.997,6.8709,10.1536,peach
97.8149,32.6817,70.9401,20.5151,56.7431,6.62,104.9535,cherry
102.5347,42.833,73.5183,22.1409,64.6112,5.4475,84.9847,potato
70.9417,47.4278,93.2559,21.0564,49.7153,6.0643,81.8291,peach
80.9064,52.5656,44.0069,23.0748,52.7898,6.4662,98.3329,maize
87.2218,56.3975,90.3419,16.113,82.0092,5.8576,67.3501,potato
10.5736,122.3306,138.7775,19.8013,85.097,6.8783,78.4152,apple
76.8305,26.3855,111.4489,19.6877,60.8232,6.0621,68.4995,peach
82.2661,64.6131,51.2312,16.8913,64.3531,7.6038,113.8953,cherry
60.6074,41.7337,61.1048,25.0402,53.079,5.6482,149.9316,grapes
4.7649,51.6077,46.7329,24.867,48.5059,6.0861,106.5595,grapes
69.351,68.124,68.9769,28.5859,66.7301,6.097,103.9281,tomato
125.0709,24.8998,135.313,24.9344,57.2271,7.2176,117.4654,tomato
71.0164,59.994,76.2037,20.3181,83.023,6.3423,77.0962,tomato
60.0437,56.123,97.5835,13.1679,63.6439,5.7209,127.7859,strawberry
89.4822,70.9803,69.856,18.3862,57.5297,5.8931,105.8419,peach
76.572,23.3703,58.9644,23.3716,61.22,6.2272,93.0934,cherry
77.294,57.2495,65.4633,24.2325,58.1729,5.9566,124.2901,maize
111.1492,34.4512,76.2409,25.1104,81.1504,6.3744,126.7543,bell_pepper
124.4372,21.7913,94.6859,16.7086,63.4695,5.4525,83.1871,potato
82.1884,55.393,86.0858,17.0776,60.3914,6.417,123.1207,cherry
44.9324,45.9601,115.7293,16.577,63.1487,5.2917,80.3975,strawberry
96.4141,81.1688,37.3962,24.427,60.7672,6.2009,161.3147,maize
92.2157,45.999,78.273,29.4367,65.8192,6.6755,111.9548,tomato
3.9649,141.8128,138.6402,20.0779,57.6438,7.0315,67.8764,apple
82.8422,44.8408,103.6428,16.6676,67.3611,5.952,113.0158,potato
78.3856,50.135,64.6386,18.2466,51.7983,5.4658,85.852,cherry
117.5607,55.3543,125.9986,19.5511,76.556,5.6936,95.5943,potato
77.5285,57.1264,75.2234,22.6465,52.0941,6.8172,92.9582,cherry
108.2166,65.3431,100.4085,25.2664,72.4231,5.9473,61.2126,bell_pepper
67.5308,48.4941,61.371,22.1436,82.3907,5.8554,89.1039,cherry
30.5164,43.2104,44.5373,22.8131,47.5779,6.2114,74.5616,grapes
53.743,58.3693,47.4134,19.4487,70.851,7.5353,85.0689,cherry
93.9829,49.2651,43.9713,23.8754,70.7722,6.4053,77.6458,maize
14.7364,109.3997,156.0165,15.0752,61.6624,6.2681,88.9014,apple
130.9961,76.7163,59.5304,23.9601,70.9555,6.5939,120.5018,tomato
36.9764,64.8671,62.3487,23.4139,70.4498,6.1245,29.0114,grapes
41.8088,32.0655,78.0931,15.6504,71.1759,5.9104,104.8107,strawberry
28.6464,59.1928,40.534,17.2093,43.8458,5.9993,49.2988,grapes
58.4524,34.9351,86.792,14.1109,52.3783,6.5754,84.391,cherry
41.1757,111.7162,150.3934,14.5313,68.9303,6.3402,134.0925,apple
28.5646,34.7132,58.4408,24.0583,64.3995,6.6373,104.05,grapes
113.6615,61.7058,33.9163,22.4583,81.4092,6.4285,94.5073,maize
91.111,91.3394,101.9621,17.4995,69.5257,5.6783,68.4099,potato
123.9896,30.8057,47.3256,13.6537,65.2282,5.6224,88.2671,potato
37.6,129.2633,147.087,17.5062,73.2686,5.8687,92.0213,apple
67.3001,29.6011,57.2927,28.1648,69.8897,6.0671,168.0583,maize
36.2283,40.4143,68.0289,20.5967,56.7569,6.2898,105.6833,peach
38.3519,28.5691,77.3914,18.0687,80.253,6.0657,61.0401,cherry
84.8374,38.6271,41.3244,22.1027,56.5674,5.7509,92.7624,maize
109.1426,36.9471,112.1333,19.2931,71.1943,6.0723,122.3633,potato
70.4131,46.0714,67.509,21.1466,52.3869,5.8535,53.4234,strawberry
77.8933,57.5664,100.5671,19.0947,69.3052,5.9306,91.1538,strawberry
30.6752,116.7984,135.5722,11.8025,76.4628,6.3531,47.4309,apple
43.3533,46.9304,81.6058,11.7818,73.7466,6.2483,65.1502,cherry
15.282,133.0127,143.6802,19.9562,75.1901,5.8953,143.2289,apple
140.0,52.124,129.0264,30.4494,52.6182,7.0592,78.6676,tomato
3.622,140.6111,155.5731,17.507,56.5144,5.7613,148.6813,apple
6.3195,66.2447,56.4945,19.5396,59.67,6.3832,60.6497,grapes
67.9609,47.8717,70.9902,21.0458,76.4043,6.4589,90.3543,grapes
82.9439,56.1648,26.6458,21.9891,54.8713,7.0916,131.3535,maize
92.9956,21.5328,89.7124,13.0761,77.4092,5.7509,93.2937,potato
51.9203,33.6928,99.2789,18.0006,73.2367,5.2645,119.1878,strawberry
47.8641,53.0248,66.6884,25.9014,54.0752,6.5019,60.105,maize
53.5322,32.3216,125.9666,17.306,85.9003,6.2051,133.2275,potato
56.8434,55.3035,84.9469,13.3109,59.1602,5.5403,90.4235,strawberry
106.2539,44.6292,59.0445,13.5297,58.2563,5.7378,85.5538,potato
111.0181,51.9541,66.0272,25.2095,56.3842,5.2692,112.8507,bell_pepper
4.8331,134.5755,153.8632,16.012,56.0618,6.1155,86.2592,apple
86.5427,38.6179,68.9658,25.636,61.0999,5.7937,124.7352,bell_pepper
84.4941,57.0611,71.2962,15.9318,58.3845,6.0297,89.9746,cherry
64.4085,40.1789,41.509,29.2412,68.938,6.0485,79.9628,maize
15.5455,110.5175,157.0184,20.6295,72.4455,5.4739,111.1599,apple
52.5326,38.8605,61.6004,21.7105,54.5496,5.9076,57.6161,grapes
28.6122,43.3068,64.4034,23.4171,51.1747,6.6641,76.8821,grapes
120.6031,63.0214,99.7464,30.3883,64.599,6.4771,58.2244,tomato
91.0674,78.7047,118.4818,19.0691,70.7927,6.2358,91.121,potato
12.4658,65.9644,53.1045,28.8773,42.0044,6.5764,37.4674,grapes
116.0095,52.5604,68.7774,30.8188,47.4565,6.3261,114.7007,peach
94.275,52.3623,68.9086,21.0605,64.8383,5.6564,144.2854,potato
99.4719,59.6136,97.9778,23.6445,70.5285,5.1944,102.6978,tomato
4.994,50.8562,47.9292,19.967,47.6723,6.081,61.7486,grapes
124.907,58.7623,111.271,15.9883,66.977,5.9804,40.7705,potato
86.93,30.0663,143.4439,20.1105,54.9161,6.2789,79.672,potato
17.7946,119.4564,171.1748,20.5227,80.6247,5.7747,76.4323,apple
87.4913,51.3609,46.8659,26.7903,58.5783,6.1614,155.1445,maize
31.0711,121.893,146.8093,22.4551,70.2965,5.8767,79.7592,apple
45.1197,116.1175,151.3421,16.3776,63.6458,5.8723,90.8473,apple
99.4716,62.1735,117.8701,20.2516,71.5555,5.9185,79.9764,potato
93.3115,61.216,94.1423,21.7268,65.368,5.7881,100.4461,tomato
106.7611,53.5656,91.2739,27.4739,95.6242,6.8396,18.8141,bell_pepper
66.1971,51.144,95.1181,16.7122,69.2169,5.8677,83.7312,strawberry
67.5901,75.7176,103.241,25.1839,54.5339,6.1768,87.8925,peach
6.0922,49.1856,71.1159,20.7632,55.3871,6.4969,21.8871,grapes
122.9396,67.165,76.606,14.5222,67.1987,7.3244,99.7259,peach
109.2097,47.6984,53.1609,25.9183,69.902,6.1661,126.8785,tomato
73.9999,43.7601,76.0271,27.3795,67.9461,6.6028,70.0859,bell_pepper
42.6853,46.2585,61.7179,25.5345,64.7471,6.2084,57.2047,grapes
92.7447,52.283,43.7243,23.3478,58.5418,6.5528,93.7747,maize
91.706,80.1231,73.9393,13.573,63.4539,6.0675,85.5963,potato
107.7339,71.5695,136.1919,26.4133,71.1853,6.1427,104.5547,tomato
75.7523,46.0889,74.2843,26.9414,68.4921,6.1718,129.0315,tomato
60.738,47.8842,43.1273,19.0893,62.5448,6.3166,118.1113,strawberry
10.908,124.0312,148.8608,22.3757,66.1384,6.3672,139.6133,apple
90.5812,55.6652,49.6439,19.3494,63.0469,5.7702,189.5303,maize
109.5719,57.1051,71.7084,24.7869,59.6579,6.251,80.2905,tomato
73.7274,50.8803,92.9585,21.3116,71.8541,5.4949,81.5046,potato
55.2916,38.2641,71.642,11.3675,67.7683,6.0195,82.5809,strawberry
79.5466,17.4239,53.6513,17.4261,85.1295,5.3521,92.0231,strawberry
99.8017,39.27,100.0838,10.1932,70.6917,6.8936,62.472,cherry
85.006,37.292,53.0393,25.8316,71.8861,6.884,83.3475,maize
92.361,47.6348,56.5974,13.3195,58.994,5.7647,76.72,cherry
76.8972,46.5435,124.4621,31.1801,78.7316,5.7447,124.5603,bell_pepper
83.5758,28.4842,108.6177,20.5838,83.5917,5.9019,95.2511,bell_pepper
82.1223,46.1209,53.0221,27.4017,77.9647,5.7085,35.9171,bell_pepper
125.8363,71.7433,83.5874,23.4306,70.2926,6.1292,100.7019,bell_pepper
75.2797,50.2191,100.5388,20.5351,84.1655,6.2294,90.0729,strawberry
116.8066,43.0596,109.8734,29.0902,77.8427,6.0664,36.981,tomato
123.0819,63.1172,108.7447,29.6625,68.3755,6.2009,83.2193,bell_pepper
53.7804,70.4299,54.7834,26.7252,53.4488,6.0949,30.4339,grapes
85.9705,43.486,46.5356,20.4274,71.436,5.9002,162.768,maize
105.6558,41.1844,88.2623,21.2389,64.7085,6.0376,168.4433,potato
111.8028,45.1977,37.8971,25.3356,57.4295,6.898,117.7984,maize
79.1574,53.2318,71.7012,28.9654,65.9636,6.1487,74.4498,bell_pepper
78.3207,75.5428,134.5292,23.9483,81.3055,6.2552,110.2619,tomato
54.9007,48.3811,90.318,19.8626,70.4454,5.9698,112.51,strawberry
27.1562,111.851,170.0837,22.2743,70.8739,5.3843,169.9992,apple
44.4959,40.0012,75.4046,15.9444,71.0718,5.2107,98.7764,strawberry
63.7412,47.5458,71.8688,19.0423,81.1366,6.2718,117.6318,strawberry
103.7534,71.8337,89.6628,29.5611,62.1237,6.1955,116.7125,bell_pepper
9.3549,124.1053,157.3104,17.5663,79.5041,6.2943,59.7025,apple
100.9322,55.3954,136.5483,24.1186,73.7854,6.3841,120.0421,tomato
87.8896,41.6325,120.7471,14.7057,66.3984,5.8552,61.9374,strawberry
81.1621,33.0079,46.1549,20.2697,72.5426,6.723,76.7801,cherry
33.6144,45.8901,67.0489,22.2285,52.2719,6.556,76.8394,grapes
23.3707,36.0811,50.9122,26.6528,63.7797,6.6065,103.0696,grapes
136.6661,58.8604,143.9848,23.5653,63.0557,6.2202,95.7227,tomato
105.3319,20.4486,96.6672,20.5761,81.7124,6.2184,91.076,potato
70.78,40.6522,87.7843,15.3432,78.7182,6.7096,106.387,cherry
71.7777,30.6016,91.1599,27.7361,74.6804,6.8317,110.997,tomato
108.3367,73.5593,127.2234,21.3699,85.2084,5.7179,100.606,tomato
116.113,35.6644,102.972,18.0094,73.3199,5.8033,113.9619,potato
58.473,78.5722,38.6046,23.9588,67.2608,6.6396,126.6384,grapes
34.3525,65.5782,60.1046,26.2106,56.0246,5.9153,60.1096,grapes
91.6563,41.3506,95.7297,30.2595,82.664,6.6253,57.4172,peach
123.238,64.9692,23.0398,28.2306,73.3284,5.7542,92.6714,maize
102.368,49.6918,116.2747,23.0301,85.0362,5.7173,141.2702,potato
56.2052,29.9587,46.2802,21.527,67.883,6.726,61.7687,maize
140.0,48.2355,45.7087,28.9069,63.4528,6.1488,50.2896,tomato
82.568,56.6785,65.1742,23.9305,35.5182,5.3072,77.2492,peach
74.6244,35.051,93.3092,18.2702,61.1629,6.0441,83.1212,strawberry
57.4763,47.3002,116.1047,17.4392,64.3437,6.5472,82.749,strawberry
40.0962,47.9232,76.7584,28.5579,56.5551,6.2448,63.5784,grapes
66.8698,60.4954,33.2651,22.0781,59.2442,6.3645,115.0765,maize
91.7146,25.9385,97.899,19.4374,60.3694,6.0918,49.725,cherry
140.0,66.1514,58.8335,25.8564,52.5096,5.4405,61.6566,bell_pepper
10.8826,114.6737,152.1027,20.2712,74.5326,5.7218,142.4184,apple
31.9464,56.8324,68.5244,23.6396,55.7743,6.5095,54.5716,grapes
20.5778,53.4483,52.803,30.2142,51.494,6.1982,73.6603,grapes
6.597,131.7685,161.229,20.669,72.2776,5.8251,119.3578,apple
100.1265,32.4466,89.0478,17.2563,78.2471,5.1778,78.1236,strawberry
17.5057,120.9558,140.0916,20.0295,72.2574,6.2469,117.4486,apple
83.7623,40.6318,58.0668,24.7592,62.216,6.3007,61.2982,peach
90.3335,53.7187,62.6224,29.3024,63.9459,6.4796,118.7261,bell_pepper
88.8132,34.5723,140.338,13.3418,63.6155,5.7796,129.564,potato
72.437,34.1738,61.6035,25.3751,55.6217,5.8579,63.1809,peach
69.1975,33.4784,71.1655,23.6912,58.1261,6.226,82.1042,peach
101.5042,43.6092,70.7174,20.1407,64.074,6.3802,71.4987,peach
26.2351,44.5917,42.5092,24.8314,73.9514,5.9877,49.2073,grapes
110.0651,43.2388,98.5508,16.6589,70.232,6.3118,89.159,potato
35.4065,135.8226,154.1447,14.764,75.36,5.9935,101.4448,apple
41.5864,33.702,64.882,23.0521,62.3843,6.4997,137.4726,grapes
107.3773,43.4238,87.0917,23.867,73.2363,5.9078,65.0594,bell_pepper
126.2997,37.4564,101.2482,24.7615,67.8616,5.7022,78.3676,bell_pepper
10.1025,145.0,145.8958,18.4534,77.1326,5.9137,115.4927,apple
68.5789,25.7235,47.2554,30.4556,76.7288,6.2622,104.627,maize
84.5473,66.5365,75.7178,20.7556,61.4261,6.1979,86.805,peach
73.7029,59.4435,73.7641,21.62,54.3958,6.2118,71.8334,cherry
95.3166,30.2693,94.4663,24.2207,68.3084,6.284,52.4065,peach
81.6671,71.9248,33.4682,22.962,79.2209,6.8377,88.6386,peach
90.4749,36.1791,46.7281,28.3927,50.099,7.2876,62.1847,peach
4.7454,136.9409,130.0438,18.58,83.5465,6.2922,139.0759,apple
18.7575,130.4619,155.8557,17.2634,76.2409,5.1494,75.7363,apple
75.4563,36.8886,62.2222,21.3851,67.5129,6.1928,63.9443,cherry
98.4504,43.7222,74.178,24.9975,65.8218,6.2454,112.2074,bell_pepper
92.4478,53.7922,42.4725,19.1676,60.4738,6.2471,91.9354,maize
15.7708,124.2587,142.4432,14.6922,72.971,6.7432,147.4829,apple
88.4522,54.2767,59.2948,24.6479,64.2886,7.0149,138.538,maize
121.6395,16.4188,69.1401,27.5903,51.8645,5.6124,125.5033,tomato
104.779,43.9291,128.8996,18.4698,73.4065,6.1962,79.2743,potato
81.9618,56.8463,43.901,19.8365,53.4432,5.8218,122.6971,maize
73.1704,36.7592,133.7808,23.591,52.378,5.6667,117.385,bell_pepper
57.462,16.6364,71.4741,17.4958,79.0551,6.2044,102.9347,strawberry
108.6256,50.4591,88.5488,12.8965,75.463,6.1473,86.9526,cherry
41.6814,53.0607,54.3274,25.1197,70.8088,6.2599,42.8368,maize
115.6733,55.811,45.2147,23.7683,58.8462,6.3656,135.9298,maize
59.8246,60.3975,96.4988,17.0462,68.0696,5.3149,116.0231,potato
140.0,56.2795,121.9097,21.3949,70.2639,7.4015,86.3258,bell_pepper
4.2054,133.9622,153.6054,16.1915,56.348,6.1634,84.1172,apple
34.3275,46.8846,61.1299,18.0959,87.5866,6.1354,78.7818,strawberry
79.5648,70.804,24.5301,22.8688,75.8125,5.7953,85.1588,maize
3.4769,44.3354,57.3464,21.5038,57.342,6.902,55.8964,grapes
76.1165,77.8848,56.8194,22.7064,80.0827,6.6461,139.585,bell_pepper
4.8319,58.1708,66.1623,25.6488,57.8688,6.5734,93.4506,grapes
60.0652,34.9463,69.4591,30.4306,60.6646,5.9991,54.3237,peach
33.5394,134.4921,131.0468,13.1515,55.0472,5.8453,61.9866,apple
68.7284,37.2569,63.3415,23.7052,49.1806,6.3756,70.6967,peach
120.9054,30.3618,85.6924,24.0432,73.2591,5.3532,103.441,bell_pepper
19.4592,61.783,55.9709,25.6767,58.2653,6.6387,39.8783,grapes
132.7507,59.8506,62.8579,34.3558,81.4042,6.6273,120.5392,bell_pepper
49.4587,38.5927,94.7723,10.7545,82.3976,5.7331,111.1564,strawberry
20.8644,145.0,149.2468,20.3482,56.8217,6.2436,96.6098,apple
94.9916,54.988,88.1044,13.8452,62.1556,6.5483,51.255,strawberry
93.0415,39.213,94.4505,22.2177,68.2096,5.7461,72.9671,strawberry
18.7946,57.5287,43.23,22.4172,63.171,7.0781,45.6228,grapes
105.0699,43.5836,75.2192,16.9552,88.3714,6.2665,134.4673,potato
92.4288,40.5062,48.5777,26.0681,57.8067,6.1853,28.4019,maize
5.0121,117.0956,125.1579,24.8636,71.7052,6.1462,131.9484,apple
94.22,49.7466,93.0309,20.4717,88.3591,6.0349,119.5277,tomato
90.5737,54.8882,48.8212,19.5367,63.0759,5.7441,192.6189,maize
108.7156,47.3721,103.4722,26.7125,62.9398,6.4311,117.2482,tomato
55.1538,34.5267,87.3417,15.4574,45.5071,5.4226,115.9208,strawberry
64.8546,43.256,45.0405,22.1867,62.0875,6.627,93.2981,maize
51.1462,24.7322,83.6427,21.7214,66.4546,6.6483,56.876,peach
77.9065,45.8371,104.4003,17.4089,77.0769,5.9257,91.2144,potato
14.7261,18.0144,55.2716,24.7671,49.4722,6.3039,86.6926,grapes
73.4772,48.5322,75.6501,18.6559,51.3921,6.69,68.9242,peach
111.7286,60.9149,42.1726,22.5359,75.1725,5.979,119.7657,maize
83.6124,37.6625,91.3082,20.3952,84.5343,5.4479,125.7531,strawberry
70.7365,47.8541,80.7128,21.4914,65.9805,6.3157,96.6712,cherry
75.8626,53.0174,43.2063,23.0716,62.2148,6.1791,46.5825,maize
85.9426,49.5651,32.121,24.3176,69.4228,6.49,126.5047,maize
44.4192,121.0271,158.8297,17.4593,65.6891,5.7212,173.6437,apple
70.0337,50.7011,110.9903,16.0043,85.8933,5.8676,90.372,strawberry
88.095,39.3274,60.6005,19.6823,51.589,6.1065,79.2419,peach
93.7077,59.5688,86.8635,30.1937,66.159,5.7755,65.1334,tomato
84.3172,36.8684,99.9224,15.1021,67.1239,5.847,70.2777,strawberry
33.3467,48.0685,58.6398,28.463,47.5986,6.2162,14.5763,grapes
110.7754,54.7848,62.162,25.3727,95.3744,6.422,92.2218,bell_pepper
64.3249,23.763,115.5154,19.0137,88.6706,6.0833,92.8918,strawberry
85.4452,45.0649,92.8505,19.0552,47.7595,6.2777,98.5975,potato
33.7786,121.7801,154.0425,19.4137,66.7061,6.1448,107.4706,apple
56.5374,54.8745,67.3342,16.1296,59.1731,6.3503,97.6155,cherry
22.5514,34.1263,57.536,19.92,72.0187,6.1848,67.1751,grapes
76.4597,37.5886,66.5502,27.923,73.0287,6.7434,116.3231,tomato
77.6995,53.3735,103.2907,13.4414,84.2958,5.7384,96.3606,potato
102.3796,36.5903,100.9818,23.2103,70.1962,5.7351,99.1892,potato
98.1818,49.8731,105.3205,28.3991,63.7077,5.723,54.204,peach
72.654,52.4178,24.5361,26.0733,56.6883,6.549,88.4455,maize
70.8639,28.483,63.0987,18.4845,63.7627,6.6927,86.5981,peach
28.6569,52.4667,71.495,22.0809,65.5626,6.1681,93.9662,cherry
97.0971,18.2925,120.3967,16.6274,76.4774,5.4597,122.1954,potato
65.8778,53.9871,83.0625,14.8427,67.461,6.1651,122.1511,potato
120.4028,65.2723,81.1177,28.0325,78.6047,6.3935,95.1985,bell_pepper
91.8178,33.6319,57.6844,14.1883,69.1526,6.0325,74.746,cherry
45.3166,46.2784,55.9932,22.1948,69.6899,6.932,46.4089,grapes
82.8317,39.1398,69.4625,15.6648,64.5346,5.6785,126.6565,cherry
50.0033,27.8858,76.0981,15.8134,89.1186,5.6639,111.2672,strawberry
91.2911,57.6799,84.297,25.8503,75.1471,6.4447,96.0518,peach
118.9016,47.267,89.5253,29.0835,86.8807,6.7774,110.2417,tomato
89.9492,39.1794,26.381,18.4088,61.7373,6.9231,78.401,cherry
109.7015,48.9993,58.9673,12.4866,77.35,6.549,74.3713,cherry
66.7888,52.5626,88.7434,18.3781,79.8436,5.3035,67.9089,strawberry
90.9525,75.23,73.8128,25.9053,44.4886,5.9779,53.2992,tomato
73.0971,49.9364,40.6818,23.1088,62.3247,6.1327,48.9659,maize
83.4355,18.4965,67.3413,12.996,81.5185,5.0735,100.0214,strawberry
15.3793,137.1723,132.6145,15.7452,70.6896,5.7535,105.1174,apple
37.4253,56.5399,51.2545,21.5341,47.6289,6.3816,66.9618,grapes
28.1092,141.5739,140.7527,18.1982,74.2077,6.2278,153.6366,apple
117.2083,37.0963,124.3031,18.2866,64.1221,5.2898,89.9691,potato
94.9661,51.5979,109.7061,18.3622,70.9827,5.8234,75.6014,strawberry
52.1974,59.3053,55.552,17.1764,82.3128,5.8244,137.8934,potato
114.2923,54.492,90.3448,26.0865,53.3372,6.0782,151.5382,bell_pepper
106.3952,44.4542,157.6708,15.7246,89.0187,5.5812,108.4593,potato
37.8579,52.1084,67.2965,20.2643,47.2811,6.1152,184.276,grapes
19.549,126.972,168.2269,16.4021,75.7184,6.3951,103.9774,apple
86.8904,46.3452,100.9374,22.1127,59.5153,6.0992,110.7554,tomato
99.2335,52.6567,72.0623,26.7136,53.3785,6.56,102.6536,tomato
98.6554,54.674,46.1914,23.1686,58.3584,6.6112,119.9191,maize
4.0885,46.4696,55.5001,22.2873,50.311,6.1955,99.2352,grapes
22.8314,37.7905,55.0667,27.187,54.7169,5.3125,31.8234,grapes
84.832,54.0283,43.7453,23.7059,81.7119,6.3321,50.2564,tomato
53.4272,39.9923,81.0857,24.8295,64.1458,6.7639,38.8705,peach
61.4739,55.8638,88.5885,18.5226,91.6555,5.5173,89.3792,strawberry
105.7543,57.8926,34.9957,22.1198,59.1152,6.6938,69.0826,maize
116.5591,31.0675,83.7827,18.2202,74.5859,4.9037,140.5754,potato
90.4458,34.5653,30.9091,23.7398,69.572,6.8442,125.179,maize
63.1904,31.3749,120.0418,16.7832,81.0524,6.2755,86.5645,strawberry
98.1598,57.6904,108.6541,15.9992,72.9293,5.876,115.6544,potato
80.1815,47.8575,46.1881,14.0722,67.7434,7.1759,125.6257,cherry
86.8304,35.7863,72.3999,12.9388,62.2075,5.4715,69.9777,strawberry
110.6106,44.9303,86.8379,19.3784,67.3479,6.2702,78.2997,tomato
111.7146,61.7748,94.1283,19.0847,63.3787,5.94,130.6672,potato
85.2857,21.4185,71.5146,10.7593,79.675,5.8342,132.6233,potato
97.8289,49.8225,98.1173,25.6668,68.8793,5.6076,132.4194,bell_pepper
86.7486,64.648,67.7624,18.2457,86.0845,5.7637,93.933,potato
104.9732,62.3302,97.35,28.4731,87.8001,7.0341,19.6752,tomato
102.6036,40.2272,80.9873,20.2647,67.4613,6.8141,85.433,peach
102.8401,66.6979,54.2402,23.8966,78.1753,6.1145,110.1145,tomato
44.0838,46.1162,128.9947,17.7394,61.2606,6.2907,89.706,strawberry
99.6308,46.4962,29.0079,25.5497,66.5716,6.3198,102.8824,maize
32.9264,53.8599,72.5987,25.0105,37.5012,6.2258,138.0593,grapes
115.5861,30.8472,92.5904,24.8508,65.2268,6.0762,94.419,tomato
62.1312,52.9145,36.2854,28.2732,67.968,6.9308,75.4049,maize
21.8252,54.9185,65.4301,27.9066,45.4852,6.8219,70.2722,grapes
109.6997,58.8182,93.9536,21.8773,72.4024,5.6267,111.0882,bell_pepper
140.0,48.2828,80.5772,25.0138,50.4371,6.4948,78.7215,tomato
78.6657,56.4886,84.1151,18.5887,39.3069,6.7144,69.9786,cherry
75.5675,39.9846,46.0097,12.0883,78.525,7.3875,101.3644,cherry
9.0904,115.7837,147.7191,19.3536,66.0014,6.4293,114.4839,apple
113.3969,36.5115,99.3448,21.7706,68.0688,6.1849,119.6661,tomato
5.508,55.2214,45.8709,26.1187,43.4014,6.0921,45.1174,grapes
71.8536,40.6126,70.1917,16.3745,64.3615,5.6328,73.9959,cherry
35.6101,54.5985,63.5129,19.9659,47.7659,5.7405,89.3107,grapes
140.0,53.5523,89.0624,29.3903,69.005,6.7917,89.2454,tomato
140.0,74.3985,105.9368,22.8372,78.2421,6.63,97.4719,bell_pepper
97.6147,54.416,127.8399,19.2061,80.8659,6.0823,116.1131,potato
62.4294,38.2903,80.2176,20.3577,87.5222,5.5838,77.9595,strawberry
28.4483,112.2771,146.1957,17.2133,77.3355,6.0092,103.8196,apple
59.3672,50.4634,66.6984,17.9896,62.1677,7.2429,40.0197,cherry
85.9273,63.4591,49.1334,21.282,71.47,6.6893,78.5474,maize
82.1106,42.1536,35.1069,19.0106,66.1842,6.4211,38.4673,peach
90.3677,49.5262,82.6178,20.1395,60.1049,6.6412,73.5592,cherry
42.7188,126.7138,136.8674,14.1438,50.3116,5.7385,125.5069,apple
71.3444,30.2545,119.7779,23.8116,77.7404,6.8355,106.6618,tomato
43.3849,29.0581,87.2005,21.5961,60.063,6.668,60.524,cherry
65.2948,41.4818,64.0794,24.8825,69.8917,6.867,114.0133,cherry
46.9038,28.1026,95.0426,18.6878,84.1807,5.7929,64.8137,strawberry
32.094,42.2046,52.551,28.1579,56.7999,6.1315,63.1985,grapes
88.1409,61.4668,25.5395,23.9687,55.0905,6.59,132.9788,maize
13.7446,135.8682,158.7308,21.7543,74.0819,5.3279,118.5167,apple
55.0255,47.284,92.5525,18.8858,76.7771,5.7533,108.9748,strawberry
78.7315,43.8686,64.2754,17.9681,50.9963,6.3107,67.0482,peach
87.2504,35.2616,87.7047,21.9884,66.0946,6.1135,92.5655,bell_pepper
111.0059,57.9825,104.586,25.4942,62.9996,6.3088,105.6325,tomato
52.8872,64.1179,51.339,31.0938,52.3268,7.0149,104.3935,maize
60.781,52.2192,55.5466,16.7106,75.4499,6.7939,74.3052,cherry
50.6338,45.058,44.3534,22.7213,51.1623,5.9665,95.1717,grapes
89.4023,60.4195,74.2021,24.0198,61.74,5.9765,117.588,tomato
21.9852,123.5195,137.2959,11.8668,72.8001,5.9087,108.5303,apple
96.0749,42.3768,96.0959,25.4706,61.2787,6.5784,67.3051,tomato
99.8071,92.5083,115.9126,28.3647,91.3824,6.5952,85.0215,bell_pepper
137.5637,70.1419,70.8988,22.4453,66.9209,6.3343,111.1884,tomato
33.0941,38.9947,65.8783,19.5119,47.527,5.5901,86.019,grapes
50.6559,46.2708,54.1561,15.8816,64.7355,6.2644,94.6419,cherry
113.2857,57.434,73.9887,22.4288,57.0971,6.135,79.394,tomato
97.5137,54.1139,108.8621,22.0479,52.7002,7.1496,79.0651,tomato
76.3386,44.7821,97.1714,21.8848,76.8897,6.6553,74.2555,peach
53.1778,112.4663,151.412,21.9019,75.5647,5.6854,89.6073,apple
119.1144,62.362,33.0466,23.5265,66.4431,7.0094,117.443,maize
34.0762,145.0,148.4599,24.4006,52.422,5.7451,70.7843,apple
63.3055,50.3691,62.3925,16.8105,67.7829,6.3416,77.5649,cherry
100.4695,56.2285,116.2575,16.0972,78.8665,5.7709,110.8866,potato
85.087,43.1541,85.6013,15.1045,83.5237,5.531,134.5424,strawberry
24.6973,34.0216,73.0357,23.0236,62.3508,6.8074,30.4703,grapes
101.028,30.0209,56.8642,26.146,64.296,6.6696,77.9181,maize
116.0545,47.2471,76.2031,24.308,84.9994,5.5195,93.9212,tomato
89.2181,54.3256,58.8428,25.2455,70.8979,6.6978,66.3498,maize
51.6431,47.5814,69.0621,13.5946,69.1494,6.8205,75.861,cherry
104.8108,54.3652,100.3781,22.1063,57.6199,5.3979,124.3394,tomato
88.3948,57.269,70.2353,14.6661,64.8058,5.3979,84.5694,cherry
53.5998,45.3932,65.7806,25.8679,61.2133,6.4774,90.4545,grapes
81.8278,51.1774,114.4607,23.323,74.5121,6.0379,76.4082,strawberry
80.533,47.9712,92.3465,17.7753,78.3023,5.6615,136.7709,potato
40.7113,45.8749,62.25,24.983,49.3746,5.8097,69.8856,grapes
106.3676,37.1709,103.2514,16.8231,72.8837,5.1038,85.0684,potato
128.9191,38.5377,63.1629,21.2198,51.57,6.0022,38.7407,cherry
69.7884,39.2411,102.6573,24.1897,72.0525,6.6497,92.3864,tomato
39.3163,102.9016,148.7926,20.0508,68.455,5.4854,91.2904,apple
71.8423,46.5467,38.7018,18.5495,60.0569,5.3525,129.4924,cherry
76.1534,47.6156,88.4524,12.1524,78.3956,5.9535,62.1786,cherry
87.5894,39.7238,139.2162,17.2818,87.6709,6.1058,128.8926,tomato
74.9834,55.5646,75.8506,14.6817,57.7046,5.7152,132.2495,potato
93.9786,32.2181,99.5259,22.8511,72.6015,6.1336,59.7051,cherry
125.6863,55.6356,83.7915,21.6312,65.0912,6.5374,158.7001,bell_pepper
65.9961,44.0801,58.7806,19.6463,52.4837,6.5179,106.9796,cherry
4.7294,32.7627,58.9919,21.2554,47.5784,6.7603,53.0874,grapes
108.849,55.6343,69.8226,22.1482,54.7032,6.0701,125.1166,peach
93.1529,52.8661,44.5019,24.131,71.8404,6.806,135.3042,maize
54.905,47.2336,55.6357,24.4373,63.2835,6.0709,165.672,maize
31.2142,59.1061,56.0153,27.0772,53.3413,6.0136,104.3078,grapes
61.8692,26.5555,82.0546,18.3904,87.3724,5.4104,65.5458,strawberry
68.3631,38.3327,71.4267,17.6587,61.6819,5.91,144.9193,strawberry
60.7591,54.9991,74.7256,18.949,63.8717,6.4405,85.2367,peach
99.4295,39.8358,108.0297,29.9188,54.658,6.9668,25.8331,tomato
100.8042,73.9693,117.0012,20.1402,64.2804,5.981,125.7496,potato
79.6492,53.4939,88.1755,21.6186,74.3934,5.3942,96.8819,strawberry
85.8577,53.3653,65.5782,24.105,60.7339,5.9057,74.2004,tomato
74.5945,35.8216,76.7005,23.9264,89.8583,5.9537,81.4522,strawberry
69.2088,38.6074,77.1733,17.1174,55.2201,7.018,81.8015,cherry
68.5107,41.9819,39.1776,16.7755,63.3013,6.1673,135.2804,maize
67.6552,53.5575,42.7452,15.9662,76.7636,6.4632,75.6364,maize
79.2179,52.706,97.0162,21.3602,59.7648,6.4337,126.9188,bell_pepper
97.4467,54.6392,41.7125,26.5999,74.3298,6.0765,122.0576,bell_pepper
98.8678,51.604,92.08,28.7942,62.6413,6.1346,110.5781,bell_pepper
36.3942,124.5087,137.0409,14.6429,75.8584,5.5122,101.4576,apple
98.3548,31.5776,102.4773,34.2333,77.6431,6.9614,128.2903,tomato
88.7008,44.7162,67.0037,19.4915,43.4157,5.5868,72.482,cherry
98.992,57.2031,72.7012,18.112,63.2937,5.8058,117.6184,strawberry
134.9269,54.9513,101.2353,20.75,66.9364,6.0421,162.8363,potato
34.4841,41.6356,55.7747,26.9209,60.8703,6.053,106.6425,grapes
84.4039,59.5232,26.753,26.3232,58.0871,5.7705,64.2493,maize
68.5947,48.1964,22.3556,18.4995,75.5856,5.7421,117.2627,cherry
110.589,70.1066,69.1863,23.3364,88.1179,5.3787,48.5266,tomato
101.7163,57.7712,57.9422,28.7157,68.8194,5.9429,69.5091,peach
114.6455,37.7853,115.7217,31.5681,75.3036,6.8761,107.3009,bell_pepper
85.8085,63.2529,67.2983,23.6524,48.5418,6.3227,80.4245,peach
86.9831,56.3331,83.5688,18.1612,59.1986,7.2678,46.667,peach
83.6128,49.9594,94.7446,19.6076,72.0119,6.3047,54.0194,peach
100.7941,40.1227,60.1085,21.4522,47.1579,6.732,87.0853,peach
60.4143,36.9283,45.2439,17.3908,64.5448,6.0144,107.8751,maize
5.8167,29.9959,62.3205,24.3657,47.9965,6.4234,26.0097,grapes
95.474,35.3944,83.6465,15.7216,54.145,5.8927,59.9648,cherry
67.031,46.9943,54.3835,24.8521,56.2175,5.592,103.4553,peach
78.7729,81.7019,101.8419,22.5057,76.4776,6.4722,72.3598,strawberry
50.7254,57.5016,62.2822,27.6168,36.9262,7.4751,54.3312,peach
4.0994,36.5824,76.5477,27.4107,56.8946,5.6461,93.5863,grapes
99.874,73.7428,111.5277,30.0897,44.046,5.7202,72.9098,tomato
28.0581,116.6317,161.2778,18.7331,65.2985,5.5542,101.8142,apple
123.3394,61.7846,73.0642,14.7359,81.5564,5.7396,127.9281,strawberry
140.0,63.2569,39.2008,24.4769,38.4989,5.9842,106.9957,bell_pepper
79.9619,58.8839,70.4929,27.7573,79.9993,6.2679,94.4251,bell_pepper
56.5881,51.2005,79.6383,27.2447,43.557,5.7051,103.3594,peach
83.65,36.1193,67.1878,21.3025,73.6637,6.4977,85.1973,peach
76.9055,51.7098,84.2975,19.158,70.6489,5.6108,85.2219,strawberry
72.3422,36.6249,100.249,17.5076,66.8306,5.9933,93.5273,potato
100.9866,40.8399,50.3359,20.2487,56.5829,6.1804,52.8627,peach
35.5907,52.2031,53.0596,23.9707,52.9887,6.9158,79.7415,grapes
58.1045,50.8264,72.9347,17.0679,68.153,5.7105,67.1152,strawberry
5.0114,112.8502,156.6078,17.2737,69.0272,6.2483,154.0511,apple
106.2656,49.5829,86.0163,24.1466,57.1435,5.7039,93.1481,peach
106.8857,49.8971,73.9458,21.8548,68.4542,5.4114,49.4622,bell_pepper
105.8756,16.0652,36.3614,14.214,53.9168,6.8487,114.0046,peach
131.5465,71.3651,76.7486,24.9831,68.406,5.4775,47.2667,bell_pepper
114.0554,74.7778,81.5896,27.1709,59.877,6.7195,56.7273,bell_pepper
117.8895,55.4699,44.6715,23.5478,59.8736,6.459,139.4953,maize
137.6959,45.6586,92.0231,22.4718,54.3901,5.617,63.5108,bell_pepper
89.7191,56.5449,96.37,14.9719,67.3822,5.4604,66.9072,potato
28.725,112.535,149.7009,14.2016,88.2425,6.3394,126.0729,apple
90.9022,54.8318,41.9422,22.2177,61.9534,6.3707,107.2403,maize
117.9472,52.4871,67.3799,22.3797,64.877,6.4738,104.695,tomato
109.1824,66.551,95.7343,28.5134,76.3827,6.0164,76.9563,bell_pepper
113.2267,61.1755,97.375,22.2184,62.1361,6.0995,127.7946,tomato
65.9513,61.3351,45.8143,24.3838,55.6451,5.7904,65.6121,maize
30.3266,135.7687,159.6779,24.2307,64.447,6.1349,93.3999,apple
102.117,74.811,86.2417,16.5111,74.7887,5.1472,110.4356,potato
91.9589,34.8313,75.9407,13.4669,59.8291,6.9508,54.8984,cherry
101.8856,48.5103,111.8522,15.3074,70.9417,5.6617,139.4969,potato
32.4592,125.7576,158.2614,21.8984,53.1399,5.9676,81.3066,apple
26.3986,50.9598,54.8867,24.3614,56.819,6.2779,37.7421,grapes
60.4616,16.6116,74.5432,21.0917,55.8678,6.0866,122.6767,cherry
51.7902,23.264,111.2848,16.0905,55.5577,6.168,88.9814,strawberry
60.9782,41.1443,61.3047,24.8364,53.4372,5.6402,149.7304,grapes
75.9352,44.0734,124.7806,19.6167,75.0915,5.5641,78.8208,potato
121.0359,48.6308,64.2695,30.9228,60.8166,7.0319,97.2658,tomato
22.6295,135.2248,161.5435,21.8464,73.1154,5.6338,145.5295,apple
113.981,51.2826,95.2493,28.4374,65.6913,6.1287,38.5993,bell_pepper
86.9924,37.7922,62.3469,25.3212,65.1057,6.4217,62.9551,peach
90.592,59.1023,71.7192,26.4616,70.4086,6.1482,118.9293,tomato
103.1834,52.9657,47.0475,18.7283,80.9243,5.9219,157.584,maize
82.7525,36.3575,62.3289,13.1695,80.8365,6.5138,73.1296,cherry
89.3866,69.6881,31.41,24.5859,58.0465,6.1643,105.687,maize
100.7235,47.2564,117.1922,13.2936,78.2036,5.6231,58.9519,strawberry
97.7449,43.6345,100.5736,21.4893,62.2093,5.4137,104.6353,tomato
22.4385,126.6395,146.0928,18.8742,63.9417,6.2739,121.6021,apple
96.5255,47.2878,86.7987,15.2302,74.7239,5.6855,103.485,potato
95.7447,11.813,70.0989,18.4885,53.0091,6.0218,64.0964,peach
34.2253,48.4535,55.6955,23.7989,49.668,7.3192,71.8743,grapes
91.1815,49.5305,58.9364,24.4651,61.2395,6.4775,76.8401,peach
75.1059,64.3655,70.3822,23.3264,70.5005,5.7773,97.2451,peach
105.0153,42.6071,115.0608,27.6234,60.7163,6.9382,80.707,tomato
54.177,54.8943,49.4325,25.4182,62.7732,6.6409,111.2004,maize
78.2932,47.6285,72.0181,25.3424,47.2327,5.7801,95.4489,peach
110.0018,56.3173,88.1692,21.7625,84.9008,6.2445,88.4858,tomato
93.9685,48.5982,10.9228,24.2978,70.8035,6.5722,102.7758,maize
105.4566,59.6058,58.4579,22.4707,89.3167,6.1964,72.8367,bell_pepper
4.7361,43.2171,48.1216,25.729,78.749,6.3694,25.5045,grapes
13.2526,116.4823,135.617,15.8717,53.8103,6.1851,90.5003,apple
40.8957,121.1587,138.4684,17.3314,69.456,6.2652,131.2315,apple
94.075,67.0213,83.8251,15.4514,71.0105,5.7486,128.8231,potato
30.106,45.9489,66.0803,23.7824,51.2029,6.7297,80.4096,grapes
101.9475,24.2542,35.0351,22.9722,80.549,6.7109,84.6491,maize
5.331,109.9862,142.6688,16.066,90.8103,6.3756,105.1104,apple
118.7172,53.0897,90.6121,19.3232,69.2234,6.6156,51.6566,bell_pepper
6.0952,46.2706,39.9481,27.8961,55.6864,5.996,50.1652,grapes
123.4185,28.0506,123.1024,20.7102,71.856,6.5889,65.6016,tomato
92.9624,36.1084,94.9358,20.0938,48.9252,5.5724,50.8341,peach
26.5983,122.5289,145.0249,13.2833,76.2169,5.3632,138.6547,apple
4.4562,62.1239,64.2958,22.8433,49.7815,5.9517,59.4459,grapes
118.983,51.8895,103.1647,21.6414,65.2198,6.5311,139.7989,tomato
86.8117,36.9741,68.7004,13.7594,72.9296,6.5804,102.7671,cherry
129.5049,77.5317,81.5227,28.0521,68.2639,5.6866,82.3558,bell_pepper
13.9031,58.3255,70.6669,17.0204,55.4967,5.5567,40.9668,grapes
133.1331,48.9651,57.2065,25.2196,73.0891,6.6431,109.7087,tomato
46.0142,123.2991,158.5685,17.8353,64.3135,5.3183,124.0011,apple
36.6637,124.5628,136.0869,14.6433,75.224,5.4792,100.5897,apple
89.4994,48.7346,68.0604,16.5529,62.7829,5.9802,109.8455,strawberry
43.1228,52.5843,58.7075,21.7467,48.4325,6.6851,42.9185,grapes
110.7974,34.0599,85.6794,22.5854,43.4328,6.3988,84.9269,cherry
83.4432,63.4123,114.0095,25.214,84.0568,6.0581,113.4986,tomato
111.1388,13.809,78.9498,19.8086,71.5529,6.1305,89.1929,strawberry
104.4385,60.0021,107.4524,19.6939,66.6485,6.2823,74.194,tomato
43.6913,128.3594,162.287,17.1083,60.3615,6.3437,124.415,apple
74.878,49.5883,90.7223,19.0458,77.843,6.7362,80.1672,cherry
4.4234,111.0634,141.3498,16.2925,90.5899,6.4168,104.8092,apple
36.4493,125.7276,143.039,17.1376,68.8433,6.4191,122.2082,apple
35.0264,42.4399,54.1311,27.1665,60.0559,6.0683,105.874,grapes
15.2821,62.8889,77.2448,22.2373,56.7764,6.1855,104.6785,grapes
109.8327,68.2447,105.266,16.0738,56.6369,6.303,80.5662,potato
4.7214,38.6693,40.3269,25.4223,47.6686,5.5712,55.2612,grapes
113.7527,31.5822,96.6446,16.6703,78.2845,6.1848,98.3864,bell_pepper
78.316,27.7428,85.1595,23.5821,65.4493,6.2955,58.3283,cherry
114.6371,57.2064,83.388,22.4421,70.0784,6.5511,93.8617,tomato
74.7407,24.1768,88.4958,24.3,59.1357,5.2668,76.4878,peach
49.0188,39.973,48.3321,23.4732,70.9253,6.8884,103.1393,cherry
64.4181,57.6933,24.705,21.9298,64.255,6.3158,86.9187,cherry
44.2017,115.5891,148.5176,18.3619,84.9917,6.353,120.1473,apple
7.9533,71.0661,56.3693,24.5878,52.8377,6.6616,82.4515,grapes
117.6807,90.3716,81.6683,31.9772,68.9794,6.6615,87.6394,tomato
3.5577,115.7323,135.6063,20.4071,77.5381,6.0362,103.8575,apple
62.5354,39.9125,51.0641,21.6771,78.7757,6.1087,71.019,cherry
93.3571,41.2321,71.3401,21.2855,81.1642,5.6607,94.4896,cherry
57.1399,46.342,57.1696,23.4339,76.5456,6.5506,120.5839,maize
110.4928,65.073,91.6122,29.5241,63.9318,5.5759,81.2444,bell_pepper
11.2438,131.8258,165.7269,22.4662,64.8064,6.0956,143.1412,apple
16.955,122.5588,159.044,23.5577,78.2055,4.8937,89.8791,apple
45.1234,56.1682,22.0297,25.318,63.0846,6.5229,72.7353,maize
76.5275,54.1215,65.5729,24.1549,58.321,5.8791,123.3862,maize
54.2789,41.6282,45.2566,22.8294,55.265,6.3699,85.4253,grapes
33.3684,40.176,98.195,20.0409,56.8081,5.0273,96.6035,strawberry
87.2936,25.6217,45.7977,21.2561,59.1613,6.601,116.5758,maize
76.0846,53.5953,52.2898,26.0824,73.1316,5.9641,142.0321,maize
57.1204,45.3315,60.2778,20.6146,68.7728,7.112,18.9967,grapes
117.3562,49.7679,52.3935,15.9799,56.3531,6.6837,76.7438,peach
75.385,35.2471,77.8189,21.7619,76.5312,6.391,133.6157,tomato
85.3867,32.7601,115.7841,21.5536,77.6702,6.9576,63.0535,cherry
89.3785,50.9552,48.9443,22.5126,82.1232,6.2616,71.9932,maize
127.7012,67.705,61.5085,22.9024,62.7235,6.1074,99.402,bell_pepper
81.9223,48.8343,57.4173,19.9044,66.8159,6.7041,88.2355,peach
110.4351,28.4453,78.4872,23.8047,48.4589,6.0114,83.1966,peach
100.553,43.9106,95.0514,24.964,60.4017,6.1578,53.8407,peach
88.9371,45.2647,29.8148,25.9574,64.9987,6.746,134.2817,maize
54.8274,54.3863,120.4397,17.6854,63.6842,5.5566,113.0478,potato
83.3312,55.4074,27.5348,22.5279,78.0853,5.9931,134.9708,maize
73.2843,6.0999,86.1301,23.946,73.6979,6.0044,88.1822,cherry
86.549,51.4455,77.778,21.3336,56.1375,6.4365,51.6582,peach
67.0356,46.6717,47.5436,16.1733,51.7228,5.6669,91.146,cherry
53.4701,57.017,41.4567,16.7938,64.0825,6.379,69.9364,cherry
136.1189,57.7225,120.1289,15.9563,55.1679,6.4895,103.9923,potato
3.723,121.0179,162.716,15.7428,63.6152,5.584,69.8588,apple
89.3924,63.1231,119.6495,20.7265,84.2468,5.5077,88.1191,potato
109.5178,50.4616,120.5285,25.5374,81.2603,5.9102,61.7447,tomato
20.4423,137.4735,155.3373,17.488,69.4131,6.0812,132.8383,apple
124.0355,43.5912,52.9133,22.4259,57.2923,5.9333,87.027,tomato
99.8622,52.5378,56.656,24.0764,74.0758,6.2512,79.6747,tomato
43.7753,43.1861,68.7214,21.3802,64.8177,5.6988,105.1983,cherry
30.2135,37.2827,65.398,23.6954,58.969,6.67,66.3152,grapes
123.6713,36.5433,116.7196,26.2144,81.9188,6.2122,133.8957,tomato
39.2993,113.3982,151.086,20.4438,51.9093,6.6931,151.9092,apple
60.2635,42.0437,15.7753,24.016,77.2321,5.7583,89.07,cherry
77.9451,27.1726,84.8979,24.3548,55.3939,6.3329,123.8914,tomato
53.9992,34.5397,68.8209,23.1642,67.1042,6.6428,75.5163,peach
20.7542,124.342,138.2744,17.2872,74.5172,5.6594,123.8585,apple
10.2991,38.4333,64.2612,17.7231,53.3559,6.5676,15.1749,grapes
85.1146,48.7133,102.6478,19.5213,76.919,6.1031,128.927,potato
53.674,51.4014,70.9772,20.9051,53.1419,6.6106,112.2198,cherry
118.8345,49.8407,65.8566,22.4221,73.5897,5.9686,103.3581,peach
76.8882,60.3088,70.643,13.3161,80.3797,6.3246,112.8624,strawberry
66.0067,40.0511,49.9633,23.1888,61.4267,7.2486,117.1639,maize
60.2194,48.874,96.8705,23.7237,46.0179,6.4724,76.6659,tomato
79.3301,60.4096,52.7842,19.2303,48.7913,6.6827,109.5768,cherry
114.1437,83.0767,103.4591,32.6164,68.4163,5.6366,131.9084,tomato
84.8226,28.8353,53.4491,18.1727,62.9807,6.6603,78.6967,cherry
124.682,27.5736,127.3857,26.9538,74.6389,6.2266,105.7204,tomato
73.8261,41.4461,75.5833,23.0939,60.5237,6.3444,68.7661,peach
74.8721,67.9939,26.7332,25.3316,56.4647,6.75,114.0058,maize
140.0,49.3364,73.4359,22.2241,68.3663,6.6983,138.4246,tomato
5.2323,41.6173,50.5124,22.4802,52.2702,6.2933,32.2295,grapes
104.8024,40.5074,45.7471,23.7749,55.8099,6.1709,153.9183,maize
70.3041,47.0993,45.1051,26.7155,40.8991,6.1272,112.035,maize
107.2225,20.9451,67.5714,24.4594,58.5264,7.2122,93.0089,peach
80.1313,49.0746,95.4834,24.2598,69.3892,6.3448,47.2209,peach
44.5817,103.0593,141.5011,17.6893,73.7532,6.7959,80.165,apple
76.7525,75.2126,95.2992,17.7785,67.2389,5.9099,133.2961,potato
39.7857,63.3635,51.5761,25.9254,59.5411,6.1086,71.162,grapes
47.9034,108.0384,145.8437,16.5367,75.4574,6.6754,115.5047,apple
87.7983,51.9933,58.679,25.0864,70.0351,6.6866,65.3304,maize
43.3497,54.5396,67.7806,25.907,55.0102,6.4946,60.7762,maize
116.5407,66.4141,60.5078,21.8955,78.3065,6.0069,114.4136,bell_pepper
113.862,35.5624,59.9941,18.546,44.2088,6.8053,93.4634,peach
76.0236,56.446,80.2147,21.6316,77.1309,6.1344,81.9274,cherry
63.9978,42.4349,42.3235,29.26,69.8084,6.0327,79.1868,maize
9.6184,51.4944,52.093,23.4109,65.6162,6.9848,15.974,grapes
129.8303,27.4458,68.8642,24.4069,54.8631,5.8491,134.0223,bell_pepper
107.7647,31.7526,105.2359,16.4696,73.1353,6.381,88.0744,peach
15.2773,59.4894,30.3461,28.3229,62.6281,5.2853,81.648,grapes
79.063,22.4427,103.3362,20.173,71.6376,5.7613,34.9626,strawberry
40.9896,28.6578,53.008,20.9292,68.5945,5.9457,86.103,cherry
127.9838,61.1407,89.2867,21.4627,56.7804,7.1437,110.0564,tomato
86.695,67.6845,89.199,22.425,71.4786,6.3007,46.1822,peach
95.468,34.7064,98.3761,17.6824,76.1025,6.0924,114.4991,potato
22.8838,108.1026,158.9151,14.3599,82.4466,5.9969,69.4713,apple
76.9467,70.7532,25.5144,24.9337,56.0647,6.7842,114.4606,maize
140.0,40.0165,78.4185,26.5349,79.4321,5.8936,82.9987,bell_pepper
80.4,50.4692,84.6733,16.7379,58.0886,6.1232,64.9064,cherry
69.2508,47.8636,53.4237,17.9776,60.7152,6.8061,84.2096,cherry
72.3,73.4134,76.6176,15.164,54.1278,6.0486,65.678,peach
102.8173,48.0812,84.9756,25.7382,63.6674,6.0518,122.984,tomato
94.9027,52.6588,60.9745,19.1239,77.2576,5.6823,64.6111,strawberry
79.7384,43.9445,47.5251,23.7526,66.6708,6.9249,53.978,cherry
74.6914,64.5561,129.1893,14.391,53.916,4.7082,112.96,potato
50.5103,50.5968,69.0075,16.794,47.5057,6.2678,70.377,cherry
60.581,40.401,120.9162,19.4043,63.3132,6.4896,121.105,potato
33.7623,124.1284,112.2882,15.5752,72.0615,6.4563,127.4572,apple
78.7961,63.6265,91.5138,26.258,52.1283,7.2387,54.3241,peach
78.3868,49.4365,67.2028,19.001,64.9481,6.1621,73.8537,strawberry
103.4075,59.6811,94.3942,25.1023,76.8281,5.893,84.8551,tomato
25.8315,51.598,65.2482,24.4397,51.1625,6.2072,78.2074,grapes
38.7031,141.4354,134.0484,22.4099,71.1309,5.7801,139.0489,apple
71.9414,49.0448,68.8713,16.6621,66.0586,6.1601,59.0046,cherry
35.6565,14.4325,106.7591,17.7312,66.487,5.6072,101.1515,strawberry
21.6087,31.226,56.5584,27.6731,49.9736,6.0751,33.9247,grapes
4.6974,135.455,166.9776,12.7795,65.6022,5.6654,148.1056,apple
125.3256,49.9085,79.524,16.187,74.7252,5.9211,90.5391,potato
60.6494,67.4409,36.2934,24.5295,73.0501,6.0535,84.5673,maize
85.4669,47.0155,108.2516,14.385,74.0165,6.4428,118.0907,potato
103.2627,39.5739,46.5151,23.7107,55.3932,6.1229,153.4275,maize
17.0678,132.5816,142.0809,17.6752,75.2908,6.3612,136.6379,apple
89.3034,73.4978,125.3784,16.623,60.4719,5.6334,118.1042,potato
44.3908,51.2505,67.4532,20.2134,46.4779,6.0676,66.3134,grapes
120.5575,44.9373,78.2656,27.2513,72.6857,6.1601,53.3817,bell_pepper
58.2116,50.9959,43.2805,18.2989,62.0525,6.3542,79.6314,cherry
102.691,82.4674,71.0347,27.496,64.269,6.1486,93.4103,bell_pepper
3.6228,50.5097,60.3444,23.9719,49.9795,6.4779,115.1774,grapes
92.2452,68.3937,85.9205,20.5997,71.4897,5.9187,117.1335,potato
75.5403,58.276,60.5723,17.579,78.8007,6.4134,85.3958,cherry
64.1064,49.916,80.6767,21.2795,64.5254,5.5234,123.2991,strawberry
65.4416,46.7691,111.3951,25.2517,60.1609,5.368,91.4209,tomato
72.8495,36.3931,103.1355,17.5157,77.1474,6.3302,117.5112,strawberry
136.8068,52.7571,71.0599,25.6027,72.196,5.9483,87.0832,bell_pepper
29.4098,112.1242,138.3141,16.7538,72.8327,6.2857,99.3139,apple
63.2413,61.7008,93.2737,17.6141,80.5223,6.0402,85.2767,cherry
123.4644,43.4536,74.6645,26.8791,69.4483,5.7061,137.523,tomato
108.145,48.0934,91.2751,28.8755,66.0137,6.3274,114.0673,bell_pepper
68.9249,70.8991,92.9739,18.0909,77.69,6.0076,90.0461,cherry
5.0819,40.6268,50.4149,22.538,52.4266,6.2348,26.2916,grapes
97.5686,63.0792,92.868,16.726,63.2236,5.9071,76.6386,potato
105.1612,59.488,58.7551,26.2484,68.676,6.0536,70.394,peach
48.9086,110.4605,149.1948,17.1969,83.7149,6.3895,109.2737,apple
90.1548,63.8019,92.8807,21.7051,67.7052,7.313,98.0606,cherry
97.7996,36.7506,72.5673,16.5771,64.8968,6.4608,86.312,cherry
130.8856,57.9039,88.7648,24.9459,59.0147,6.7883,88.4968,peach
67.4073,52.5997,51.8776,23.0502,46.5925,6.4749,52.2151,grapes
140.0,37.8938,39.0648,31.9748,56.6104,5.9511,71.3017,tomato
78.9055,47.2892,91.0755,14.2296,57.2611,5.775,113.8842,cherry
76.4689,39.0682,102.5526,9.7559,61.7029,5.5845,97.1867,potato
88.8928,36.2359,131.0228,18.6284,59.3039,6.5107,79.5757,potato
89.6357,66.1377,87.3723,23.462,80.2143,5.4318,110.4476,tomato
20.7633,51.5906,68.4517,24.4322,56.7181,6.1862,52.8577,grapes
64.6174,47.5072,55.2325,14.8001,59.6095,6.9513,112.8534,peach
57.5755,37.1954,31.7119,19.4678,77.5053,7.4218,85.23,maize
46.3574,124.8721,151.3635,16.3387,77.8525,5.8716,134.5823,apple
90.9611,41.122,130.546,25.5278,51.4592,6.4073,148.5195,tomato
61.5557,26.9561,85.9642,19.6474,75.7384,5.0321,104.2412,strawberry
89.0508,76.1689,36.6567,13.6983,56.8027,6.8772,61.6444,peach
69.2854,55.1112,90.2204,15.4899,62.3834,6.3275,100.0006,strawberry
133.2012,60.6037,70.5999,22.2906,68.4885,6.5677,79.3819,bell_pepper
44.1482,61.9299,94.5282,16.0676,73.8196,5.6908,74.7361,strawberry
26.49,126.0829,139.9369,24.1383,69.9169,5.8216,120.2337,apple
121.9562,66.0714,88.1974,32.5537,76.0033,5.7577,106.5845,bell_pepper
89.8987,58.9301,35.8028,22.0264,66.4263,6.5772,76.4047,maize
43.5724,140.2626,137.2638,16.6187,62.023,6.2014,153.3343,apple
26.4169,143.7315,145.2847,14.2964,59.3347,6.0577,115.6672,apple
55.0568,116.1154,149.6042,24.0429,60.6316,6.2587,91.4636,apple
68.7325,65.5162,89.2384,16.141,77.6262,6.6389,117.6453,strawberry
120.3685,49.852,89.844,25.6533,56.0901,6.314,118.7748,bell_pepper
118.3754,56.1331,86.1646,25.7242,71.6203,6.0617,78.3441,bell_pepper
53.1873,64.8263,128.1394,17.9054,52.6783,6.802,131.6773,potato
20.9577,55.0643,67.2682,23.7898,54.7881,7.1619,81.0872,grapes
83.6415,55.8663,84.4977,24.0982,54.2648,6.2576,85.1989,peach
36.4086,57.1747,77.8834,24.3332,56.6624,6.5354,106.1189,grapes
28.7821,122.525,142.5224,18.9485,77.865,5.8827,150.8059,apple
94.5324,38.2167,38.9708,18.5621,60.7228,6.5085,133.1502,maize
96.8447,43.6629,66.5972,22.7756,75.3468,6.4304,92.7686,tomato
117.1024,56.2285,94.9076,23.9069,65.9722,5.7955,100.5406,bell_pepper
66.5147,50.4599,104.5942,16.1505,71.328,6.156,89.0617,potato
90.3442,46.5756,53.4706,15.6571,66.2885,7.0674,62.3756,cherry
67.6218,70.5326,39.8389,30.1744,78.0794,5.7021,80.8342,maize
76.4335,27.3683,70.522,16.6164,50.3927,6.9466,108.8722,peach
73.6695,43.8325,103.4606,13.6537,61.5696,5.774,93.987,potato
79.6905,51.37,35.047,21.1705,74.1754,6.3475,174.8307,maize
5.9389,51.9998,39.3033,23.7321,48.1715,5.4307,123.447,grapes
103.8563,30.7452,60.0945,24.6155,40.1925,6.3278,125.1855,maize
67.0902,42.7099,100.3578,17.5964,67.2119,6.7601,30.5607,peach
83.3737,39.4269,96.7811,29.0839,58.9651,6.2281,135.5923,tomato
80.0777,51.1014,102.8453,24.0414,83.2875,6.9553,73.0981,tomato
83.1348,45.8656,90.6626,20.4555,68.9203,6.0573,99.3482,cherry
118.3894,32.7712,101.9992,20.5934,75.2644,6.136,41.8437,peach
50.315,42.5569,117.5534,18.4377,72.9258,5.3338,76.4273,strawberry
39.6381,45.3116,44.4751,22.8069,51.4034,6.4435,112.5524,grapes
3.5457,53.1308,51.3225,23.7686,46.7658,5.9752,90.5932,grapes
67.2491,49.4529,61.2917,15.3833,51.2796,7.2798,91.5348,cherry
22.3497,117.459,139.7444,19.7334,69.3717,5.6423,124.1257,apple
77.6962,37.5187,84.3545,21.282,66.2178,5.909,51.3509,strawberry
111.8602,30.6737,85.0074,17.6135,67.9656,6.5083,61.3442,peach
92.481,43.3835,68.7622,15.1915,53.0964,6.1213,109.242,cherry
15.8193,37.2177,69.0459,20.8219,68.8731,7.4496,67.1308,grapes
100.506,68.4887,76.7474,25.8219,71.7661,7.118,84.0911,tomato
77.0314,62.6558,40.4913,27.8376,68.2106,6.7819,129.7032,maize
11.4375,130.6016,167.2388,22.3092,65.6078,6.1153,142.7961,apple
97.7895,51.4226,44.3715,23.4611,54.0335,6.0688,96.9093,maize
137.3223,85.0359,90.4775,25.4042,61.0491,6.8284,92.1734,bell_pepper
125.7602,86.8077,83.6322,23.5171,50.8246,6.1989,55.415,bell_pepper
138.1141,84.2921,76.9952,23.8078,86.6315,5.8118,100.6435,bell_pepper
120.0236,51.3771,87.7626,24.4591,84.4502,6.7384,64.1648,tomato
94.4404,49.5264,43.2639,25.8853,50.8961,6.0778,68.7935,bell_pepper
11.0183,130.9178,154.5625,15.1883,60.0291,6.753,147.3433,apple
16.2135,124.3913,142.3842,14.5266,72.4231,6.764,144.5624,apple
88.2749,47.4142,85.0844,23.5345,59.3163,5.603,124.8201,tomato
30.7502,111.7229,142.1496,17.7737,80.8963,6.0876,97.7937,apple
115.9992,28.2271,61.4431,28.4152,70.1278,6.0167,58.5059,bell_pepper
36.9805,32.2911,59.4778,21.5868,74.2802,6.7851,64.3346,cherry
139.9439,54.7391,75.8645,21.7346,82.1524,6.5554,108.125,bell_pepper
96.5523,24.2775,76.5765,15.2286,78.7048,6.0938,23.0944,potato
102.6623,46.1701,77.0814,29.5053,72.5776,6.6492,73.1736,peach
69.9624,47.2467,68.9334,20.8313,65.1694,5.9586,98.9029,peach
74.0845,54.5348,112.5487,19.654,60.4644,6.1277,103.192,strawberry
127.7127,53.3263,73.5652,26.475,71.6245,6.3528,122.2167,bell_pepper
116.5675,59.8366,95.8158,25.1094,76.3676,6.3296,93.7521,bell_pepper
65.6347,55.2113,67.044,21.6784,81.7105,5.4249,105.01,strawberry
61.2522,24.8133,77.6779,17.4132,67.0626,6.3921,107.0574,cherry
30.698,126.2315,156.63,22.0906,54.9524,5.9582,77.3898,apple
67.6005,59.7843,87.2501,22.4671,70.9086,5.6514,57.379,strawberry
102.0621,32.7141,41.0172,17.8656,72.1131,6.017,74.9587,cherry
140.0,59.8467,90.1596,20.217,65.0423,5.876,66.4775,bell_pepper
63.551,54.6492,94.5739,8.3658,77.9934,6.7417,106.7137,cherry
13.5829,131.203,122.0808,19.8917,68.3899,5.8115,183.7738,apple
21.1943,133.343,159.695,16.6627,70.0543,6.6671,62.6028,apple
131.7769,63.0104,44.263,28.4169,85.3028,6.0604,127.4919,bell_pepper
64.6461,67.3819,91.3349,12.4893,68.7106,6.6352,62.1409,cherry
17.4026,142.357,152.3748,23.8994,62.5282,5.7302,108.936,apple
36.7152,45.5921,58.8519,21.3479,47.8661,6.1238,51.4048,grapes
6.7721,132.391,164.8733,14.4913,60.8056,5.4209,94.5106,apple
43.9284,52.3484,46.5994,23.2599,54.3285,6.4843,56.8678,maize
87.8836,67.9099,37.9222,22.4174,79.0998,6.2556,131.439,maize
120.9637,69.2967,63.6243,19.3356,66.7381,6.5204,97.714,bell_pepper
106.8484,72.752,65.5805,6.0342,74.5596,6.1003,70.9905,cherry
81.549,47.593,54.1374,26.4962,77.4337,5.6323,116.4179,maize
125.938,41.7232,83.3313,18.6685,69.4185,6.8221,99.7991,bell_pepper
17.0604,129.5029,152.6724,20.4893,68.7714,6.1693,108.8482,apple
18.0338,126.7559,158.759,12.1019,79.7339,6.3722,95.2547,apple
45.0396,129.4677,161.9987,17.2267,59.805,6.2766,127.5871,apple
72.4997,44.7707,30.9974,20.064,64.313,6.0509,79.1062,maize
66.9084,17.8981,66.0059,19.4277,59.9593,6.4195,91.2099,peach
63.6221,52.4874,118.4795,19.7038,76.4709,5.4273,110.3648,strawberry
94.3292,77.5987,110.2577,20.7371,74.9986,5.4728,124.0326,potato
62.5693,28.1692,31.9752,21.5608,50.4612,6.072,36.6734,maize
5.0617,110.7991,142.4126,16.2074,90.8654,6.3582,102.8439,apple
112.271,80.2141,94.9709,30.799,82.3459,6.1944,101.9366,tomato
38.1919,57.4271,77.4002,24.0564,56.9784,6.4891,106.2298,grapes
82.4099,48.2677,86.5286,16.2187,68.0451,5.6428,38.2442,strawberry
16.2543,49.6737,57.8239,22.0328,45.0234,5.9899,20.3206,grapes
30.4891,50.8922,41.1637,27.5706,62.8565,6.2874,60.8453,grapes
78.5497,43.5138,133.2443,18.4289,65.8053,5.7538,97.3332,potato
123.8502,62.3696,85.7958,21.2211,67.0324,5.3206,107.4662,potato
21.3835,50.539,71.4329,25.0472,46.3997,6.1418,29.2578,grapes
111.3159,59.3908,86.7888,22.4001,67.1091,5.3366,49.8327,bell_pepper
84.1627,79.4635,65.9583,22.3197,59.5875,6.554,28.8168,peach
39.5225,42.9069,42.121,24.3673,57.663,6.4971,48.0047,grapes
28.5563,35.4146,68.038,20.5423,52.1479,6.6789,55.7909,grapes
90.4892,45.237,107.2479,19.8904,69.4924,5.9167,79.673,strawberry
108.7738,46.9686,76.3431,18.6614,84.4706,6.1234,125.76,bell_pepper
43.0919,37.3602,102.0993,19.144,79.5082,6.085,81.3045,strawberry
7.3287,60.4309,58.6334,22.0324,45.1843,6.3856,68.6568,grapes
76.5689,47.6834,113.7113,20.9054,67.6792,6.3397,152.8721,potato
61.9583,75.6657,67.3153,20.2571,44.0836,6.2774,86.3109,peach
18.4774,120.5357,149.5424,20.9739,64.6503,6.0927,128.6606,apple
25.5163,124.454,156.2758,24.4877,77.9171,6.1082,68.6758,apple
89.0597,37.4472,75.8653,25.3157,75.5055,6.3491,84.425,bell_pepper
100.9451,46.1764,34.14,22.8481,54.5633,7.2,103.8969,maize
112.6144,50.3046,116.4236,25.4352,62.6624,6.573,64.7802,tomato
22.5364,94.1985,162.2606,15.6557,61.9278,5.6739,164.1969,apple
70.4576,53.9394,104.1336,20.5639,72.1522,5.64,90.0253,peach
91.7366,52.3452,57.114,18.7408,60.9818,6.7513,160.1366,maize
77.1615,56.6562,96.7233,18.6593,74.9674,5.6393,48.3825,strawberry
82.9879,48.4977,58.6409,25.3529,65.3328,6.0225,61.41,peach
89.2875,77.4765,88.4478,27.525,60.8317,7.5157,55.3118,tomato
94.8993,48.8094,105.1737,12.3786,77.2676,5.1576,49.3896,strawberry
124.5205,66.0434,98.4738,13.397,65.7232,5.8217,111.9913,potato
140.0,59.6424,104.7887,26.7828,82.1101,5.9875,159.4704,bell_pepper
87.1805,50.822,109.4518,14.0204,57.1998,5.2819,118.8988,potato
14.4517,122.0163,161.0369,15.9367,50.6123,6.1825,166.5262,apple
86.0856,45.7275,92.114,20.9022,75.0544,6.0203,73.8735,cherry
29.4269,34.08,49.5171,21.6765,48.1391,6.3744,78.8214,grapes
35.1686,133.5582,152.0023,19.7505,69.3086,6.162,130.3389,apple
31.1711,127.0539,165.4584,12.9904,52.0358,5.5355,39.7387,apple
70.3651,19.8574,74.6015,14.3704,66.4512,5.9163,93.6091,strawberry
5.0669,54.6536,46.6543,18.6712,65.1803,6.8066,50.1586,grapes
53.0318,49.8801,55.0161,19.0128,25.4669,6.644,80.4562,peach
29.4376,45.7736,69.3631,18.0349,87.6632,6.5407,58.0819,strawberry
105.6493,41.0575,48.2493,22.2497,48.0838,6.4388,88.5219,maize
48.7912,40.071,51.8419,18.9543,80.0826,6.5651,78.1952,cherry
96.0035,55.3854,47.6988,25.8491,62.1178,6.9766,80.3476,bell_pepper
36.8848,37.3002,55.7144,16.6961,74.4284,5.8641,80.4123,cherry
58.45,55.3235,70.5236,17.2975,68.6575,6.3713,87.9991,peach
78.5045,44.7078,56.735,26.2132,85.3297,6.4907,92.5121,maize
76.3153,33.0145,105.7412,15.6532,76.5891,6.0213,125.0482,potato
83.6665,56.16,25.9336,22.053,54.8989,7.0742,136.0317,maize
71.3835,27.489,78.7931,18.9306,62.8141,5.9995,90.6444,cherry
52.8581,44.054,43.3088,23.2827,62.9198,6.6032,68.4202,maize
72.1338,61.479,43.6331,19.8799,86.0827,6.3561,118.4781,maize
59.4833,44.1489,70.0022,22.5842,87.7669,6.0398,121.1914,strawberry
62.2642,52.6544,106.9868,20.9336,68.909,5.5648,117.2344,strawberry
63.5245,47.0826,93.2906,15.039,68.0578,5.5948,66.3549,strawberry
48.503,49.6581,83.5983,16.3973,87.8009,5.3618,82.1676,strawberry
68.02,56.0958,91.4005,20.5617,65.8128,5.9753,86.7876,strawberry
80.2392,43.469,93.138,13.5273,83.0807,5.9803,58.9541,strawberry
85.0129,40.6665,31.3862,22.4204,68.1406,6.5019,31.6883,maize
21.7463,129.8424,159.5428,14.3367,49.5806,5.9344,86.6916,apple
5.6282,52.4394,43.8228,24.1062,50.9591,5.6995,32.3802,grapes
92.2602,45.4501,83.9219,19.4692,62.5896,6.6108,63.5035,cherry
140.0,56.8813,95.2729,21.9036,81.9653,7.1508,94.0637,bell_pepper
110.4433,69.6552,62.9101,29.9133,87.6958,6.3289,53.8417,bell_pepper
86.1366,25.3159,47.8126,21.0713,59.5305,6.6337,115.0255,maize
82.1463,60.2511,61.7681,23.7889,63.5324,5.4447,81.9232,potato
97.2508,78.3035,39.2019,24.2652,62.2107,6.1473,157.487,maize
119.7631,69.797,112.8085,20.7505,75.0915,6.0839,165.5462,potato
77.2312,64.1469,46.4586,28.0849,67.6765,6.4268,70.4396,maize
106.2264,65.3548,87.2122,24.9547,71.5173,6.3106,61.3238,bell_pepper
140.0,46.2337,59.9337,19.9859,71.2469,5.9801,58.041,bell_pepper
43.363,48.0574,56.7476,24.5164,55.1844,6.783,46.4292,grapes
110.4647,39.3574,76.2389,22.8422,64.8205,5.9685,52.24,peach
88.6174,40.4042,63.4833,25.5416,63.1785,6.3935,95.31,bell_pepper
97.1071,52.4489,46.7789,20.1587,69.2562,6.4231,93.3837,cherry
97.4731,49.6322,72.1969,15.4589,62.3958,6.6759,148.7983,bell_pepper
33.8151,127.4034,165.8517,16.8473,72.6614,6.3138,148.6363,apple
79.3098,44.4255,119.2428,14.0989,73.1797,5.0949,75.3605,strawberry
117.1991,56.6872,46.2739,23.7305,58.819,6.4503,135.4131,maize
81.2416,46.6795,115.8386,15.9002,72.7144,5.6673,95.6936,potato
18.416,53.0738,56.9868,20.8998,55.55,6.169,129.8329,grapes
5.826,30.644,31.5826,27.7161,64.6927,6.1609,27.5296,grapes
63.3686,20.4852,102.9955,28.9342,79.5547,5.8847,85.0756,bell_pepper
20.475,29.0128,57.3068,27.795,49.3975,6.1067,34.7346,grapes
130.8053,78.8517,86.9034,27.8963,90.9392,6.4834,66.9904,bell_pepper
85.495,46.3588,76.108,19.3596,94.2371,5.8423,110.0136,potato
104.9667,44.8907,72.0423,25.4763,62.8987,5.8965,52.7289,bell_pepper
130.9907,56.9842,56.1731,15.6133,66.9289,5.9122,64.7583,cherry
21.2321,142.2378,144.2035,21.312,73.286,5.8799,130.0939,apple
86.3577,64.6069,96.9651,22.0955,67.4811,6.1451,111.2128,potato
9.4831,113.6603,154.5813,20.011,70.8272,6.4106,75.8862,apple
80.5116,36.7604,63.476,15.0211,82.6902,5.5926,89.0715,strawberry
76.2755,43.2939,61.1117,26.9697,73.2374,6.2556,96.1474,maize
42.2431,40.3929,57.7389,27.3095,42.8851,5.7664,21.9998,grapes
86.5594,47.59,71.8483,13.3833,54.405,5.9252,63.3203,peach
38.62,116.1611,151.9951,19.3489,73.807,6.147,133.5158,apple
71.8344,26.5921,60.5873,22.796,43.6828,6.6424,90.271,peach
72.0745,21.1334,56.798,14.5111,81.9746,5.4977,60.2614,strawberry
79.4412,61.1356,78.6373,22.608,70.5535,6.3233,112.9233,bell_pepper
140.0,48.9135,140.7045,26.9717,63.7047,6.1202,85.9728,tomato
9.4575,113.5631,154.7459,15.2352,58.3251,5.5277,123.849,apple
96.5187,68.8253,58.6962,30.1406,53.7137,6.5512,69.4401,bell_pepper
67.6783,72.0341,79.5892,12.4598,64.9363,6.0315,72.4884,cherry
102.4034,62.0258,46.4663,18.0388,67.8986,6.108,92.5123,bell_pepper
140.0,43.7742,122.4297,23.5986,67.6857,5.9454,119.004,bell_pepper
122.2168,67.6959,110.9101,23.3324,43.1743,6.4493,72.1618,bell_pepper
44.2492,102.9895,142.1687,17.7784,74.5901,6.8102,79.2752,apple
41.0981,43.7444,51.1667,21.7605,69.685,5.8091,85.3445,grapes
105.9846,74.2872,31.9256,21.3798,57.1536,7.0572,142.89,maize
50.3452,42.0492,105.6443,17.9802,63.327,5.9999,103.8754,strawberry
38.3149,145.0,157.6082,18.8578,80.2274,6.2924,69.3945,apple
140.0,52.1314,114.4681,20.7117,79.3118,5.9122,81.6004,bell_pepper
83.5377,39.5788,47.3425,18.6303,45.508,6.8939,136.2109,maize
77.1471,51.2165,98.1674,11.4063,76.0552,6.4968,123.6186,strawberry
75.4485,39.8124,69.3057,26.4578,71.1674,6.1004,89.0569,bell_pepper
58.4321,56.0216,54.1975,22.2977,74.3295,6.1716,130.6356,strawberry
92.5022,38.9868,48.8104,19.0597,64.4365,5.4295,151.7423,potato
18.6466,127.8911,164.7636,20.26,61.9259,5.668,82.1498,apple
87.7571,65.7833,53.2568,22.1853,91.8555,6.3123,122.6608,bell_pepper
29.4737,133.4535,154.4106,19.4654,66.6212,6.37,107.544,apple
102.935,40.7305,62.148,21.3232,73.4916,6.5929,65.3064,peach
68.5443,69.7064,96.6058,19.3917,67.2955,5.537,66.2263,potato
30.8785,115.4199,169.7418,18.2787,58.2773,5.915,65.102,apple
95.7145,42.2642,60.1752,20.9273,60.5259,6.6188,97.1667,peach
97.4169,80.7569,107.0038,17.2674,66.4303,5.3268,113.9691,potato
107.5521,82.0195,84.5712,25.7621,63.952,5.2318,112.5706,tomato
95.7653,46.019,59.4281,18.4976,98.226,4.8295,77.3084,bell_pepper
69.9581,34.6833,91.6718,15.3445,82.1548,5.9236,99.1197,strawberry
126.8885,38.8689,95.8214,24.9911,64.6857,6.7679,81.6518,peach
61.8376,33.2095,69.144,14.6908,54.1095,6.6615,46.603,cherry
4.6745,127.1719,150.035,16.9847,65.6201,5.684,123.0949,apple
104.2366,30.0361,57.8352,24.7912,41.5452,6.3165,126.9816,maize
52.1912,46.5747,67.1858,25.7623,60.9302,6.5841,89.5351,grapes
19.6559,142.7326,129.8677,14.42,75.1659,6.257,169.7635,apple
98.1025,36.9339,102.8026,24.4643,52.9415,5.7576,106.2261,potato
97.5703,44.1327,41.6192,21.6032,80.5122,7.5308,69.7117,peach
87.163,34.946,66.0265,20.8392,81.1223,6.4287,105.0702,peach
139.4489,50.4116,119.5407,30.5317,91.2791,5.6398,101.8588,tomato
78.4244,50.8604,48.3168,16.5016,63.1111,6.798,93.9345,cherry
36.1124,35.3617,51.944,26.3249,68.3485,5.9437,46.9876,grapes
74.3305,42.7163,101.1839,17.4669,73.206,5.9977,122.3235,strawberry
79.5975,37.8946,58.3284,20.3178,59.1101,6.5491,76.1547,cherry
63.5429,37.0557,61.4549,23.4506,57.724,7.0333,117.2848,maize
68.4417,39.9623,93.8081,24.6143,64.2204,6.1032,60.7557,peach
54.6065,22.6606,96.786,19.8714,65.6227,6.4416,51.4563,cherry
43.157,56.3062,135.1316,15.5042,70.7393,5.6447,73.362,potato
58.3181,53.7769,81.2251,17.1437,85.4601,6.2308,51.1026,strawberry
72.466,31.3122,125.4744,19.9194,79.7969,5.6828,109.8326,potato
8.7123,115.0464,138.7301,22.4438,65.5037,5.0913,122.0452,apple
125.4439,74.0099,70.3106,15.543,58.6721,6.4057,150.6382,tomato
90.362,39.3834,134.4218,20.2248,53.7103,5.9706,122.9517,potato
97.2148,63.8817,57.1363,24.4517,70.1977,6.3849,124.5665,maize
83.5281,48.3767,89.876,19.942,59.2116,5.4943,108.7318,potato
23.0609,33.4875,58.606,19.9,71.3886,6.1693,66.583,grapes
77.5085,49.6139,60.2448,17.5034,69.3356,6.2371,95.9286,strawberry
111.6065,34.6208,77.8148,25.2894,62.7482,6.9893,54.7705,bell_pepper
131.7162,48.7601,89.9727,26.8069,61.9974,6.1282,100.8033,bell_pepper
82.8164,42.2557,69.4146,28.0972,45.5161,6.0375,107.6915,peach
83.7617,37.666,42.2893,21.8691,56.159,5.7901,91.2625,maize
38.575,42.3117,50.1169,27.1615,61.8266,5.7179,33.3847,grapes
25.7942,45.4067,42.952,24.5707,73.849,6.0195,48.4281,grapes
118.6847,42.6524,81.2666,21.3935,67.0358,5.275,154.6794,strawberry
136.8269,60.2284,102.4132,23.8626,89.4592,5.2306,112.1137,tomato
123.5394,64.901,74.6825,20.7041,75.9179,6.6967,50.7768,bell_pepper
16.5124,51.8234,49.7301,25.3216,54.9431,7.0704,71.5669,grapes
87.5649,38.178,86.5595,22.8154,51.3368,6.3731,67.7353,peach
87.7001,39.3389,94.7742,15.4918,56.4023,5.851,88.2124,cherry
80.0,44.967,56.1925,26.0105,84.6379,6.4953,89.5267,maize
96.9112,53.8038,79.6563,20.8805,64.1063,6.7668,92.6025,peach
24.7465,122.4171,138.6206,20.1683,68.8439,5.9174,112.6422,apple
10.6435,39.0265,61.2839,21.43,52.1883,7.4555,146.7008,grapes
43.204,50.4955,66.0281,20.0141,45.7496,6.0502,65.9333,grapes
119.6069,51.1122,111.0524,14.6914,64.2445,5.9722,56.741,potato
36.997,133.8079,155.8103,20.6634,56.9002,6.6161,50.9106,apple
103.1176,54.9013,95.5905,18.5784,75.4216,5.9841,115.1881,potato
79.7294,70.0522,122.2694,25.2262,61.0986,5.0306,138.4375,tomato
87.3921,49.5742,96.9166,18.1638,63.7228,5.9693,119.6482,peach
67.3247,19.2201,89.2015,20.9819,61.3857,6.963,72.2527,peach
85.9751,41.1826,99.9381,25.1799,59.7424,5.5415,106.6337,tomato
124.6019,44.62,75.7452,21.8744,51.787,5.9441,54.954,cherry
63.4064,60.8467,79.8331,18.1646,86.5903,4.9901,123.9309,strawberry
126.712,58.429,61.338,21.4048,77.9838,5.8173,75.0352,potato
67.4213,62.1736,120.5978,17.8049,80.3754,5.3065,116.8871,potato
82.415,73.9127,100.6704,26.7584,70.8534,6.7817,108.8305,bell_pepper
85.8236,36.0685,71.722,18.8555,90.7818,5.7846,57.8027,potato
48.128,118.7819,142.8319,18.1045,73.5374,6.1539,135.5829,apple
37.7504,120.9821,158.3076,22.6993,67.7061,6.5715,126.0326,apple
62.325,37.4102,15.296,22.6123,61.5006,6.1899,143.868,maize
103.9428,54.8387,82.1787,19.0564,69.4695,5.777,121.8649,bell_pepper
111.4306,55.3495,81.3357,13.6483,88.3933,6.0954,112.9658,potato
27.3853,137.0261,160.4178,19.7136,51.5497,5.6587,101.3348,apple
17.3697,140.0573,162.6263,20.6337,52.7921,6.5536,109.3635,apple
23.502,55.289,65.4475,28.0801,45.306,6.8416,69.4335,grapes
93.9338,35.9648,79.2478,19.084,81.6334,6.6768,72.0693,cherry
86.8355,49.114,75.3543,18.0778,66.6102,6.5334,82.862,cherry
73.8884,35.0196,23.4133,20.5831,65.5194,6.747,83.503,maize
6.679,62.1789,56.4833,24.4534,37.357,6.0462,21.5377,grapes
101.7757,57.9274,90.0488,26.1995,69.9699,5.8551,133.2809,bell_pepper
59.3765,93.6542,93.3032,23.512,52.8007,5.4566,88.0794,bell_pepper
78.2364,34.8579,80.2418,20.6781,80.5362,5.8895,92.0191,strawberry
31.8392,126.5978,155.0724,18.6456,81.2205,6.2864,152.5605,apple
95.7375,46.0602,114.5047,17.7663,80.7048,6.7331,108.7551,potato
118.5566,38.3765,124.1748,18.3442,73.5213,5.9916,116.8879,potato
109.1585,55.5741,40.5592,18.3493,53.0347,6.902,77.73,maize
75.4775,44.0418,82.5421,17.7278,78.3662,5.2393,108.8573,strawberry
140.0,39.7619,43.74,19.4061,65.5467,6.0136,89.3566,maize
30.6544,27.3938,68.7534,25.7948,68.2301,5.6688,28.1496,grapes
84.6733,24.7935,48.8457,21.1294,59.2888,6.7199,115.55,maize
23.6064,47.7872,32.7409,24.554,60.2459,6.2425,44.5847,grapes
45.2536,47.2615,74.3892,14.8777,57.3707,6.8935,87.9092,cherry
121.2456,55.5467,42.8324,23.5591,70.1228,6.382,112.654,maize
79.0552,52.6975,104.4186,18.0605,72.3715,5.6943,99.5846,potato
56.1594,43.3479,77.3012,8.3346,80.301,6.0918,98.0932,cherry
57.6016,35.4597,98.329,15.055,87.9526,5.2315,89.0519,potato
82.1506,56.9524,85.6341,19.9617,74.1529,5.9225,67.4147,tomato
54.1647,55.5153,55.7068,14.4212,60.0452,6.0732,66.9813,cherry
112.7508,62.266,82.3009,25.0055,69.3398,6.508,121.134,cherry
66.6267,33.0097,71.6703,15.7645,79.0752,6.0604,75.7934,bell_pepper
75.6217,54.6199,69.3425,13.3864,58.2615,5.7855,92.3003,cherry
75.9069,55.0962,66.0278,24.4629,58.6522,5.9373,125.8059,maize
129.9166,28.8976,46.1412,17.0826,64.8432,6.3293,63.447,cherry
4.0584,117.3159,134.3544,17.3444,65.9519,5.7901,121.9994,apple
67.411,35.0958,96.9243,27.9068,73.6995,5.9195,87.6633,bell_pepper
97.7603,52.1517,44.121,26.3647,62.6514,6.0881,94.5307,bell_pepper
109.5252,57.7396,80.5663,24.8911,74.7626,5.8353,62.2776,bell_pepper
6.469,61.2419,72.5625,19.5238,63.9025,6.1459,113.5262,grapes
48.0942,57.1577,34.99,20.637,79.2583,6.578,57.4954,cherry
6.6332,66.9131,53.8652,23.0724,60.0025,6.1283,45.1518,grapes
14.539,135.8543,149.4188,20.5766,77.995,6.5821,128.7221,apple
35.1931,53.4216,66.4653,12.3879,80.8362,6.168,99.872,strawberry
72.5457,56.3794,93.0439,19.245,76.6687,6.4784,91.2286,cherry
106.2172,61.0926,116.7807,24.6125,73.4959,6.9693,64.8908,tomato
127.2013,84.5094,84.3423,24.1428,81.402,6.0021,78.9777,bell_pepper
83.2257,46.8238,49.5951,18.2224,74.8819,6.7861,149.2635,maize
140.0,52.5985,100.3615,28.6351,81.0601,6.133,109.9454,bell_pepper
5.5411,142.3865,137.982,20.2209,57.2759,6.9822,65.5835,apple
114.5578,68.2018,89.3403,28.4007,74.0637,5.9216,147.9311,tomato
86.1722,77.992,101.4832,27.5599,65.4123,6.8339,54.683,tomato
62.7657,23.5019,99.7542,24.4518,67.7327,6.5155,95.2983,cherry
79.7613,60.1245,53.1816,24.0675,61.3749,7.064,79.1352,peach
99.4867,40.653,68.4504,27.6266,68.4256,6.0141,145.6946,tomato
30.0342,53.7634,61.5936,21.1026,57.6576,6.0651,121.6757,grapes
116.8358,52.0479,66.3051,24.319,63.4519,5.44,65.0716,tomato
70.9754,54.2966,38.2463,23.5565,76.6022,6.1512,108.8817,maize
83.8986,59.2019,104.9702,27.0419,65.6517,6.0086,76.1249,tomato
103.4717,56.5506,104.6674,30.405,81.2014,5.627,104.3873,bell_pepper
34.2353,134.2679,132.6384,12.8235,54.7258,5.7865,61.6048,apple
28.91,51.857,63.3888,21.2479,58.5531,6.0529,121.9189,grapes
57.5657,42.8717,87.3796,11.7394,90.1522,5.5742,88.9008,strawberry
84.84,47.8534,29.0286,22.4212,61.3648,6.5654,120.5925,maize
61.48,39.9558,53.9362,17.6607,61.7817,6.7567,91.9244,cherry
104.5231,46.2263,102.1027,13.4032,81.3844,6.2721,82.1777,potato
91.079,54.3575,77.2788,22.0848,74.1048,5.5024,123.1297,peach
140.0,44.5485,108.3982,27.451,88.967,6.8256,95.4451,tomato
84.4967,30.4332,63.3196,24.179,67.6094,6.6438,78.2694,peach
62.1661,54.7742,68.8727,18.3028,83.2796,5.4134,86.1423,strawberry
131.0437,50.6802,94.7438,26.171,61.1773,6.6416,93.1389,tomato
23.4846,67.3498,52.8973,24.0618,63.5952,5.848,67.2914,grapes
91.1909,55.1051,51.7828,23.5656,66.3449,5.5381,137.6716,cherry
115.8378,101.5846,81.6851,24.8315,70.7885,5.627,119.6866,bell_pepper
91.6427,60.0686,118.9867,21.7877,62.5876,6.0478,73.3752,peach
42.5877,128.2351,163.0838,17.0013,59.8121,6.3523,127.4349,apple
133.5306,54.5027,126.4586,12.5995,72.5443,6.4708,78.0086,potato
86.7136,44.8731,53.0811,20.9241,86.2763,6.3886,97.7053,cherry
14.8242,130.2357,144.0772,16.5621,74.1083,6.5443,126.3768,apple
113.4018,64.4644,96.3902,28.2848,67.5769,6.2663,60.7656,bell_pepper
63.0983,42.4893,116.5435,16.7686,78.9289,6.4955,85.6165,strawberry
33.0208,126.5962,172.34,17.6556,88.1935,6.0726,93.4603,apple
83.1506,47.6419,129.0469,20.0223,59.6471,6.1377,118.8644,potato
137.6008,42.206,89.3049,27.2013,54.1876,6.7934,94.0761,tomato
135.7728,78.6949,107.008,22.6081,58.0291,6.1024,33.8358,tomato
23.7609,109.2132,148.2219,15.2639,72.841,5.8946,58.8236,apple
91.4512,55.3766,89.0391,26.0752,65.66,5.9912,100.7989,tomato
15.2362,124.9931,160.5905,24.3921,80.029,5.8585,106.7763,apple
68.6872,46.2378,60.6649,17.1727,67.878,6.9098,114.6416,cherry
12.7943,69.0748,50.2712,21.8649,56.3848,5.7399,69.5486,grapes
83.948,70.0842,79.3627,16.6637,71.1127,5.592,129.3481,potato
95.0373,43.5588,68.0902,25.0061,75.348,6.1935,84.8255,bell_pepper
54.0689,42.7458,49.4693,25.0462,69.927,6.3443,145.6236,maize
82.5514,47.9534,51.6838,20.4146,62.2971,6.4512,81.1314,maize
102.5434,55.9186,117.0734,17.8886,77.0212,5.5666,84.9288,potato
88.0673,23.9173,114.5481,13.6725,71.022,5.4067,58.498,potato
98.9096,64.7058,78.809,25.1289,74.3475,6.8564,139.1534,tomato
47.4527,44.6136,61.34,18.4583,54.6311,6.3292,119.3114,cherry
93.0738,43.9045,111.2149,14.8764,78.5856,6.6185,110.8245,cherry
96.8235,74.5105,83.8264,31.6637,70.3556,5.7251,76.2919,bell_pepper
69.955,34.2732,133.0206,15.2707,61.2527,5.9323,68.9933,potato
24.3202,137.7658,161.2606,19.9391,50.7008,5.6669,104.9526,apple
118.5193,72.5637,66.798,27.4486,70.831,6.0936,108.8665,bell_pepper
29.7471,47.5619,63.757,26.1701,55.433,6.4538,45.8326,grapes
104.9304,56.4474,43.3664,26.077,71.3366,6.8845,68.5042,bell_pepper
70.7768,53.6717,78.783,18.8166,64.3689,6.6046,80.5733,cherry
93.4954,44.4765,70.1287,22.2263,79.6974,6.8643,108.4369,tomato
73.7702,39.337,132.0876,18.8933,81.489,5.6382,65.2382,strawberry
57.8965,31.1479,45.0338,21.5465,68.447,6.7442,61.2111,maize
67.2523,39.339,44.259,23.9882,67.0893,6.5971,82.1041,maize
33.2892,73.4448,59.9856,22.7744,50.2207,6.2383,40.8692,grapes
11.1474,123.8348,140.4451,21.0649,83.4145,5.3594,123.2848,apple
87.7545,67.0616,153.1627,15.5934,75.3893,5.6681,148.3786,potato
61.9796,17.7277,92.3656,22.2662,55.0627,6.3457,55.0499,peach
67.5756,49.1625,96.5974,16.2379,76.0087,5.3346,115.7502,strawberry
55.7524,56.0224,61.8419,28.9493,69.0676,6.2484,70.3185,peach
4.3135,42.0098,46.9908,27.6329,64.437,6.8313,44.339,grapes
27.0883,122.096,135.8703,12.5653,67.9732,5.9341,88.4993,apple
94.9633,56.3305,67.0857,19.3606,78.6181,5.7911,79.3435,strawberry
82.206,49.6093,36.487,25.6339,60.6966,6.6292,121.5169,maize
29.4724,44.9637,54.3134,23.5239,55.864,5.9353,70.5028,grapes
13.5112,138.3553,154.3299,17.7486,81.2675,6.7659,112.5408,apple
126.569,73.6447,119.3765,28.9516,82.0171,5.7225,93.0607,bell_pepper
78.5971,56.1283,60.1712,19.1982,46.8056,6.3224,56.6546,peach
23.1148,50.4215,63.1807,27.7152,68.4059,6.5219,69.1765,grapes
93.5744,67.6039,101.1963,30.9566,66.8898,6.4954,88.5662,bell_pepper
100.0635,57.1603,78.7322,15.8423,78.7001,6.1599,107.4738,potato
87.7601,53.6253,147.8219,27.4062,66.0699,5.6943,96.8633,tomato
56.8687,67.6166,40.4936,22.2558,62.1733,5.8457,151.8699,maize
50.0279,132.1375,147.6718,19.6908,55.5152,6.1684,141.8235,apple
28.9802,34.3223,58.461,23.9359,64.5279,6.6556,104.6664,grapes
67.2375,54.1454,50.9358,21.7373,73.7094,5.8898,81.434,strawberry
110.2103,57.5425,113.0584,19.0397,76.1956,5.5146,109.2273,potato
115.4567,49.7294,121.1377,20.1182,73.1152,5.9226,107.2588,potato
86.9578,47.4674,39.0391,22.7026,66.0282,6.4711,71.6327,maize
99.9617,58.6801,51.2327,19.9614,57.2812,6.938,58.5385,cherry
33.0637,44.7601,66.1602,22.179,52.2019,6.502,76.8871,grapes
32.3258,116.6183,153.5817,25.2385,76.6968,6.4271,145.8884,apple
92.6344,63.0703,80.1423,23.5471,62.5306,6.2309,84.1792,tomato
24.8138,122.8314,171.4939,21.8787,76.4751,6.0068,94.7223,apple
18.1182,119.278,154.9273,22.6882,69.1055,5.7789,107.7566,apple
102.9268,65.815,79.1905,24.1352,66.1377,6.3451,102.3535,peach
121.4245,55.5298,25.7378,14.6737,70.7547,6.3573,144.1265,maize
110.4069,59.6277,56.2566,20.8094,69.4689,6.1951,49.1842,maize
28.3431,28.8598,67.6405,24.9466,52.4846,6.8014,15.1961,grapes
108.2659,59.0941,96.7345,25.2395,74.6685,5.868,78.3448,tomato
12.1254,78.5801,46.6686,30.1014,44.5493,6.3757,88.8354,grapes
54.4486,54.6357,71.0829,22.0674,47.9046,6.4006,51.1027,peach
118.4606,55.6992,63.9577,19.7996,76.6573,6.4062,49.4747,bell_pepper
68.5606,52.9404,101.3361,19.3855,62.504,6.8453,50.1662,peach
83.7261,47.6042,37.6935,22.7616,65.3343,6.4132,69.7289,maize
58.9634,70.8625,114.8532,15.699,71.6719,5.5896,93.4535,potato
86.416,47.6337,61.4221,20.818,45.9802,5.8396,102.7732,cherry
70.2059,61.9983,60.7211,22.4091,69.8045,5.8597,48.1366,cherry
24.6035,122.6768,153.2751,15.6804,68.7709,5.9922,152.6907,apple
66.7389,52.0689,52.405,22.9224,46.5241,6.5188,54.1278,grapes
86.1614,58.676,78.7326,15.5472,48.9176,6.7664,60.3168,peach
60.3003,113.0557,158.6653,21.2055,76.1972,6.7166,148.9397,apple
30.3809,54.6595,68.7611,26.7174,59.8952,6.579,27.4501,grapes
96.0888,39.1697,67.5199,26.8029,76.181,6.7348,172.5742,maize
15.4268,51.9461,63.2966,19.9122,61.2283,6.7011,90.9582,grapes
75.7636,41.093,58.7994,18.5392,52.2147,5.0899,71.7116,peach
34.8063,42.5104,72.4107,16.8894,59.095,6.8422,68.5083,cherry
92.2298,43.4452,44.0369,17.2629,70.0778,6.2004,99.6561,cherry
69.8122,36.7883,87.5864,23.0349,77.7354,6.1137,87.5885,bell_pepper
6.1936,124.8882,142.7949,17.7113,81.3897,5.9369,118.3785,apple
38.3667,47.879,60.8735,26.0532,54.4998,5.8772,46.6117,grapes
100.239,51.6548,77.7803,14.2589,75.9599,6.5643,72.286,cherry
66.1232,31.6487,55.8291,28.1326,70.5981,6.0327,167.343,maize
60.2416,44.6031,86.5094,16.8298,44.2592,6.3991,77.7477,cherry
110.0765,66.1936,96.8974,16.2229,68.6634,6.3089,137.8013,potato
26.0665,132.6056,145.1759,17.8033,70.3554,6.4269,65.3283,apple
70.5999,48.8178,79.9466,20.8041,83.2543,6.1291,127.1739,potato
90.1928,33.4872,36.3961,17.2993,66.8709,6.2053,52.548,maize
92.5123,49.2543,97.9382,19.6294,60.6238,6.14,69.3724,cherry
54.0552,35.8799,100.1948,14.5078,80.6661,4.8219,92.002,strawberry
33.3788,46.1329,66.195,21.7795,52.0967,6.4762,79.9471,grapes
111.2722,28.8464,105.7874,16.0053,72.3151,5.5644,128.2099,potato
82.2795,48.4365,59.4298,17.956,33.3684,6.3451,74.2542,peach
86.697,43.8742,74.0224,25.4854,65.2746,6.1554,83.4565,peach
70.5968,29.881,59.0111,23.7769,64.9263,5.7061,95.062,peach
74.1826,58.8336,63.8425,20.187,62.7062,6.6076,60.2914,peach
84.3405,47.5862,74.705,24.5342,37.6136,6.4239,67.66,peach
120.6317,53.2443,107.8516,23.5797,60.9615,6.2469,72.7985,bell_pepper
88.4703,41.9573,66.9455,15.6638,52.9587,7.358,90.0033,cherry
92.821,42.0331,65.9298,20.9131,45.468,6.1752,64.836,peach
85.1884,52.4659,27.1631,26.3079,70.7015,6.1694,100.9162,maize
54.5638,31.9666,53.0354,21.4823,77.7366,6.7806,98.7014,cherry
97.4309,33.3837,80.0632,22.9878,64.7998,6.0586,65.3419,peach
93.3474,35.3795,60.4289,22.0423,59.9808,6.0633,71.9641,peach
121.9976,94.0274,73.0019,23.3436,75.1932,5.7478,95.5209,bell_pepper
72.5429,64.6525,63.4945,16.6273,63.9903,6.9326,57.877,cherry
11.9861,125.33,149.2113,14.3298,81.1852,5.9309,99.3348,apple
87.8821,43.7626,102.173,25.6949,79.8508,6.3926,86.8216,bell_pepper
72.907,66.5652,78.0742,13.4723,48.1461,6.4954,101.3908,cherry
112.3463,59.2365,74.5821,21.8093,73.9084,6.9485,93.0437,tomato
84.2858,34.5042,29.6691,26.1621,64.1415,6.7193,86.4907,maize
92.589,38.0962,81.1939,26.6392,71.6362,5.8769,109.076,strawberry
95.0243,83.814,30.1244,22.0024,68.6299,6.5668,171.7492,maize
30.5278,29.0698,110.8343,20.9195,63.4448,5.9844,51.3472,strawberry
90.1317,36.8749,32.6606,25.7586,73.24,6.0264,128.3646,maize
105.3679,65.3129,76.9145,22.7447,76.3176,6.7918,62.9746,tomato
21.227,138.6612,166.2122,16.7844,76.3496,6.8353,74.9714,apple
81.8674,51.5245,37.7126,25.8324,59.2874,6.6775,119.3787,maize
82.9856,54.0125,29.7419,19.2898,60.9839,6.2109,106.2071,cherry
37.6952,61.3403,79.251,18.5686,86.7144,5.8825,86.6242,strawberry
87.3903,69.1602,83.4722,25.4902,59.1136,7.2772,104.8741,tomato
74.6215,66.7863,95.9471,17.5637,73.878,5.9313,100.4408,potato
125.672,49.4274,85.6248,27.4754,65.1901,5.8013,78.3546,bell_pepper
49.1886,59.7742,59.396,24.9107,58.8264,6.0405,50.7559,peach
70.4716,63.8794,106.9921,15.9971,74.5649,5.4823,114.2663,potato
140.0,46.5311,71.7337,24.755,67.4829,5.7146,107.1909,bell_pepper
62.6677,24.1759,74.3814,19.552,53.2554,5.6183,71.3113,cherry
94.5123,41.5794,83.1452,18.4212,84.1563,5.435,86.0365,strawberry
33.4462,128.5763,149.148,22.1629,71.7747,6.0717,127.8739,apple
122.274,36.243,101.974,25.7654,59.759,6.1614,104.1723,tomato
82.8881,29.0043,60.1555,14.9551,59.661,6.3204,110.277,cherry
11.1382,41.2464,35.8957,23.667,62.0234,6.1674,57.4589,grapes
90.3053,47.7068,107.0179,28.4133,66.7004,6.6269,106.4624,tomato
97.8989,65.6969,53.205,18.0094,51.3993,6.0381,48.8936,maize
30.7966,54.4178,40.0543,26.2128,57.9099,6.0687,66.1787,grapes
60.9632,44.2256,78.3599,13.4956,66.2929,6.1575,97.2271,cherry
15.1069,141.0143,163.6998,20.5949,61.7006,6.0461,100.7462,apple
29.6884,142.8188,149.3001,19.2086,74.0707,6.3494,110.9616,apple
91.9788,31.114,73.1156,21.4909,80.288,5.7011,45.7462,peach
129.0491,39.1567,70.386,22.4235,59.6468,6.2928,96.1226,peach
126.5528,42.0898,70.5447,22.2918,49.4553,5.6806,77.7906,tomato
32.4422,63.3363,53.8842,27.3366,56.0546,6.7252,110.44,grapes
125.7277,43.1353,106.8664,22.0837,65.9391,6.3962,101.0442,potato
50.0093,49.6541,60.1178,27.3903,33.1167,6.7451,51.8696,grapes
15.2238,110.2484,144.7351,19.5755,71.1621,5.741,147.8917,apple
43.7031,114.9263,157.9872,20.1671,55.1087,6.4075,126.8354,apple
19.8047,132.8855,131.9726,17.7469,72.6593,6.7882,94.8407,apple
69.0103,53.5749,97.03,18.9832,72.5076,6.8762,86.9229,cherry
95.3521,61.1588,87.8439,15.1126,61.7368,6.3521,53.2313,cherry
47.6264,28.3348,71.3396,17.5683,47.4153,6.3301,93.5508,peach
94.8774,54.7332,81.3468,18.4402,61.7125,6.6822,67.2264,peach
73.281,51.4561,113.1126,24.7734,76.2566,4.8923,79.8047,potato
73.7301,42.6662,91.8644,18.4368,80.6736,6.287,76.3467,potato
5.3788,139.4005,149.0917,22.0749,57.1208,6.2123,64.2365,apple
66.2583,39.9178,45.3449,23.9972,67.8934,6.592,81.9931,maize
74.955,48.9167,105.4618,11.2272,60.8627,5.8628,63.8645,strawberry
4.3629,62.0134,51.5972,27.0903,55.5277,5.7417,71.1245,grapes
91.448,27.3712,31.8583,28.146,81.9152,5.941,94.5139,maize
36.3201,58.792,87.2167,24.9791,35.7763,5.8642,79.7096,grapes
63.3901,30.7795,91.3779,21.3264,55.4656,5.6196,47.9372,peach
34.1491,133.942,153.1344,20.4579,56.4504,6.579,52.0059,apple
79.1652,12.5448,108.1496,17.977,76.9526,5.9693,74.3903,strawberry
71.256,63.5112,103.6967,14.0422,72.0472,5.5111,134.2596,potato
68.3403,38.0889,80.9381,17.4483,71.427,5.6742,136.5187,potato
132.2178,69.3634,95.9039,27.5144,74.8659,5.8125,109.1808,tomato
46.8344,59.9903,104.3857,12.9486,82.074,5.6182,57.3945,strawberry
6.5922,37.9573,76.2262,27.6812,56.5903,5.688,91.6261,grapes
100.4231,53.0713,56.0017,15.7336,64.0554,6.354,72.6694,cherry
52.1673,47.0135,77.7855,16.9814,71.2669,6.2244,86.35,cherry
61.2834,35.1566,108.5447,33.4011,69.7195,5.5156,85.695,tomato
32.013,46.6636,42.5654,26.6805,47.8965,6.0665,106.963,grapes
73.6166,41.9119,97.8092,17.6899,54.918,5.9857,64.8389,peach
117.5897,53.7278,94.4217,29.9849,71.6466,6.6684,96.4079,peach
4.4996,102.1276,140.7164,17.9881,80.6008,5.7432,121.8177,apple
108.5202,28.467,32.7716,23.651,54.562,5.8601,81.7777,peach
73.0797,30.7862,88.9554,18.6146,80.2457,6.0546,48.4282,cherry
131.5034,54.3359,51.6879,25.5661,78.937,6.2765,99.9249,bell_pepper
88.2283,65.4811,34.9418,24.0959,54.2441,7.0058,100.8039,maize
60.715,55.144,53.1068,16.155,71.8328,6.6049,73.0955,cherry
86.0885,46.6119,76.1329,22.5159,56.7847,6.258,58.5514,peach
110.6641,51.565,86.627,22.2103,73.7563,5.9054,120.5814,tomato
97.956,73.4705,81.2918,22.5366,65.5609,6.1888,71.2263,bell_pepper
35.6978,126.7794,142.8134,17.1972,68.6646,6.5329,123.9025,apple
84.4208,36.2909,91.3827,15.5905,59.5813,5.983,98.6003,strawberry
99.7953,33.6138,72.4383,21.7594,52.1451,5.6658,60.3447,cherry
44.8293,66.258,87.9713,17.6843,92.5842,5.1783,99.6557,strawberry
73.5414,60.9141,79.3463,15.7903,64.203,6.5844,61.2558,peach
76.2315,49.1125,75.0566,30.4859,49.4113,6.7731,70.7016,tomato
100.2455,44.9741,60.612,14.9413,67.3337,5.8484,72.8658,cherry
36.8019,127.2238,164.7706,15.1773,68.8097,5.3933,142.3604,apple
89.7966,5.4501,66.2784,23.0491,34.5507,7.2493,95.633,peach
35.7684,76.3155,65.4113,17.8813,81.5983,5.7584,76.3267,strawberry
97.3619,57.3217,40.9422,25.0268,48.2493,6.4008,52.9699,peach
55.1633,59.3858,55.7197,22.7526,68.2925,6.8507,85.587,maize
67.5107,54.6621,77.3898,19.0285,64.9621,6.3414,122.8929,strawberry
119.933,38.7091,62.5362,19.7244,58.1527,5.5128,119.276,maize
88.1701,44.6594,66.8443,17.6234,59.0432,6.8832,65.315,cherry
30.5291,114.4093,149.471,18.7115,89.9228,5.9236,141.5093,apple
116.341,53.4505,86.854,17.4705,79.9266,5.7353,97.5111,potato
138.9578,56.9095,120.5207,28.1707,76.3317,6.5904,91.922,tomato
5.2288,125.6933,152.0281,16.96,65.7087,5.6684,128.5786,apple
14.4745,46.3697,42.2298,26.7852,68.2378,6.2962,80.5937,grapes
58.1187,65.1608,81.5986,13.4597,53.4914,6.7401,109.2703,cherry
122.1545,77.3543,98.6317,22.3126,58.9771,5.6544,54.7273,tomato
25.2451,45.0868,69.6565,24.4579,47.6802,6.7506,15.5676,grapes
102.0351,39.2438,83.0765,16.3164,83.3796,6.0821,37.1225,peach
67.1047,39.2028,76.8719,20.296,65.857,6.4314,79.7445,peach
89.2917,70.0282,108.279,22.3026,56.6975,6.939,64.8144,peach
120.5571,49.394,85.0973,28.057,62.2169,6.6453,45.0936,bell_pepper
91.0459,40.4778,97.5055,15.3221,61.6369,6.0381,104.0998,cherry
21.6482,59.6671,51.7041,30.5575,35.4829,6.4527,70.4899,grapes
80.5478,50.869,89.9675,18.3062,61.3415,6.4117,112.1876,peach
32.7397,109.0617,175.9033,16.9623,63.8432,6.2306,93.058,apple
94.5855,60.1794,69.2978,18.5353,61.0409,6.7031,72.2711,bell_pepper
114.7924,51.067,78.4817,22.6384,67.3676,6.2,104.577,tomato
101.6017,46.2682,60.9078,13.8445,59.3043,6.3345,80.5281,cherry
77.1484,48.8823,74.0375,22.6375,64.9784,6.4828,94.5737,peach
77.2911,56.0752,47.1073,21.1586,57.0846,6.2493,43.2835,cherry
94.0142,7.9059,75.5118,22.8961,65.9283,5.7393,70.0726,peach
140.0,88.3635,125.344,20.0162,67.4323,6.0664,87.7764,tomato
112.9742,42.5279,96.7031,13.7745,62.7975,6.3846,78.585,potato
78.0269,31.8331,55.0375,15.8068,74.9199,7.2065,72.611,cherry
60.9455,54.8431,83.5096,20.3811,69.9178,5.6345,53.1252,cherry
81.9568,44.1583,107.6302,21.2421,77.4246,6.6514,109.4506,potato
75.6547,49.4567,32.2921,12.8765,61.3686,6.5392,69.9425,cherry
58.5146,26.6369,0.0,19.6065,75.233,5.9333,50.9976,cherry
120.7918,37.1223,82.3911,28.5669,70.7748,5.6889,136.8875,tomato
26.4309,51.875,55.4764,24.1504,57.0838,6.3566,40.6129,grapes
140.0,38.7399,105.0705,17.5326,58.1321,6.1428,117.4005,potato
81.6899,22.9106,84.0067,18.1603,83.8278,5.9259,137.2994,potato
13.5291,127.139,140.307,16.2616,75.9398,6.2052,98.7582,apple
25.209,33.0363,71.5703,23.2143,62.7087,6.8831,32.0962,grapes
89.9376,49.8972,80.9576,23.4994,69.635,7.4639,74.5912,peach
71.086,39.6751,59.7647,13.6205,76.1949,5.9539,59.3025,strawberry
88.4836,61.2576,78.958,15.2314,59.783,5.865,148.2194,potato
117.1658,80.5775,95.1824,24.6393,76.825,6.4367,114.1739,bell_pepper
114.9433,93.746,104.8433,25.0458,64.092,6.4358,96.172,tomato
41.9081,102.7702,142.6605,17.7133,74.6966,6.9021,77.6145,apple
67.906,33.5664,67.2172,17.7103,71.7237,6.537,73.777,cherry
109.717,68.8983,109.5249,26.2755,49.9068,6.1565,78.6041,tomato
100.4044,77.5862,76.2438,21.9937,56.3385,6.0914,53.6989,peach
84.6302,75.1539,90.1149,25.3927,82.0024,6.7084,109.8383,tomato
86.532,122.6241,167.0119,10.3177,68.2569,6.3697,117.3782,apple
100.1934,72.6985,101.7363,24.5328,63.2348,6.8013,105.7198,tomato
89.9473,45.5743,73.6551,18.1894,54.7031,6.4394,49.3405,peach
86.8061,41.714,74.9554,16.4736,79.6458,6.2535,121.5159,potato
92.5951,70.3033,117.6139,20.5708,72.5963,6.1971,66.0846,potato
88.2896,53.2338,80.6347,19.1517,81.9828,6.0658,78.291,strawberry
112.4861,45.086,93.2382,22.8658,76.9489,7.0102,151.0957,tomato
101.4453,61.4984,130.5986,15.4545,50.458,5.4035,63.1666,potato
42.9269,57.4127,76.3138,25.5656,47.2559,6.5526,116.1022,grapes
22.7973,38.7904,53.3744,27.426,55.5269,5.2682,33.3566,grapes
104.2106,33.7253,83.2795,30.7648,74.5362,6.4379,76.8136,tomato
101.1796,40.4502,79.6522,20.797,79.9158,5.9071,118.1517,strawberry
4.9627,41.3262,40.8024,25.5916,46.3866,5.5343,56.4333,grapes
115.7756,71.8675,66.1807,23.321,78.2708,5.9294,98.255,bell_pepper
132.7786,42.441,85.0382,24.166,54.3748,6.2239,63.255,peach
81.4492,32.4857,57.6462,21.6556,64.1331,6.4106,70.8192,peach
39.7547,134.3865,151.6017,18.7717,87.8026,6.2973,87.3501,apple
18.3962,50.2951,71.6114,27.0544,48.1281,6.97,67.0742,grapes
55.9332,54.8306,73.0423,15.2971,67.6131,6.1069,104.2051,cherry
111.6424,61.1803,81.5778,27.4561,77.6853,5.8301,113.6871,bell_pepper
88.6231,22.7858,82.0279,18.2055,66.7675,5.5573,95.5602,strawberry
114.61,50.6845,77.3079,12.7936,71.2025,5.8078,77.9749,potato
19.5203,123.7255,139.9886,19.572,72.8167,6.2143,117.7386,apple
84.1788,59.1921,66.6734,14.1778,70.6636,6.1777,92.1084,strawberry
92.6531,51.2678,46.9305,19.7979,64.1682,5.7595,63.466,peach
94.0567,16.4035,106.1164,19.5836,65.0901,5.3307,114.9293,strawberry
84.251,56.1659,76.8546,22.4721,75.2229,6.4538,101.8214,peach
36.4036,135.0615,143.3652,17.6203,49.996,5.9792,72.0735,apple
61.0794,57.6005,39.536,26.3241,57.353,6.4034,118.5172,maize
136.1771,64.8163,103.5542,31.8037,66.3303,6.2265,77.1926,tomato
82.4818,46.5868,74.4462,13.8068,72.2451,5.5244,57.2339,strawberry
93.7698,63.1102,111.1299,16.6852,75.6182,5.7183,116.876,potato
62.3495,47.6434,79.2869,19.739,67.1442,5.755,34.6181,strawberry
114.1322,33.3449,47.1913,19.1757,50.4281,7.3627,80.7651,peach
53.0662,39.4823,111.6451,16.0535,72.9555,6.436,53.3707,potato
105.6447,81.6568,61.4396,25.278,80.6657,5.5731,127.4045,tomato
81.0834,60.417,70.8544,14.4754,61.6446,6.2171,120.5666,strawberry
95.0268,64.1896,160.2868,14.1189,62.703,5.6944,104.5039,potato
44.3591,44.5481,60.4674,19.4875,52.5166,6.3984,120.7671,grapes
85.7779,63.9803,80.9007,26.6927,45.8999,6.3837,72.4835,peach
80.3469,62.7845,104.5025,17.4455,68.7588,5.7811,63.5368,strawberry
80.589,54.052,65.8994,20.5386,51.8377,6.0574,28.3805,cherry
78.8113,43.1544,72.2496,24.3737,58.6416,5.5886,77.7351,peach
88.7711,73.132,106.8186,17.344,79.681,5.5403,125.8966,potato
110.916,76.6591,82.1221,22.7856,65.3139,5.9784,94.67,tomato
10.0223,80.0938,45.9938,29.982,44.9109,6.3681,88.5459,grapes
40.5874,139.1522,129.8859,16.9645,81.7787,6.0158,138.5555,apple
9.4256,28.782,64.8048,26.9984,29.37,5.3112,75.2488,grapes
54.3669,45.7941,70.0846,23.1631,51.3293,6.2963,115.4292,grapes
101.7804,55.4959,53.0684,21.216,75.2185,7.1346,96.2671,maize
123.8382,48.782,64.3489,22.5388,66.9212,7.5007,67.2833,bell_pepper
95.0753,48.3295,84.7064,24.2673,71.3659,5.7549,93.3927,tomato
6.9973,120.6033,143.4955,18.1049,65.787,5.3347,158.7514,apple
105.0351,23.5735,82.0286,23.9542,24.8314,6.8604,96.2033,peach
51.4255,51.6128,27.6767,27.7807,64.7806,6.2788,75.1775,maize
77.7709,39.5884,65.3957,17.1578,81.8405,6.1734,32.6162,strawberry
87.1095,38.4038,68.0869,29.7678,84.7723,6.4337,108.4071,bell_pepper
129.5444,52.2802,81.9693,25.1238,60.2929,6.8574,145.3362,tomato
93.8715,39.8433,93.9653,24.0005,85.2083,6.1504,95.2133,potato
57.2447,52.5948,79.4316,15.0152,77.9599,5.9951,57.8635,strawberry
104.0308,43.2382,85.1813,26.0545,73.7996,6.8708,97.8359,tomato
102.393,42.8506,113.777,21.1849,55.992,6.9749,93.9365,tomato
80.9947,109.9168,156.1555,15.5021,85.6414,5.7068,104.3194,apple
131.4597,51.8402,70.7137,29.5218,66.1685,6.3931,91.4442,bell_pepper
91.5455,58.8855,82.8053,17.6297,67.6773,5.5704,116.6786,potato
94.8293,62.7664,80.6844,19.4694,66.6567,6.515,39.0327,peach
36.9027,124.6465,135.9769,14.7099,75.575,5.485,102.5586,apple
105.3068,44.2623,38.6356,27.1003,60.9425,6.4036,48.5077,maize
92.3331,57.2098,48.1393,17.3823,74.5565,5.5504,45.093,cherry
116.6574,43.3439,77.465,30.3399,80.7536,5.8555,107.7414,bell_pepper
86.8704,43.9931,109.2587,17.1122,75.1379,6.5214,81.6203,tomato
42.5384,42.9656,78.0731,30.7718,76.9578,6.7595,82.8472,tomato
53.8977,74.5408,77.8021,27.1573,65.3203,6.226,107.0571,tomato
66.7445,33.7003,74.7217,14.715,75.286,5.3676,107.5679,strawberry
60.5423,42.7324,69.7677,21.3449,67.9664,5.9059,50.6895,peach
117.4387,57.4569,70.1903,24.896,67.6035,6.1204,63.9144,peach
95.7827,56.1455,81.9961,24.6037,84.0376,7.4789,109.8537,bell_pepper
112.3907,59.798,48.1238,22.8344,46.8314,6.5999,94.9198,potato
4.9799,47.2318,53.8656,22.6111,59.3563,6.0333,84.8524,grapes
63.7139,38.1251,58.3364,21.8356,65.1247,6.1148,43.3437,grapes
82.3274,53.9916,34.6036,23.3029,66.7137,6.5274,122.7877,maize
7.217,61.0383,60.1077,21.8792,44.9659,6.3456,68.6287,grapes
140.0,57.5101,74.9982,22.038,58.2324,7.4282,134.2434,bell_pepper
75.3005,63.9394,137.6663,26.8573,75.6927,5.9568,85.4495,tomato
12.4184,113.3531,141.362,20.1747,51.0083,6.0201,104.6216,apple
78.5826,36.733,94.6144,19.472,63.6906,6.5848,91.6331,cherry
6.3513,119.1054,143.6033,17.8109,68.5522,6.2434,112.1071,apple
133.3328,65.3541,103.1307,22.0111,66.4338,6.0843,139.5724,tomato
106.9339,42.2894,103.2647,18.8253,66.9317,6.4183,170.0454,potato
140.0,47.8158,83.2615,27.1624,82.3671,6.4749,89.0068,tomato
122.0584,45.9222,88.6623,16.121,74.2279,5.7277,128.9113,potato
27.7037,23.7335,52.0082,23.7064,44.2645,6.1744,107.5459,grapes
51.5775,131.2789,147.1643,19.6901,54.969,6.1458,142.6267,apple
15.1934,135.2152,143.5694,20.3101,74.9184,5.9464,143.2004,apple
107.3177,51.1627,102.0395,25.4309,71.4229,5.2495,108.4397,potato
81.0368,11.8666,119.1339,17.406,78.3146,5.7829,98.1252,potato
3.1954,52.0303,50.769,25.8899,55.6898,6.299,67.0677,grapes
77.451,42.7506,134.9439,15.0221,65.7696,5.2676,92.5731,potato
19.0141,122.5722,153.2764,21.5078,62.1429,6.1443,82.8276,apple
88.1543,58.5447,42.0022,27.4373,65.0363,6.3966,142.0073,maize
18.1773,111.4408,151.1766,19.4801,81.9734,5.5505,125.1917,apple
95.4598,53.9661,113.7016,29.9616,84.3816,5.8133,86.3524,tomato
112.3899,16.2224,63.2886,28.6047,75.9484,5.9778,88.145,bell_pepper
105.5859,37.8407,135.068,21.1627,66.2144,6.521,76.2012,tomato
95.5677,40.7574,60.2244,22.7562,66.2431,6.2214,161.2655,maize
70.1549,50.1635,69.7367,23.9417,66.039,6.4489,97.3815,peach
38.1462,66.1899,61.9868,23.3393,69.7152,6.089,31.4291,grapes
107.6457,39.8562,45.3657,24.1554,50.8861,5.9098,105.9148,maize
94.6477,67.5122,112.8337,22.65,87.9884,5.9928,122.9922,potato
94.1104,38.1928,63.056,24.8782,72.8086,6.3509,76.0857,peach
108.3875,57.1941,77.8119,27.8349,78.0213,6.9272,64.9562,tomato
90.6524,35.4815,32.7344,23.6308,69.4081,6.8041,125.9373,maize
89.1792,49.3835,47.7478,21.2469,64.7797,6.5511,137.5546,maize
110.4281,65.1216,116.6916,27.2292,60.4537,6.7993,76.3457,bell_pepper
60.8971,63.2131,80.0599,23.0773,66.7931,5.3252,69.2657,strawberry
90.2977,45.51,120.9465,25.4337,72.8126,6.0081,73.8302,tomato
91.8667,64.3102,90.5589,19.6835,58.8521,5.8277,71.2555,tomato
129.8748,42.357,97.2487,30.7235,63.6342,6.3808,104.0171,bell_pepper
59.7373,44.4767,25.8245,20.5443,72.4845,6.3382,91.9074,maize
103.4132,66.3281,117.4579,18.2602,66.1225,5.9977,76.1761,potato
121.8155,45.9411,77.2233,22.5939,69.6104,6.888,63.0778,peach
97.219,70.8662,83.7298,35.0407,53.1384,5.971,88.8773,bell_pepper
77.9827,60.951,93.8476,17.0908,64.1963,6.2837,78.3578,peach
53.4231,50.4598,59.6698,17.9791,67.5866,7.6396,58.8004,cherry
65.3433,39.5779,90.9841,16.7514,57.0486,6.6189,84.7071,peach
82.8871,71.2253,56.9636,26.2103,57.4236,7.2112,104.2325,bell_pepper
79.6602,61.5726,110.6232,29.9746,69.2963,6.3346,127.8884,bell_pepper
91.9393,27.4914,70.7893,18.4033,55.6485,6.0843,104.1574,cherry
6.3506,133.0649,165.169,25.6819,74.5616,6.4233,79.904,apple
118.6237,67.3662,88.6496,16.4215,85.4626,5.8932,128.5906,potato
112.7772,82.2245,136.6959,30.0576,59.8434,6.6425,90.7364,tomato
77.7145,68.843,26.2686,25.0315,56.3442,6.7249,114.3885,maize
95.6862,42.4543,105.4832,15.3751,75.9985,5.7723,80.0049,cherry
55.4483,51.344,97.965,21.5476,72.5407,5.7481,142.9944,cherry
75.9896,50.5436,101.3016,17.8379,73.1523,5.4808,49.473,strawberry
19.6488,119.0475,152.3911,21.8137,58.6282,5.8445,121.5997,apple
18.6181,56.7226,44.7882,25.5104,59.8885,6.4031,70.7274,grapes
76.8409,64.3391,36.7925,19.8647,43.7725,6.8592,87.6939,peach
85.586,60.8527,52.1714,31.4101,69.8923,6.6836,57.8199,bell_pepper
77.843,38.4744,84.9596,21.2888,55.3166,6.0569,99.7042,cherry
7.6144,133.6045,151.4682,19.9464,69.5819,5.5434,52.1874,apple
83.4919,43.8136,43.7749,25.5387,83.8209,6.7539,139.273,maize
60.7945,44.9507,34.3716,15.5958,76.7313,6.2939,117.8721,cherry
30.9652,34.5459,95.0146,17.8494,85.0168,6.3122,81.8781,strawberry
39.9916,38.3941,104.0317,20.144,60.4929,6.7502,71.6938,peach
82.8924,17.5667,71.6154,22.7996,66.2986,6.3647,75.0529,cherry
56.2513,38.8066,56.3273,23.0241,60.6743,6.2229,64.1166,grapes
94.7221,33.4561,80.1883,24.2723,66.3829,6.2761,111.2541,peach
31.1599,43.6123,54.5854,19.3997,96.5886,5.5696,96.0951,strawberry
76.5935,63.6529,45.4973,16.4398,59.6005,6.0109,71.1724,cherry
90.053,52.2481,90.2292,14.2262,64.374,6.494,69.8228,peach
61.7673,50.783,131.28,11.8923,80.1328,5.836,108.3334,potato
56.8007,58.6717,88.182,15.3403,73.1618,5.8594,82.4298,potato
67.2033,49.2514,69.6479,19.2559,90.2988,6.3861,133.1627,potato
74.9562,23.7546,70.9445,17.4949,65.9443,6.5048,93.4523,cherry
49.9537,33.9477,53.2066,25.5187,65.3142,6.7564,143.5341,cherry
114.8127,62.063,72.2324,16.9041,68.6662,6.0851,120.7141,potato
16.8439,120.0757,155.661,22.7828,69.6037,5.8239,105.4956,apple
100.4192,61.2691,109.7544,32.0335,71.6968,5.4976,108.9928,tomato
85.5929,66.5597,54.2994,17.1748,69.9658,7.0598,65.5212,peach
76.3995,32.5107,60.0811,19.4856,67.5461,6.7983,100.9144,cherry
119.519,37.7308,96.2327,14.7551,58.1157,6.7656,68.34,peach
81.8876,49.6739,80.0673,22.9224,69.764,6.128,100.2725,bell_pepper
58.7357,63.3203,84.409,13.8599,63.5884,6.4954,49.7486,peach
99.2873,42.0608,41.2329,23.6043,65.9885,6.6279,194.9913,maize
29.8864,125.9227,142.8799,15.08,74.7252,6.3263,110.7768,apple
103.9848,72.864,55.5139,27.3622,75.6642,6.2842,71.9836,tomato
85.979,32.6372,53.085,23.0508,49.9782,6.5569,82.2231,cherry
108.0483,48.1429,96.087,29.7461,68.2445,6.2865,67.8532,bell_pepper
15.8288,56.9633,81.69,16.7909,71.7384,5.5441,92.2501,strawberry
38.785,41.9197,40.8975,24.4794,37.7383,6.245,105.5451,grapes
126.1031,38.6442,150.8182,14.687,55.7408,5.036,105.7101,potato
18.02,51.0756,50.0685,18.4322,62.2079,6.378,82.4913,grapes
62.855,51.5149,81.0646,18.6584,76.904,6.2563,62.8851,strawberry
94.3038,35.3564,87.6707,17.5423,50.1246,6.4844,88.2292,cherry
96.6481,56.2921,91.8449,27.3663,66.8769,6.2705,80.9727,tomato
127.3037,53.7562,74.4254,26.6905,72.4379,6.1594,81.8574,bell_pepper
62.6927,47.0523,39.961,28.6759,65.9421,6.394,69.7662,bell_pepper
41.3382,45.1284,52.7746,21.8864,68.7561,5.8308,85.1575,grapes
99.5154,31.7087,36.0358,21.4517,64.8165,7.0111,173.4179,maize
84.3285,53.2374,86.8763,24.5278,57.8446,6.0992,165.3769,tomato
114.5883,50.1494,106.7514,32.4608,63.0516,5.8681,103.6926,bell_pepper
101.2362,21.4111,112.6815,19.2578,77.8517,5.7684,115.7721,strawberry
140.0,95.8268,92.5918,23.7507,67.0084,6.1467,90.2168,bell_pepper
60.66,58.9524,38.3424,20.2496,60.0593,6.1225,73.9656,peach
13.3645,137.582,133.4857,15.7567,70.7075,5.7662,105.3292,apple
104.1295,43.652,102.0751,16.2989,72.5377,5.8507,104.8719,potato
94.7702,83.1994,52.6502,35.2321,66.3103,6.6846,56.6575,bell_pepper
111.2205,50.1943,70.7828,27.5536,69.4567,5.9994,92.515,bell_pepper
87.1126,57.3592,24.6671,22.5184,76.4368,6.5351,14.7618,maize
56.8095,29.746,49.3604,19.8491,48.5899,7.3269,72.1125,peach
87.3353,44.5025,54.534,26.2998,56.5581,5.9976,119.7263,maize
59.1679,47.8301,71.0704,19.6477,42.4178,5.803,32.6065,peach
107.5402,51.7811,92.3649,24.5464,84.3661,6.5258,84.1437,tomato
116.5186,54.2899,66.7339,29.7961,86.4615,7.0142,88.4172,bell_pepper
84.3625,48.1065,31.663,24.3346,70.1562,6.5462,122.409,maize
61.4382,32.4136,36.0862,28.2167,71.0775,6.7762,99.8279,peach
133.9053,42.3137,90.2104,23.6337,73.7488,6.5467,43.2157,tomato
89.7358,57.8974,97.6095,21.4014,57.1948,5.6263,98.951,peach
107.1076,30.4865,63.7186,17.4474,81.0278,6.6051,74.1082,cherry
76.2952,27.8853,68.5046,20.9098,64.213,6.705,94.7903,cherry
83.3776,47.5916,62.8003,18.4883,66.5826,6.3929,85.447,peach
61.9738,24.9457,72.1901,21.8177,72.2783,6.0177,75.1963,peach
123.5335,37.9937,116.7818,20.3746,66.3477,5.7142,59.296,potato
47.2229,48.1239,42.2916,24.2864,84.3265,6.8812,132.0324,maize
14.6377,121.9624,159.1629,23.7686,78.8021,4.9302,86.6946,apple
4.6059,53.2394,53.3334,23.5391,47.0081,6.046,93.3304,grapes
111.6845,56.0636,69.1083,22.0615,61.2333,5.9166,52.1146,peach
3.8699,43.2817,59.7056,28.3472,67.6513,6.437,79.1987,grapes
17.4442,43.2372,51.3705,23.8989,60.3347,6.3313,143.8635,grapes
12.5408,134.9045,158.9012,21.7776,74.249,5.3382,120.9116,apple
33.9872,53.7922,64.61,19.8685,48.8153,5.7447,86.901,grapes
119.8748,63.1581,62.3956,18.1039,66.7931,5.3651,51.1149,peach
82.2253,55.4621,67.6453,19.3091,54.175,6.3949,101.3238,cherry
129.9889,30.4029,73.2189,19.3441,83.7957,6.2968,63.9312,bell_pepper
43.0667,57.3321,23.8562,25.2396,63.1341,6.4676,73.9913,maize
18.6803,129.0404,166.6692,16.3578,75.4385,6.3394,101.9887,apple
50.0471,57.0076,70.1796,16.0508,71.2058,5.9587,67.8744,strawberry
121.415,53.253,26.7827,14.4325,71.8203,6.3589,143.3098,maize
62.4646,45.5534,90.5557,13.7512,73.551,6.0702,87.9789,strawberry
95.0967,44.1069,93.0873,21.7132,66.767,6.193,70.0508,cherry
49.7915,52.5962,49.8352,31.548,61.0219,6.1763,66.0947,maize
90.2555,66.7601,84.7964,20.6073,60.8473,6.5236,71.4189,peach
66.7227,26.3727,53.0401,12.3498,56.0728,6.7857,68.6242,cherry
19.7002,52.8901,66.9,24.4137,57.1289,6.2179,51.5153,grapes
33.2496,24.4809,69.0955,22.0394,53.9677,6.2499,35.3425,grapes
81.8379,53.3062,44.7314,23.1084,59.9858,6.2969,147.0469,maize
60.3096,45.8723,78.8541,21.8407,63.7217,6.0971,46.9521,cherry
113.7283,76.1885,76.8016,24.826,62.8702,5.7683,85.1484,bell_pepper
100.2258,39.347,31.9946,27.544,68.2291,6.3704,124.2727,maize
76.7405,53.3856,116.4175,19.1451,70.5427,5.4027,86.789,strawberry
57.5663,54.1297,51.5212,23.7108,68.4862,6.2126,75.9597,maize
32.0832,122.6601,154.2119,19.5117,67.2507,6.1534,111.0538,apple
106.6936,63.2991,50.4447,24.9466,69.2811,6.4798,97.6084,bell_pepper
28.754,110.8426,148.9904,14.2362,88.1121,6.3237,123.5353,apple
18.9623,121.3973,130.7363,14.9278,83.7185,6.1755,147.2427,apple
124.9444,39.7137,91.816,31.2414,68.7753,5.9818,59.9269,bell_pepper
56.0622,126.647,131.4623,15.5615,62.2686,5.7797,84.5729,apple
77.9453,61.0497,96.0972,20.6665,65.9248,6.3645,37.333,bell_pepper
5.4202,131.0726,152.155,13.9811,65.9257,5.4644,98.7063,apple
53.7752,31.6616,87.7653,22.6663,59.6067,6.0463,84.8109,cherry
92.9005,63.8198,105.5987,23.1018,71.591,5.42,85.7375,tomato
50.4457,51.584,84.6016,16.5235,79.9091,6.1841,143.0565,strawberry
117.5603,65.5046,122.3258,16.2038,56.8689,6.3927,123.572,tomato
49.7148,55.6518,79.4503,23.8988,64.3282,6.9984,75.5998,peach
57.5052,42.9229,31.5354,18.7306,57.6136,5.9838,126.2411,maize
59.8119,55.8241,104.3369,14.7534,64.0161,6.2952,95.8309,potato
96.287,44.7519,43.87,27.422,72.5642,6.3299,83.9878,maize
101.1003,60.1328,101.4117,29.7181,66.4408,6.0175,82.1745,tomato
87.7448,72.8881,84.6642,15.9871,82.4401,5.7639,113.9843,potato
4.6238,56.7674,39.2075,25.9342,50.1822,6.3468,70.909,grapes
97.6838,62.0216,83.591,25.3729,73.2258,6.0153,98.8354,tomato
37.5998,27.7122,49.2849,15.6025,40.9955,5.7335,21.8107,peach
26.0773,145.0,159.5405,17.3743,76.8477,5.9918,169.1814,apple
105.9309,28.1717,94.9912,16.4416,74.8015,5.8611,112.5012,potato
45.6832,48.4852,98.9298,18.1129,84.2356,5.5741,70.0147,strawberry
79.1091,76.5208,55.3359,23.8773,92.7855,6.1238,101.8346,tomato
94.9961,60.6217,91.9139,23.1321,52.5881,5.7419,99.5208,bell_pepper
21.0111,114.1356,164.5993,13.6179,63.8166,5.7402,120.2566,apple
89.6185,59.6894,25.201,23.8961,55.193,6.6323,132.0456,maize
85.8559,37.6303,101.5505,18.7063,77.5584,5.9386,124.3984,potato
59.8439,68.9419,34.9516,24.6053,72.3703,5.9538,87.2065,maize
140.0,42.9787,84.1795,31.8486,77.9543,7.1539,74.3183,bell_pepper
64.2922,61.1732,76.249,19.0268,83.1159,4.9448,134.6353,strawberry
95.1134,51.494,55.9907,16.4147,76.9477,5.5874,54.0889,potato
93.0923,52.5818,36.7516,20.0817,57.5165,6.095,74.0956,peach
28.731,117.2876,154.3781,15.101,59.7506,6.2779,155.9846,apple
85.5739,41.8282,114.656,15.3752,63.2535,5.2905,132.9476,potato
74.2319,42.5931,23.4508,26.6004,75.832,6.0769,115.5265,maize
21.9441,137.9461,159.1239,13.4275,57.1411,6.2419,96.9175,apple
14.9,54.122,56.9473,25.3278,50.6839,6.3065,41.6511,grapes
92.5225,67.7589,121.7294,17.2405,76.109,6.2245,37.0819,potato
114.7872,69.4899,73.8447,15.6833,84.1922,5.631,76.0879,potato
101.7014,38.6092,50.6873,21.3442,63.8085,6.564,69.9753,cherry
20.0985,41.7472,57.2662,22.3561,59.6227,6.1599,14.5947,grapes
89.9175,32.7695,111.7037,18.1816,63.6929,6.011,81.7542,cherry
79.4457,29.7215,52.4893,19.7184,68.9624,5.7935,100.2736,peach
7.6402,133.1981,163.63,14.5539,59.7637,5.4464,96.2606,apple
70.9597,80.9256,103.8043,15.7401,60.4425,5.4944,129.5233,potato
117.8891,51.2507,92.5813,26.7,61.5309,6.0106,63.7644,bell_pepper
84.9492,34.6776,79.6771,21.2004,49.1687,6.6033,90.1969,peach
100.0439,41.7735,82.1294,23.4195,80.5499,5.9373,90.3535,bell_pepper
110.0261,55.9866,71.5753,25.1441,54.4025,5.8237,152.8435,tomato
47.0173,47.1873,62.4215,22.7646,49.1476,6.5249,78.9071,grapes
36.3258,133.0645,151.8257,19.5614,69.406,6.1311,129.1775,apple
26.2879,120.5343,149.925,17.5323,70.9965,6.5544,70.9313,apple
105.4867,33.2972,55.2993,16.5992,74.0979,6.1111,92.9045,peach
81.6472,36.7496,95.631,23.4245,79.1919,6.7476,112.675,peach
78.2082,56.2868,76.1739,24.9501,66.4972,6.4495,99.9026,peach
118.0441,80.8095,94.17,18.0357,83.2612,6.005,151.953,potato
27.3176,143.3412,149.7386,19.5672,74.9925,6.3282,105.018,apple
98.5737,61.8328,65.6668,27.1935,75.2406,6.5035,97.0262,bell_pepper
105.1974,43.2727,95.0013,25.0123,67.9899,5.9533,145.8965,bell_pepper
105.673,29.1038,55.379,23.1797,71.929,5.8496,103.9992,maize
7.6272,137.7188,159.3951,16.3312,60.1441,5.8338,109.1322,apple
104.237,44.4867,114.3617,22.148,58.2564,6.2654,95.3016,tomato
68.0218,42.0742,110.0262,18.9892,55.5913,5.2453,89.6652,strawberry
105.394,50.1828,99.907,21.1062,63.0945,5.9656,63.0737,peach
25.359,60.6211,93.065,17.8568,73.7666,6.4412,73.7644,potato
128.8617,73.0406,68.9054,27.9003,72.4636,6.3174,86.6652,tomato
65.4736,41.0242,44.3111,21.8901,62.6326,6.5963,91.5082,maize
131.2216,72.4641,72.9221,29.4374,62.3734,5.5614,121.4521,tomato
77.4287,32.3408,85.42,17.9653,62.3199,6.199,100.6153,strawberry
96.5788,33.5734,72.0737,33.696,81.8992,5.9211,117.1808,bell_pepper
65.3715,29.2602,74.8082,15.5243,65.9683,5.9406,123.6355,strawberry
110.3842,74.1076,114.2366,24.6409,66.0612,6.0195,113.7713,tomato
40.4574,47.2764,50.5618,27.2707,67.9662,6.9476,48.8953,grapes
55.0989,33.1462,61.7393,21.0207,48.9445,6.2912,56.7816,grapes
77.5217,32.576,100.9327,20.5449,81.6147,6.598,61.7618,cherry
7.5964,122.2346,154.2531,16.5551,61.8246,5.8368,153.2125,apple
47.8549,25.7518,36.5963,17.5232,78.2302,6.5822,117.1126,cherry
3.7008,59.3101,67.9872,23.7336,63.2878,5.6297,47.4559,grapes
81.5307,43.8674,89.2362,19.0957,72.1134,6.6346,140.3491,cherry
125.1688,43.614,52.4878,29.7831,86.0172,5.9515,103.4812,tomato
85.9271,40.0998,70.9576,25.2221,39.5681,6.12,91.4809,peach
97.2206,53.733,73.8689,14.3866,80.37,7.105,75.6283,peach
118.9808,56.6171,83.7974,22.3214,75.0639,6.0353,81.1352,tomato
103.9401,42.4963,118.3401,17.7891,56.8885,5.1682,27.4296,potato
34.0536,23.2368,69.1483,22.1047,54.9297,6.2498,35.6799,grapes
91.7364,57.1755,32.8134,20.6454,79.2928,6.4565,81.9715,maize
91.4803,45.2091,49.5985,26.3637,67.7948,6.2796,95.1464,maize
101.804,17.6329,81.7298,23.4507,74.7214,6.6825,96.9797,peach
80.8838,50.5583,115.6117,18.8559,61.6393,6.0287,143.2027,strawberry
93.416,66.1095,88.9761,20.4161,58.0193,6.048,92.2737,cherry
74.7625,47.1419,75.872,21.5171,73.3319,6.1408,94.9175,peach
49.4327,63.1348,69.1775,27.9515,78.7676,6.7671,72.6427,cherry
3.8097,50.113,47.3543,20.0456,44.5735,6.3373,98.6702,grapes
66.5233,48.3699,53.6361,25.5368,66.3714,6.8254,77.9507,maize
70.734,48.5639,57.5085,23.3433,90.8943,6.0784,65.741,cherry
12.5132,52.2214,43.8306,22.9355,67.8565,6.9252,126.1497,grapes
58.8083,52.9037,82.3411,24.3531,73.3364,6.2361,125.622,cherry
73.0362,58.8795,54.4832,26.0537,56.3004,6.9285,148.2347,maize
12.5326,32.9839,55.6813,21.8125,55.0486,6.1509,43.4713,grapes
87.8091,45.5411,61.0254,18.692,69.1483,5.8932,57.8616,peach
83.8789,55.3743,28.3862,22.36,55.6576,7.1376,132.1945,maize
94.4633,61.5377,63.6438,15.5223,68.8149,6.4561,77.2882,strawberry
90.9737,57.4808,79.6227,17.8268,65.3518,5.9262,116.1076,strawberry
93.9928,43.4183,80.133,28.5243,52.7792,5.8862,121.2624,bell_pepper
76.113,47.4569,39.0011,15.3032,62.4176,6.8231,79.7333,cherry
75.9619,57.3647,40.0211,20.9069,65.4648,6.4672,138.8418,maize
99.0531,70.4907,110.4285,13.6232,62.5223,5.2878,111.9921,potato
83.5833,48.923,32.1573,24.3013,70.0963,6.5331,125.3469,maize
49.7079,36.5859,68.6875,22.0088,63.6029,6.1272,32.2827,peach
128.5572,53.0296,108.5861,19.616,60.6963,5.6026,71.9069,potato
80.1997,41.8575,38.3256,25.3395,57.4539,6.6823,178.949,maize
34.3573,109.0667,143.0178,16.6318,78.1597,5.8471,64.6213,apple
66.3658,55.845,44.5624,25.6793,48.5593,5.8551,126.9351,maize
87.6332,33.4003,116.7418,15.1192,77.1787,6.1329,83.7316,potato
108.7816,37.3482,137.7491,18.1576,79.372,6.6627,114.0384,potato
31.942,122.2997,143.491,19.2343,73.8235,5.5872,53.8201,apple
67.8639,33.8532,80.0321,17.9396,73.9929,5.2138,61.1098,strawberry
85.1634,55.426,86.2645,16.8335,62.6386,6.6039,51.5431,cherry
46.2444,52.6922,79.9862,13.2207,81.9348,6.3202,98.9533,strawberry
4.7284,49.413,46.9834,19.7488,46.993,6.0695,63.7465,grapes
43.9982,51.6979,66.7397,20.4033,46.5937,6.0703,66.743,grapes
36.3638,46.7381,67.0796,22.9009,57.5318,5.9968,67.1038,grapes
69.8661,41.8169,103.3139,20.3001,71.2276,5.6288,104.1438,strawberry
83.9733,28.6605,82.6098,26.3134,58.3422,6.262,68.364,bell_pepper
106.0333,44.6786,37.421,26.9372,59.8739,6.4011,49.0997,maize
78.574,63.5319,112.3421,20.3965,83.8735,5.0484,98.9756,potato
68.806,35.6735,109.6091,17.1413,72.6193,6.0738,96.6107,strawberry
68.2379,63.0212,78.8194,20.9604,58.328,6.1681,74.728,cherry
12.2582,129.4922,145.1659,17.7689,64.3183,5.9432,114.6066,apple
74.6256,36.9573,39.8893,22.1385,61.5278,5.6122,93.7741,peach
70.241,46.9533,84.8863,19.9734,73.8126,6.2358,178.6867,potato
94.6348,41.5361,31.0674,27.1303,49.9231,6.7665,97.4285,maize
98.0141,62.3463,102.4245,27.0029,72.635,5.4938,34.5409,tomato
55.2838,44.9894,54.8866,24.6146,62.8667,6.0013,166.1386,maize
93.3137,70.1968,121.6197,26.8859,61.5602,6.1058,141.2772,tomato
120.9537,68.6107,90.2747,29.3432,64.8906,6.3891,78.122,tomato
91.0618,66.5673,66.4957,27.9156,70.3515,5.9808,131.1485,bell_pepper
45.3138,116.0862,142.7215,16.1867,54.4292,5.9369,136.355,apple
6.83,55.2817,57.9401,22.3071,72.9304,6.5141,103.4016,grapes
114.22,47.0265,55.0669,22.6869,67.656,6.3986,41.9104,maize
5.9675,117.0134,135.3271,20.2336,77.9511,6.0769,107.8816,apple
132.8857,61.699,80.7683,29.2296,67.6776,6.1776,116.0299,tomato
61.0742,46.6621,74.0528,19.4566,65.047,6.0796,116.9819,strawberry
61.7135,34.4369,90.5357,17.9816,72.1862,5.7959,97.5269,strawberry
131.1235,61.5963,78.721,26.4904,55.2093,5.9665,86.1063,bell_pepper
12.4914,20.9537,72.0434,22.8895,64.6184,6.0632,40.8439,grapes
31.2299,145.0,157.7278,18.3909,60.9775,5.9504,96.7979,apple
15.3883,44.1848,53.9517,25.8915,46.0741,6.2943,59.6802,grapes
100.6811,82.0613,58.5086,23.4808,57.0402,6.0136,94.8842,bell_pepper
79.3509,48.0835,77.9014,17.9525,78.2712,5.7288,59.689,strawberry
108.5653,43.283,114.9906,15.5049,72.2389,5.3257,76.6137,potato
9.4823,130.8049,154.5414,15.1684,59.1531,6.7897,143.2231,apple
52.4313,63.7603,64.146,16.0569,67.3218,6.3777,95.253,cherry
111.3657,72.2211,88.7894,29.0653,49.0347,6.2774,83.3294,tomato
74.1902,48.1942,74.1777,21.5522,57.9374,6.3539,83.5439,peach
65.0578,58.2924,32.1134,21.6575,60.1057,6.3786,117.1751,maize
83.6269,56.2086,112.7801,23.0604,53.0101,5.6707,67.7365,potato
129.8712,38.7989,114.2237,18.4191,79.3815,5.8505,86.1724,potato
102.3259,39.1225,93.8935,28.8205,70.5276,6.9011,115.3432,bell_pepper
105.0973,62.8393,138.1976,24.759,67.6263,5.6262,81.9027,tomato
9.2948,129.8329,154.4527,22.8984,79.1031,5.5803,92.645,apple
98.3125,70.7533,83.9351,23.4624,74.019,6.2612,85.0649,bell_pepper
76.66,47.0832,98.6801,16.0656,66.8643,6.0944,52.9487,strawberry
71.9842,33.2124,76.8642,18.1305,64.3263,5.8819,68.5189,strawberry
54.736,59.8385,58.2042,22.8028,67.8923,6.8261,88.8995,maize
121.9427,44.3756,83.561,22.836,73.2884,6.3043,66.9501,bell_pepper
114.1402,42.3098,100.4882,21.6117,67.0781,6.2456,68.1317,cherry
21.0615,119.1973,156.5154,19.6676,77.8034,6.0004,71.9209,apple
94.213,65.0161,97.8955,21.0655,46.6897,6.5919,47.2146,tomato
5.3919,57.4811,61.0255,21.2428,60.3574,6.5322,56.6067,grapes
31.724,64.6449,57.9914,22.3675,55.9176,5.5345,53.4231,grapes
15.2123,69.8391,42.993,23.7128,69.5713,5.8296,51.7551,grapes
115.0127,47.4739,82.0199,23.6923,93.6836,6.707,127.2919,tomato
73.4129,73.3862,29.814,13.905,77.6742,6.6048,64.4757,cherry
66.8408,48.5057,89.1953,17.2715,78.5471,5.929,60.5516,strawberry
56.5274,60.8775,91.606,16.0855,64.246,6.2486,92.0102,cherry
67.5144,41.2028,128.6087,28.259,75.0993,5.7594,89.7846,tomato
64.3786,43.8653,97.0479,15.4968,76.0315,5.2855,100.9038,strawberry
95.2867,57.5933,61.6607,26.5055,58.3331,5.5596,64.9837,peach
69.8941,49.9385,103.8537,13.855,67.1919,5.7908,114.8918,potato
128.3065,46.2053,66.9759,23.6936,72.4767,6.1693,130.8883,bell_pepper
110.4819,39.2832,114.8019,17.7199,52.2692,5.991,95.3885,potato
72.0992,78.7859,51.3378,29.4885,74.2915,6.4119,105.4364,bell_pepper
125.5218,53.3402,71.2449,15.5476,28.3558,6.6575,85.0154,peach
66.63,58.0709,45.5568,20.1737,75.8339,7.2948,140.5081,maize
64.579,40.0273,61.5445,19.3077,64.6962,6.1884,66.9651,cherry
59.1069,36.9251,60.6718,11.717,91.5717,5.8453,77.3135,strawberry
66.6886,66.8291,104.0724,17.8907,70.426,5.727,103.0886,potato
58.8019,30.3722,81.756,22.7905,60.5761,5.9563,34.0583,peach
108.0372,47.5649,120.8899,23.1459,61.0314,5.3581,112.6038,potato
109.6822,47.7369,60.1957,30.96,71.3995,5.772,83.4954,bell_pepper
70.3747,54.1508,39.4916,23.535,70.6031,6.3318,96.3564,maize
64.5478,28.7382,50.5346,11.5489,77.4076,5.5296,103.4631,strawberry
51.9053,56.9958,78.8427,25.6878,54.7824,6.6652,103.4199,peach
76.5944,36.011,93.6476,15.853,73.618,5.1856,139.259,strawberry
108.7125,45.1237,86.7507,20.1333,56.5761,6.0956,28.745,peach
125.7534,29.8245,127.5787,20.962,98.16,5.509,113.38,potato
140.0,27.0481,54.4628,19.3441,71.8035,7.0308,115.1603,tomato
89.7049,65.0439,42.2926,27.0627,74.7114,6.316,127.1531,maize
39.8387,131.086,151.3774,16.7462,55.9201,5.3662,159.2831,apple
72.9322,63.0704,78.7863,12.7209,65.9398,6.4088,92.9858,cherry
80.6982,68.0987,80.5495,19.2228,61.1469,6.6111,88.5017,cherry
86.0635,40.1116,50.002,22.0145,78.3271,6.2766,106.7572,maize
17.739,139.8562,154.85,23.7878,62.5485,5.7587,106.6051,apple
11.4479,121.8472,145.0412,18.0083,73.911,5.4754,132.5359,apple
31.4861,145.0,157.5285,18.5851,61.6233,5.9308,93.4244,apple
13.2776,134.7908,140.1334,19.2926,81.3394,5.592,68.5748,apple
56.2702,42.8832,49.4985,29.0383,71.8458,5.7817,96.2125,maize
111.4841,51.2459,61.9081,18.8267,57.2258,5.6857,67.3333,cherry
55.6778,48.5194,95.2036,27.704,96.3496,5.3204,144.5337,tomato
118.6362,65.6263,58.6966,14.6696,75.4891,5.4913,78.9141,potato
72.9111,65.0123,143.222,17.2006,71.827,5.4437,80.2724,strawberry
113.5069,39.1377,70.8098,16.137,78.6563,5.6107,152.2306,potato
41.044,44.76,52.5063,22.1999,69.5591,5.8229,88.3163,grapes
36.664,39.866,50.7285,27.2512,47.0976,6.3087,86.3604,grapes
98.3855,72.1571,91.9717,23.3605,62.5118,6.5125,103.2309,tomato
44.9122,64.4772,74.6095,25.4104,62.2906,6.4854,93.7333,grapes
80.6594,61.8867,110.168,22.0662,81.2395,5.4152,81.6761,potato
71.5341,59.8653,42.9225,20.0155,85.9713,6.3557,115.9408,maize
129.3817,46.9713,82.7789,25.1612,69.7296,6.2841,143.6376,tomato
93.2924,44.0055,64.9734,20.291,56.478,6.4331,105.9914,cherry
45.1569,50.4618,109.3875,25.5681,56.1928,6.5075,144.7752,bell_pepper
41.5818,28.9378,46.2617,25.238,67.1046,5.8425,56.3441,cherry
112.0696,69.3611,68.0254,29.6057,82.9884,5.7124,93.857,bell_pepper
80.6822,37.5226,124.5421,12.0643,77.2033,5.4196,106.3765,strawberry
32.7046,51.3434,73.5831,26.2332,61.0154,6.4011,89.5026,grapes
97.756,55.3072,68.2515,15.1275,64.5212,6.3181,97.7086,cherry
82.1388,57.2184,94.1308,21.5644,55.0565,5.6444,71.6792,cherry
135.5335,51.5769,107.7578,15.5086,68.2152,6.2134,84.7286,potato
75.9658,49.4316,61.3555,24.1181,51.4543,6.0969,105.4215,peach
74.3911,67.1338,121.6397,19.8526,59.2294,5.4146,116.168,potato
104.1487,49.4895,68.7917,24.6881,55.2226,6.6498,91.6925,cherry
112.2508,48.6099,82.4294,26.4583,78.7345,6.963,102.2913,tomato
45.5719,45.825,53.8747,26.0671,61.165,6.4575,80.8972,grapes
81.1075,44.7562,45.9325,16.1888,48.2923,6.5098,67.916,cherry
63.489,45.7117,74.8165,17.0045,65.1188,5.7705,87.0989,strawberry
89.8215,69.6172,89.4573,23.5986,55.2636,6.7361,92.5595,cherry
29.7996,127.7968,155.8891,14.1067,73.8576,5.3939,19.4044,apple
92.9744,72.0129,69.1442,16.6903,55.5747,5.8907,26.0856,cherry
33.1905,110.4399,176.7514,16.6867,63.6287,6.1398,93.2238,apple
14.6739,71.4679,42.7048,23.4884,69.6818,5.8097,51.9786,grapes
107.008,64.0613,91.8322,24.1662,67.2866,6.1707,58.8302,bell_pepper
83.6196,42.1711,85.0526,19.1342,57.5849,6.1922,122.0878,bell_pepper
93.0568,44.1446,116.4554,26.7966,64.054,6.3486,102.2592,tomato
93.4638,38.1556,66.2203,18.0715,70.2059,5.5557,111.6208,peach
67.4403,31.0992,65.1804,12.751,75.8224,6.3148,40.2977,cherry
5.2202,47.6058,59.733,19.93,60.1562,6.7312,121.9395,grapes
47.6886,135.207,146.3002,19.1091,62.5493,5.8246,117.4305,apple
71.7386,35.5128,116.4935,19.3524,78.2962,4.7494,70.1451,strawberry
120.0981,51.6777,89.5427,29.0925,65.0736,5.8839,109.0659,tomato
108.9788,41.8164,84.234,14.2055,77.9287,5.7332,68.745,strawberry
72.1557,50.0088,54.8834,25.6373,88.4355,5.6962,64.2846,cherry
88.9384,44.5758,73.5744,21.2046,71.3294,5.9525,98.7738,strawberry
93.0092,58.5923,49.9827,23.2116,89.2339,6.4961,32.1433,bell_pepper
57.0396,43.7832,43.7246,22.4842,55.4669,6.3846,83.9054,grapes
60.7178,35.1121,111.1148,14.689,66.2149,6.0715,95.0073,potato
114.7786,50.0917,46.1908,27.0069,68.2949,6.0724,21.5134,maize
81.9723,55.8465,143.8442,21.0116,64.6029,6.5785,113.8584,tomato
75.5707,42.8265,72.0679,14.5573,45.8384,6.1326,80.8415,cherry
110.7529,57.2746,107.9697,22.6527,69.653,6.2484,59.762,peach
101.4438,59.4662,98.268,21.6104,74.357,7.21,89.3178,peach
106.6395,55.5439,91.3621,23.0797,59.7788,6.4809,43.9033,bell_pepper
140.0,39.9033,99.5387,29.7584,54.5486,5.983,79.8425,bell_pepper
6.022,51.0671,61.189,22.9585,58.4079,6.5064,107.3663,grapes
65.5071,48.7131,116.2071,27.2816,66.5177,6.5966,72.3859,tomato
124.0594,50.7024,85.6045,26.7175,59.4562,6.0379,88.8585,peach
116.8538,62.0447,63.2715,26.1627,55.8433,6.7446,106.0353,tomato
130.8673,64.2007,85.0435,22.2841,55.0964,5.9062,124.5987,tomato
92.5909,43.1814,34.8623,30.4408,74.1313,6.7135,124.6632,maize
99.8536,38.2251,93.9905,22.4566,74.413,5.2504,103.2019,strawberry
82.1036,50.2771,68.9684,16.8428,65.9113,6.9381,89.0046,cherry
39.7459,58.1555,45.6721,22.1097,50.8271,6.1462,25.3085,grapes
25.9959,123.0202,139.4526,24.2851,70.2593,5.758,121.2413,apple
68.7324,51.1185,30.0123,26.3294,74.5373,6.5473,40.4724,maize
79.5655,50.0016,38.6348,21.7615,73.1633,6.7437,107.9275,cherry
56.6597,44.5528,91.6606,21.6791,59.4289,5.2386,138.7756,strawberry
108.9406,31.3524,54.0448,21.0284,56.3654,6.8037,69.5868,peach
96.8383,38.414,155.7013,17.6973,83.9167,5.7892,57.5299,potato
94.671,55.8582,88.6006,12.8171,56.302,6.7933,84.4537,peach
111.6645,54.432,92.124,23.221,62.104,6.2521,89.2197,bell_pepper
82.2914,65.9544,119.7288,27.3351,75.7803,6.3824,83.9046,tomato
118.8001,36.3399,96.0221,22.0802,65.7615,6.2052,73.652,bell_pepper
117.8454,52.7566,63.9979,16.235,66.3072,5.1536,68.7806,potato
140.0,59.9696,75.1794,24.5812,77.4809,6.1936,161.0517,bell_pepper
102.0483,50.1386,88.1486,16.0819,72.0189,6.1494,69.2011,peach
5.7372,31.0242,56.6391,27.4526,44.7459,5.9442,84.1351,grapes
61.1986,46.7958,87.2334,27.4377,52.3602,4.8014,72.7303,peach
100.727,58.7837,43.1924,33.605,74.9882,6.4948,74.8245,maize
118.4545,58.4097,78.6739,28.7447,59.9822,5.4751,95.0938,bell_pepper
55.6346,58.0929,98.9587,30.9116,73.9452,6.0587,36.8414,peach
59.1369,133.8703,134.7643,13.985,85.5048,5.7551,62.1219,apple
25.2364,35.0632,51.6865,23.9041,57.5534,6.6221,13.8978,grapes
6.7816,68.312,28.6978,20.7024,49.1162,5.9192,115.4139,grapes
88.6178,54.2699,84.5045,15.672,58.9694,6.3091,81.0471,potato
29.533,62.1585,101.1345,31.4982,64.2384,5.5713,109.4573,tomato
127.7106,49.2073,77.8564,23.9378,64.3275,5.9829,110.5822,tomato
92.7472,35.3257,71.366,17.9967,68.2968,5.902,94.8763,cherry
80.4914,21.6895,66.353,17.8524,83.6022,6.4903,95.8695,strawberry
104.3748,66.1896,92.8329,15.8956,77.1809,5.7959,97.7794,potato
33.5378,61.3377,41.8455,20.8013,46.2048,6.5614,87.2613,grapes
121.2237,67.234,59.8873,26.0613,72.1232,6.44,91.485,bell_pepper
76.734,26.5397,113.5096,19.6019,81.1242,5.8241,77.7262,potato
80.8907,67.2951,74.1693,16.6285,59.237,6.0112,39.8495,cherry
102.448,58.4795,41.0506,22.7594,49.8368,6.0055,117.2811,maize
102.1798,14.123,52.6497,15.4967,49.8439,6.6405,94.3895,cherry
21.3866,117.9622,146.7764,20.4678,52.8895,6.5349,190.6514,apple
140.0,62.19,84.2282,27.6404,48.8473,7.3398,95.6235,bell_pepper
35.0189,125.3024,135.4135,14.6435,75.7028,5.4638,100.7841,apple
24.1825,127.1431,146.5192,18.9927,63.2752,6.3125,121.6762,apple
45.6886,56.335,54.3648,20.2638,72.0477,6.1521,56.4524,grapes
84.636,52.3388,71.1337,24.8693,69.2461,7.0371,60.6556,tomato
73.4104,34.5599,64.6377,17.3869,74.344,5.943,91.9815,strawberry
74.8958,31.4775,77.5747,19.4764,48.3537,6.2712,55.8404,cherry
8.6291,115.4822,153.316,15.992,55.697,5.7029,106.7208,apple
92.4396,43.9231,56.9609,13.1899,94.5946,6.7577,110.2805,cherry
107.9879,72.3445,83.7915,28.4058,66.7501,5.6171,123.1921,bell_pepper
67.2576,55.3086,80.177,14.9803,88.1294,5.3251,54.1697,strawberry
21.4102,63.8223,64.1156,22.7511,50.4803,6.6389,27.2073,grapes
76.3251,34.2634,69.4211,23.5044,61.8999,5.6379,74.0895,peach
81.275,48.9415,89.553,16.3165,82.7781,7.1482,80.314,cherry
53.6072,39.7706,83.4408,16.5797,81.7926,6.6514,91.2474,strawberry
87.2493,28.019,86.0659,14.3258,75.7032,5.422,89.8224,potato
15.5314,51.6733,56.5023,25.45,49.9059,6.3235,41.3762,grapes
61.6571,22.0365,38.1946,23.2832,58.593,6.4417,120.6059,maize
140.0,59.1166,100.3545,23.2535,71.9599,5.7234,120.6612,tomato
25.5973,140.9699,140.4913,16.1171,72.6126,5.392,109.0353,apple
66.2311,59.638,45.3589,19.9468,75.9503,7.3004,140.4667,maize
110.0665,54.5183,34.6455,24.2443,67.8831,6.633,100.5802,bell_pepper
38.4208,64.8332,62.2712,23.2725,70.2891,6.1295,29.9944,grapes
91.8929,47.8257,97.6305,24.0935,56.2508,7.1501,119.7881,tomato
82.18,77.3662,89.5627,27.9449,72.1886,6.8963,110.1721,tomato
106.344,34.6081,109.5503,19.2975,46.5092,6.3759,70.0874,cherry
92.2093,50.7615,106.6283,16.6585,66.4414,5.4225,97.7781,strawberry
88.0198,40.8765,108.7688,16.9748,76.1315,5.957,51.3512,strawberry
32.3803,51.697,94.6289,16.158,74.0183,6.6088,110.6759,cherry
88.513,67.8668,96.8335,21.2602,72.2222,5.629,85.1254,potato
42.1308,43.2984,71.0495,19.694,76.913,5.8678,102.5389,grapes
52.4645,40.544,103.5253,17.3483,53.6269,6.3389,65.375,peach
41.1121,45.8127,92.3948,23.813,45.1495,6.6523,72.3431,peach
80.4088,14.4253,74.4568,20.4538,57.0286,6.2993,120.5192,peach
102.7835,38.2989,52.4547,22.7419,55.8996,6.2213,14.0364,maize
126.9711,52.6284,83.6668,17.2107,81.0429,5.63,153.2771,potato
120.2931,44.0844,113.4488,28.0927,57.2645,6.0354,122.2369,tomato
89.5529,38.3476,88.2744,18.3083,58.4034,6.1053,64.4331,potato
51.6532,112.7965,145.3233,17.6338,75.7255,6.0644,111.7568,apple
84.1147,44.7103,45.1097,20.2559,71.1779,5.9281,161.9464,maize
63.1019,66.64,69.3978,18.2387,63.1982,6.8684,95.0625,cherry
123.5987,64.6738,92.6049,18.562,59.7994,6.9848,104.1539,peach
87.5539,55.4469,107.0496,23.8562,74.1788,5.4971,91.3914,strawberry
17.8992,140.1024,162.7297,20.9497,52.3546,6.5142,106.339,apple
22.3646,143.0884,142.9116,21.0425,73.2404,5.8802,130.3977,apple
72.7783,33.6024,101.709,16.6794,66.6052,6.5133,70.0221,peach
76.2811,60.0677,54.798,11.7558,58.244,6.7221,56.3554,cherry
66.6685,56.2873,63.2184,25.291,59.22,6.0376,44.5482,grapes
78.4231,52.6188,46.8192,23.2702,58.7869,5.8499,58.66,peach
19.2554,57.3233,47.447,24.6201,57.2288,6.8577,87.6711,grapes
86.0797,44.1266,67.7123,21.5091,67.5876,6.0961,165.2903,maize
80.1961,17.0707,52.9676,16.1864,89.6761,6.0818,76.9925,strawberry
124.5291,72.7592,76.325,19.9669,76.5719,6.8095,135.0788,tomato
90.1506,63.3173,127.7135,27.9623,53.2014,7.4698,71.4212,tomato
72.773,36.6508,75.8113,16.9894,59.8051,6.0482,86.2213,cherry
49.204,42.6888,121.0626,18.6944,67.5134,5.9567,122.4782,potato
59.5116,48.4247,109.0897,18.8366,71.0946,6.3763,63.5295,peach
66.2472,51.5331,79.9381,23.6074,62.0379,6.5984,95.4485,cherry
76.8866,27.8232,94.4528,17.5409,80.8827,5.7532,67.5157,strawberry
76.7409,53.1062,54.7001,24.5752,69.7046,6.3184,79.1165,cherry
99.2996,59.9002,63.6318,12.4536,70.6999,5.7514,98.4363,potato
69.8114,42.2589,96.3605,15.7823,63.8742,6.3555,86.9585,cherry
125.6624,62.1035,65.8922,28.6959,78.1219,5.9363,78.2427,bell_pepper
77.3335,54.0737,49.2765,11.2933,49.3122,6.4312,72.4549,cherry
23.8107,145.0,157.0368,15.6044,67.426,6.3577,76.8725,apple
79.6867,52.5047,132.6483,25.2723,67.7727,6.4743,98.1241,tomato
102.0411,70.2744,70.4755,13.4443,65.8659,6.0113,71.8206,potato
24.8721,75.6946,44.7387,20.9525,51.9823,6.2005,79.8405,grapes
88.5627,42.9589,94.1852,27.6622,66.746,6.212,68.3148,bell_pepper
46.5565,53.4733,45.8762,28.2406,51.5818,6.4482,68.3085,grapes
110.3994,46.488,89.2483,20.8416,50.6231,5.9487,99.3231,cherry
30.2195,53.8175,68.2201,26.9407,59.9356,6.5863,23.4189,grapes
117.1465,37.6568,137.1577,17.063,71.6644,5.5566,72.2763,potato
19.8874,45.7608,65.9908,19.6714,28.6321,6.6302,102.9875,grapes
90.3239,57.4594,50.359,19.4856,47.782,6.3326,81.912,cherry
76.7989,68.819,96.2894,23.6032,75.9357,6.6663,136.3572,tomato
83.2278,38.6087,107.0022,14.1845,78.9144,5.5572,128.4144,strawberry
18.3792,126.1967,148.1628,16.7826,49.3303,5.9597,169.5366,apple
75.7597,89.7631,95.7433,17.6222,66.439,6.5116,131.2793,strawberry
37.0227,57.051,88.2436,24.8822,35.2641,5.872,83.6265,grapes
58.406,55.6868,74.3346,17.0943,70.9836,6.1888,80.8627,strawberry
128.8292,62.6253,85.2502,24.5483,77.5499,6.3413,99.7071,bell_pepper
34.1126,32.7735,76.0056,24.0907,60.6743,6.9252,94.1658,peach
96.0212,51.2957,44.2413,23.9405,70.7011,6.405,73.7694,maize
96.2848,50.2372,144.2527,16.613,73.9418,5.4621,120.4157,potato
83.4774,20.988,64.4135,20.3681,71.2551,6.4057,93.4126,cherry
117.7317,45.2751,48.0323,19.5931,60.2626,6.1339,158.9776,maize
119.292,47.4479,76.8005,24.0558,76.8817,7.4485,88.6718,tomato
74.1468,43.3359,69.6786,23.5619,73.3256,6.4485,92.9124,cherry
47.0605,124.0668,145.7076,21.8384,69.3194,5.9085,95.5576,apple
97.191,42.5561,92.3285,25.2268,50.7719,5.881,120.6252,tomato
59.4148,44.2026,64.3211,23.3222,76.8949,6.9043,88.7498,peach
45.825,119.3534,154.8574,17.7875,81.4087,6.0875,108.4646,apple
100.1056,65.3164,76.8481,15.4029,76.0308,5.9129,92.398,potato
63.2412,48.2083,77.5494,25.1241,56.5416,5.358,84.9407,peach
62.0938,50.3994,99.579,20.4498,73.9365,5.558,95.4348,strawberry
79.0562,70.5599,107.4467,21.2993,78.2988,6.744,129.8609,bell_pepper
79.4681,39.5144,77.8926,20.226,51.7617,6.147,62.7424,cherry
116.6095,45.824,122.9384,14.7635,79.7578,5.8972,66.3805,potato
31.113,145.0,158.0858,15.1924,81.8171,6.3016,146.522,apple
94.3663,38.9567,86.7695,21.0381,70.4862,6.4098,105.0845,cherry
82.5542,49.533,33.7553,26.7339,61.6096,6.2836,125.8151,maize
114.8248,43.7464,90.001,23.4549,85.2941,6.2235,77.46,bell_pepper
10.2148,37.0238,53.4751,21.4745,62.339,6.0625,99.7743,grapes
116.351,52.7021,91.0035,24.0318,52.0711,6.0347,63.6272,bell_pepper
34.7038,124.4604,150.0144,17.3619,74.7157,5.5752,99.9145,apple
106.1144,52.2313,83.0682,20.957,71.4139,5.2313,97.981,potato
134.1037,45.97,63.832,23.8714,83.5512,6.1898,69.6001,bell_pepper
88.5594,42.0363,86.45,21.1918,61.3771,6.369,109.0248,bell_pepper
70.0438,19.6318,84.065,20.9262,86.6991,5.6122,131.3883,strawberry
69.144,28.5893,58.629,28.1421,70.3418,6.017,167.9081,maize
116.6901,25.4448,75.7917,14.0394,64.4357,6.9116,56.283,cherry
75.5441,37.6427,99.884,19.1158,49.041,6.7354,85.0533,tomato
104.1339,62.5256,72.1765,22.0038,72.6549,6.4467,106.0314,bell_pepper
60.9973,64.8183,46.0764,22.8549,57.3614,6.2246,64.5421,maize
97.1542,54.9449,117.5088,23.1858,76.3502,6.4763,78.1757,tomato
69.7291,49.8309,79.7209,26.2427,67.5081,6.3632,134.2418,tomato
58.3627,28.8063,71.0176,21.3776,60.4215,5.8864,114.357,peach
99.5297,30.5223,57.474,26.815,64.3967,6.6422,79.9065,maize
44.1627,128.9852,137.3728,14.2182,50.4667,5.726,126.617,apple
59.8786,37.601,71.4967,16.608,75.4369,5.7783,124.4834,strawberry
68.3939,60.2523,96.0199,23.84,51.7812,5.9461,82.8498,peach
34.7912,118.0341,172.428,13.3291,56.7997,5.3697,113.0802,apple
62.6049,33.8216,79.9022,14.7372,54.0041,6.3048,56.8641,cherry
29.0567,35.919,68.9149,19.9934,51.228,6.7251,55.2812,grapes
90.5569,56.723,116.6698,27.1737,72.102,6.6348,93.3487,bell_pepper
31.1373,53.6262,54.4991,23.3228,42.1952,5.7384,76.4255,grapes
113.0335,28.6506,102.178,24.429,73.2425,5.7607,198.431,tomato
92.3996,49.8281,94.1992,15.5368,56.9812,6.2985,120.4035,cherry
56.4,35.9006,88.9479,16.3039,90.6368,6.0335,90.564,potato
89.39,40.4175,70.4785,16.3569,77.8493,5.4175,71.9653,strawberry
13.6076,32.8429,54.8292,21.7965,55.4722,6.1491,42.7286,grapes
120.8915,80.7572,92.4199,15.9541,68.7273,6.1281,119.9279,potato
80.8984,54.3711,36.2306,23.5526,66.1376,6.4964,120.5577,maize
33.1165,32.1558,62.4048,21.4567,76.7809,5.333,128.0192,strawberry
88.247,42.3441,72.7998,16.186,77.7472,6.4244,60.5504,cherry
43.2993,131.527,148.7631,21.403,74.5354,4.7329,85.7984,apple
100.5144,40.9839,72.9597,24.848,69.3648,5.7847,155.1888,tomato
100.4132,46.4289,81.049,16.4132,73.0163,6.0546,76.0942,strawberry
82.209,46.344,120.5749,17.9219,81.5669,6.0001,180.2308,strawberry
75.4712,55.0196,62.2997,20.0551,82.018,5.2706,111.63,strawberry
115.4091,64.7813,118.8701,27.1266,64.9408,6.5646,97.1934,tomato
27.814,129.1333,157.6633,22.6831,75.0802,5.1998,122.1665,apple
89.2172,58.3655,86.7101,27.3944,74.682,6.0272,93.8716,bell_pepper
6.5413,53.1717,38.375,23.6389,48.5547,5.3712,123.0752,grapes
93.8286,69.7547,60.4101,18.3868,62.2316,6.9006,80.2355,cherry
65.9224,26.2259,30.9031,18.5849,59.693,6.1398,112.4142,cherry
31.3619,39.6521,66.2002,19.4557,47.3131,5.6424,84.8684,grapes
94.0876,46.3067,88.8413,19.2559,79.4829,5.9996,159.515,potato
81.8599,43.3489,111.9586,23.2252,74.2621,5.4082,104.361,tomato
80.5301,40.1244,70.5812,20.7861,55.0057,6.604,96.7648,peach
89.185,36.5652,71.1623,27.2359,49.1748,6.3037,71.0389,peach
105.6167,26.5977,32.4001,14.6119,74.7565,6.8729,118.1115,cherry
63.7882,59.7621,59.2248,17.5653,69.7057,5.7794,117.3371,strawberry
88.8819,17.6342,83.7474,14.0177,70.4992,5.957,98.2416,strawberry
52.1049,51.8639,28.6103,27.5729,64.9992,6.2941,74.8453,maize
28.1747,49.2776,49.5189,21.544,64.3384,6.35,92.0395,grapes
93.9481,52.4431,73.0728,23.4929,72.8356,6.7183,90.3472,peach
97.9102,29.9304,74.7876,23.9423,73.4276,6.4012,68.4966,peach
124.3099,24.1593,88.6791,25.6398,88.6144,7.2686,125.1634,tomato
54.3256,37.1351,106.7806,20.0422,76.9329,5.3469,50.4249,strawberry
89.9103,49.2973,53.5636,20.2377,58.9923,6.4329,35.4634,strawberry
76.664,54.4529,71.5123,22.942,85.8131,6.1439,74.5806,bell_pepper
103.4609,49.3264,72.7961,26.8791,71.4243,6.4308,57.387,tomato
104.1036,50.7204,42.0543,25.4265,59.2852,6.3293,91.6446,bell_pepper
82.5491,43.5297,74.7301,20.6252,53.8364,6.1009,63.8026,peach
70.4667,65.3768,98.3674,16.9228,67.0928,6.151,43.8374,strawberry
105.0078,42.5526,76.6972,15.2056,69.7348,6.3229,146.0411,potato
77.7827,26.9864,42.3878,16.789,61.0378,6.4316,105.5524,cherry
81.6253,56.2338,39.0645,22.3348,62.3435,5.8934,117.715,maize
98.834,46.818,71.1848,22.8208,65.5907,6.7485,113.1362,tomato
140.0,49.4797,56.2702,21.5398,73.2846,6.5145,146.3972,potato
70.1995,49.4753,79.1849,25.2478,45.9489,6.1589,69.9034,peach
63.3513,44.962,84.356,18.2819,81.8051,5.3745,37.4109,strawberry
76.231,33.8585,58.7992,31.5518,68.726,5.8558,81.0143,maize
62.7354,55.0795,88.3894,20.9937,54.7949,5.8869,73.5389,peach
70.9227,49.9478,104.8494,24.5064,55.0099,6.5548,90.8873,tomato
35.2347,49.8174,54.4664,23.1773,50.0274,7.3005,71.2892,grapes
138.562,57.948,89.4607,21.0308,78.1129,6.447,74.0866,tomato
86.8912,62.744,48.8889,21.3182,59.0593,6.592,82.5505,maize
75.778,50.6267,87.196,14.9684,72.7841,6.1472,103.1976,strawberry
62.2476,32.286,76.2239,14.165,53.079,5.7478,78.705,cherry
86.5142,63.9814,37.011,31.017,74.965,6.6785,88.3687,cherry
8.4832,121.76,159.4882,14.9101,75.8606,6.0409,124.9306,apple
19.8156,128.088,145.2494,14.9644,86.2762,6.1485,177.3018,apple
90.5737,29.918,70.2469,20.821,84.3549,6.1357,101.6014,cherry
111.2999,49.1717,81.3289,18.2361,62.5439,6.1673,108.2679,potato
86.8792,45.0739,73.4524,25.9481,58.4063,7.3588,38.7431,peach
60.4234,56.1708,64.7724,14.6909,85.8748,6.096,86.9418,cherry
41.0756,39.0321,77.4812,21.1207,59.332,5.9824,64.3278,grapes
83.7393,61.9732,83.8392,20.4728,92.3935,5.5048,115.087,strawberry
96.7644,42.2873,112.3865,24.7492,58.0366,5.4657,78.2954,potato
111.9747,76.9381,27.5503,21.1363,59.7727,6.7971,61.4067,cherry
120.5221,68.0987,72.0656,19.9813,81.9924,5.6285,57.6168,peach
6.1425,47.3463,59.7174,19.706,60.9419,6.7906,121.8694,grapes
86.4444,40.5528,72.2268,19.6629,44.5347,6.5943,94.6003,peach
21.5777,125.3293,158.5312,17.7421,53.5619,6.3342,128.8305,apple
93.8614,27.7495,75.0643,24.7448,63.8853,6.0064,44.2503,cherry
75.0333,58.506,100.7989,22.8252,50.0202,6.3328,143.4816,tomato
13.3728,42.1687,43.0679,20.2168,63.1478,6.5041,40.7718,grapes
86.8996,29.0066,51.7611,25.9354,68.4363,5.7085,55.3248,peach
121.0225,37.563,68.7386,15.6002,65.4592,7.2277,46.0001,peach
17.9244,119.5855,153.6047,19.1256,64.3262,6.8389,114.7389,apple
66.491,23.987,89.5378,24.41,57.0179,6.7737,80.2038,peach
78.6373,72.2177,131.1761,22.5457,60.9218,5.5899,101.7601,potato
78.7809,36.4172,113.9556,24.0467,69.0469,6.2267,60.8138,peach
57.1425,63.1328,104.5289,21.855,68.7568,5.9576,35.976,strawberry
129.1195,54.2655,61.6875,22.4135,75.2162,5.8729,75.9148,bell_pepper
56.4312,75.8319,87.1692,23.1355,52.2494,5.784,96.8786,tomato
86.1327,67.3673,82.8908,22.6169,80.508,6.3639,106.7426,bell_pepper
72.2465,33.0406,103.7315,19.8642,56.7359,6.4811,40.7519,cherry
41.9898,53.5351,54.3794,26.8198,53.9237,5.7521,17.6554,grapes
64.1293,43.0333,68.016,14.8621,64.7148,5.4843,80.6661,strawberry
134.0,46.756,73.2533,24.8737,81.4822,6.3676,126.2618,bell_pepper
56.9626,117.0724,150.573,23.9611,60.5148,6.1283,89.7239,apple
62.4764,47.1133,70.7744,16.6063,84.132,6.6672,40.4222,peach
14.3629,67.7767,53.9192,28.6167,42.2497,6.5854,40.4927,grapes
57.5167,43.1975,105.9917,15.2174,69.4869,6.1323,75.8917,strawberry
140.0,54.8062,77.5539,21.3416,75.5502,6.1042,102.5742,bell_pepper
87.9546,59.3535,26.2443,24.0872,54.6996,6.5601,132.4318,maize
114.4642,71.7973,107.8216,17.1526,76.2298,5.6261,54.6938,potato
10.5764,126.062,148.4418,14.3739,81.2475,5.9496,97.7137,apple
70.4548,57.3791,86.8291,17.8925,85.3607,5.9493,123.8864,strawberry
70.2275,24.8664,44.4716,21.0394,62.2432,5.9317,45.1952,cherry
30.8438,132.3909,139.7397,16.6163,52.615,4.9979,129.6256,apple
46.5138,119.7585,142.7308,17.7016,73.7087,6.1051,135.0084,apple
106.8257,47.1219,110.0437,22.7016,51.0752,6.1647,101.126,peach
136.4889,64.6062,92.632,28.6413,80.2465,5.9514,95.1537,bell_pepper
64.705,53.7801,92.9496,27.2244,45.9201,7.0052,66.0804,peach
61.7572,77.4724,58.7641,16.9266,45.307,6.3003,94.321,peach
10.5092,106.243,166.2197,14.8279,83.728,5.7032,104.1992,apple
66.6536,43.677,74.7999,23.9924,71.0537,6.5698,69.7836,tomato
80.3254,56.0026,108.4279,24.5563,60.3467,6.0438,122.2569,tomato
92.0091,49.4692,43.5989,27.8862,59.2874,6.3036,50.7535,maize
94.207,67.1489,113.6448,24.609,68.8023,6.065,81.2307,tomato
36.1132,50.6919,53.3836,24.0033,52.7961,6.96,80.7041,grapes
59.2166,46.6071,99.8351,24.7786,65.4766,6.1687,103.0515,peach
81.6814,48.713,52.5002,26.2795,76.8152,5.694,113.7925,maize
41.9191,42.6182,96.1369,21.7093,83.0815,5.9743,114.589,strawberry
82.8803,45.4928,74.141,24.3684,78.7432,6.1625,83.5433,peach
40.7597,54.2365,61.178,21.787,81.4492,6.0447,84.3874,cherry
39.7599,44.7756,53.0877,22.0506,69.0694,5.8422,85.9917,grapes
101.5767,45.5465,58.2116,16.4849,65.8248,6.3432,75.5976,peach
37.6471,132.8296,140.4516,15.3214,76.4716,6.0736,134.7835,apple
37.356,78.8832,41.2711,18.6751,74.1942,6.26,49.8775,grapes
5.603,66.8648,56.5781,19.676,59.7897,6.3293,62.418,grapes
97.917,29.0895,122.8688,20.6643,61.3436,6.6143,95.7544,tomato
118.7034,57.8185,68.0907,16.753,69.2171,6.2153,71.8983,potato
16.9246,48.9681,55.9809,21.8317,44.6629,6.0122,17.5988,grapes
93.1165,35.8632,119.5357,16.8639,73.6467,6.7588,79.4895,tomato
102.849,49.6832,56.1718,24.6007,62.2449,5.6731,48.5695,maize
40.8416,118.9784,128.7443,17.4948,72.0989,6.0769,89.7514,apple
71.22,15.9131,77.6364,26.6764,54.826,7.1703,74.9147,peach
35.723,51.0367,83.4482,11.9148,51.2896,6.9813,84.2106,cherry
62.8465,45.3709,78.209,14.3545,75.5245,5.5651,66.6549,strawberry
76.7284,57.1606,66.1363,20.9261,60.3555,6.1526,55.7758,cherry
122.4852,40.0862,63.3652,19.4775,57.2789,5.5792,116.7245,maize
113.7095,39.1656,126.7289,26.262,74.9599,6.1623,105.1662,tomato
63.7027,49.2818,87.1847,21.9123,72.2617,6.5164,89.5175,peach
17.1426,122.4983,141.3183,17.1151,78.8803,6.324,135.5892,apple
64.0999,39.7838,95.5073,28.6246,63.7397,6.1861,95.2495,peach
98.5108,58.0078,56.2012,24.1965,93.3791,6.9532,81.1339,bell_pepper
122.5495,38.5865,77.2325,22.0525,52.5853,6.2741,113.5422,tomato
69.2869,27.7413,102.1268,15.7602,61.9765,5.4123,105.49,strawberry
70.9893,23.4784,88.0582,16.9202,68.6018,6.733,64.3905,cherry
40.1591,43.5348,93.3008,21.9786,63.5376,6.1736,73.7159,peach
106.5779,54.9846,73.4974,17.0078,79.6563,5.7618,74.3573,peach
90.4487,61.9525,65.0452,12.8116,57.6617,6.3885,88.0512,potato
5.2189,47.5172,46.9907,21.3549,45.705,6.3498,41.278,grapes
116.2893,70.3624,57.6421,22.6598,82.0957,6.116,115.2436,bell_pepper
6.3308,69.7544,28.8256,20.1808,49.8395,5.8795,111.9135,grapes
40.7826,104.4908,151.8526,19.8429,68.5528,5.3806,91.694,apple
58.4263,39.5736,34.5228,16.9969,58.3966,6.4869,105.3028,cherry
15.2958,111.1216,157.8436,20.5304,73.5633,5.5054,110.4642,apple
74.4898,57.9002,90.6298,13.0637,78.6853,5.8641,89.7708,strawberry
78.105,38.7476,124.8545,16.6865,67.6757,6.3973,109.2896,potato
14.3258,41.2079,66.8266,24.8593,54.1913,6.5856,77.5099,grapes
62.1084,48.7733,76.7953,22.144,56.6535,5.2112,114.3034,peach
94.2978,52.6327,117.9739,24.4296,55.1778,5.9426,89.5968,tomato
11.3298,112.3545,141.6453,18.5868,60.0927,6.4664,99.4746,apple
84.3767,55.6235,83.7369,20.8865,88.3434,6.4723,98.2167,tomato
73.2094,39.33,90.8135,21.3086,70.3044,5.7759,76.077,potato
16.4225,131.3062,153.4291,20.8627,68.8177,6.1703,110.2415,apple
12.6391,65.5605,54.6773,28.5978,42.4104,6.5528,39.3724,grapes
134.9638,64.0852,90.5087,20.4419,66.118,5.4427,82.0962,bell_pepper
74.3723,67.2924,92.2945,21.9261,76.8187,5.3049,78.8475,strawberry
81.5662,45.1979,73.2937,33.3035,63.0549,6.867,133.1397,bell_pepper
16.9644,48.8446,57.1468,22.0141,45.5151,6.0317,16.8748,grapes
75.6398,48.5743,60.9441,18.5059,76.7814,5.8054,90.2733,cherry
8.3174,114.3257,153.2568,20.1293,71.6636,6.4083,77.2741,apple
112.5061,44.8856,101.9027,21.4337,69.5302,5.057,161.212,potato
95.169,56.7215,131.7253,22.207,63.578,6.802,63.8987,tomato
29.805,35.8698,67.9722,25.72,46.7111,5.7346,44.1891,grapes
34.9208,135.616,145.03,17.4607,49.7133,5.9039,72.7811,apple
85.5379,60.0238,41.8957,26.5335,60.6746,5.698,114.2944,maize
82.2213,40.8866,102.3534,14.6018,61.7754,6.2482,105.2705,cherry
44.963,63.6166,45.9903,23.9421,50.7751,5.5193,48.6483,grapes
43.6129,123.5828,159.8587,17.6003,63.7787,5.3386,124.4649,apple
137.1067,48.1912,45.5746,18.8953,70.1907,6.743,19.7816,peach
27.311,115.1688,160.2708,21.6907,72.2415,6.2206,133.3653,apple
82.5995,16.0411,51.4472,21.9037,51.9925,6.6707,67.8604,peach
140.0,75.0791,91.2613,20.8481,58.7789,6.7417,137.2567,bell_pepper
118.3531,92.3544,110.6415,33.7996,67.1467,6.5306,66.7774,tomato
82.3831,21.1924,89.9566,27.3274,72.6011,7.0123,55.2562,tomato
112.1041,67.2417,93.5137,28.785,93.8505,6.9933,95.1283,bell_pepper
82.9727,33.7497,53.3456,22.2834,59.5058,6.901,145.0995,maize
3.3992,51.1763,42.01,24.0467,52.741,6.2849,99.2834,grapes
85.202,46.4339,47.3101,29.0968,68.859,6.5665,106.4876,maize
115.2952,69.2811,126.7647,28.3035,52.4915,6.603,127.7007,tomato
12.7813,75.8667,67.5081,26.0507,64.7162,6.4132,60.3702,grapes
80.8591,70.7195,69.2228,18.3485,63.0776,6.0918,89.5574,cherry
67.5497,43.2571,71.8421,15.3419,74.2347,5.7954,91.7108,strawberry
105.5565,55.129,84.3912,17.4256,84.7641,5.0242,82.7605,potato
130.0895,64.342,92.2173,20.9487,66.5622,5.2896,120.6902,potato
9.5172,121.2113,159.9224,14.9654,75.7288,6.0631,127.7138,apple
39.6003,119.3277,128.0953,17.4997,72.3215,6.1191,91.9664,apple
15.2919,138.8379,163.3509,20.7911,52.5632,6.5146,106.5787,apple
114.1462,71.0749,77.078,24.4804,79.1974,5.5301,80.1313,bell_pepper
54.5619,137.9268,151.6821,17.5444,77.0117,6.177,106.8136,apple
97.5946,48.9496,44.1119,23.9628,70.4549,6.4428,76.8677,maize
97.1709,42.886,125.1016,22.4777,68.4714,6.1878,87.5954,potato
88.416,57.21,37.7159,25.4642,72.9308,5.9206,64.0449,peach
99.7787,66.525,77.6696,16.8832,73.2595,5.8745,73.9834,potato
82.245,32.0919,55.9865,20.0715,60.2608,5.9412,34.564,cherry
87.9508,54.1447,76.3902,23.8659,74.3318,6.6043,84.7212,bell_pepper
20.3008,46.7984,66.7159,19.568,28.3596,6.6086,105.4272,grapes
61.1025,57.1847,64.4854,14.2164,64.5547,6.3476,58.3823,cherry
79.9522,51.5267,73.59,19.8002,65.6427,6.4828,75.761,peach
54.6342,47.0728,78.9158,21.6228,66.1037,6.1623,76.8768,peach
74.9155,50.6512,41.8416,22.8536,61.4591,6.1386,46.477,maize
74.8983,63.0056,100.8383,14.1683,75.2406,7.1667,76.6956,cherry
110.4352,56.6834,43.1013,20.5114,59.9596,6.2996,112.4149,maize
71.0841,57.8515,30.5152,17.9754,68.6383,5.7117,71.3923,strawberry
93.3238,59.0031,55.1483,17.1634,59.4707,5.6873,49.5243,cherry
81.354,45.1682,81.2326,15.2777,96.1987,5.9278,85.2158,strawberry
75.8758,41.6591,43.8361,22.9624,54.9537,6.1991,116.2127,maize
88.0905,51.8661,66.4281,26.9266,44.1339,6.3128,79.3964,peach
100.3965,40.398,81.6898,30.0846,57.0185,6.2622,104.6448,tomato
140.0,53.0578,46.2768,26.1752,56.0515,6.2195,85.4287,maize
71.9421,70.1399,88.1423,27.0259,56.1288,6.2754,79.7291,bell_pepper
121.8593,49.4446,110.6053,27.0573,83.6878,5.5891,145.6952,bell_pepper
96.898,66.6959,55.2537,20.8041,61.0706,6.3574,78.4097,strawberry
22.6504,66.1866,69.4007,25.8086,63.3417,5.7902,59.5436,grapes
8.4835,36.3511,64.3407,25.1837,68.0913,6.1207,34.382,grapes
140.0,78.6409,72.7199,24.0575,83.2879,5.9859,64.8721,tomato
38.8178,47.7757,60.3597,25.8693,53.763,5.8616,51.0127,grapes
85.2371,50.5554,53.3812,21.5432,55.099,6.3281,77.1329,peach
7.5493,140.6354,137.911,20.2786,56.5739,7.0656,67.0629,apple
12.2957,45.163,41.1147,27.3161,68.8686,6.2574,78.7048,grapes
91.5837,17.7512,51.9136,14.9119,73.1843,6.1575,66.3772,cherry
4.3722,41.4135,49.9854,22.6006,52.1316,6.2771,27.4561,grapes
62.3179,63.1868,75.9774,22.0476,57.971,5.7313,97.9365,bell_pepper
19.2708,64.7896,63.1713,22.5323,51.0466,6.6851,28.77,grapes
78.2273,50.5701,65.345,14.3439,90.688,6.6623,123.9069,cherry
107.2305,40.6597,102.8454,20.6146,81.8636,6.1627,109.1458,strawberry
66.8507,29.1676,57.3563,16.5494,64.9594,6.5505,82.979,cherry
59.1186,41.7594,83.1734,18.4369,69.3257,5.8883,62.8518,strawberry
59.8362,72.4828,121.1386,22.7132,59.7651,6.2819,110.5195,tomato
140.0,77.1076,118.1828,23.4294,50.1453,6.2306,52.6854,bell_pepper
10.6021,120.7836,157.8215,18.2942,55.5752,6.2827,132.1551,apple
88.4727,72.403,72.1385,20.9767,70.0441,5.8616,87.1403,potato
74.5276,65.5917,101.3207,24.2307,66.1604,6.0189,129.5938,potato
134.774,54.396,108.2773,22.9657,58.1097,7.0969,124.5516,tomato
87.0964,40.8824,82.5903,10.6679,70.1709,5.7987,44.2302,strawberry
50.3081,51.0527,109.9999,17.2782,83.5728,6.323,103.7215,strawberry
60.787,49.4399,100.4732,12.3346,52.9169,5.9666,73.4864,cherry
120.8628,60.381,114.7136,19.7656,68.8191,5.1858,119.9109,potato
53.1014,50.0158,45.9009,25.4644,69.969,5.6675,56.6253,maize
53.6411,28.9106,56.1939,14.4988,61.0614,6.0322,19.9313,cherry
102.2291,53.637,39.0298,18.961,68.2097,6.4315,76.8632,peach
91.7129,47.1403,43.4577,25.3529,62.5885,6.316,166.6611,maize
97.1923,30.1052,83.5545,19.6913,86.9201,5.2438,84.0088,potato
13.5742,46.4824,40.6772,27.1821,67.4862,6.2722,82.323,grapes
4.131,135.5108,149.4145,14.5651,62.253,5.5915,146.6954,apple
45.2721,64.1713,47.1617,23.9993,49.1751,5.5091,47.0909,grapes
68.7061,40.9651,80.9011,20.6784,84.9513,5.7821,96.8047,strawberry
96.8198,41.4308,64.9569,25.1372,68.7568,6.0506,94.7166,bell_pepper
100.5466,42.9814,73.322,18.0119,64.2226,4.7458,93.0454,strawberry
6.9345,104.9825,171.0459,15.4745,79.809,6.2003,86.9235,apple
10.5386,115.3,150.5513,20.1011,74.7832,5.7034,141.9324,apple
79.0894,50.8917,57.584,23.3926,69.8793,6.9808,91.4844,peach
88.4223,67.1775,125.8951,18.391,77.0589,5.3761,61.4291,potato
122.8365,47.7599,109.1161,19.6942,81.6435,5.6889,22.4016,potato
59.7408,131.1585,134.8664,14.0902,85.9823,5.7396,61.3693,apple
58.5872,63.8,92.4304,26.3143,77.3374,5.8885,110.1852,strawberry
133.6987,52.057,120.478,20.4255,56.6378,5.2531,131.5607,potato
97.1913,34.0046,59.0822,16.5476,80.3991,5.7357,57.1333,strawberry
31.4456,61.0801,46.8023,23.4959,68.3781,6.3579,60.3689,grapes
85.5865,33.3578,30.0724,26.5194,64.4693,6.7581,85.1544,maize
99.5883,45.9104,32.8223,22.4765,54.6928,7.2343,102.2817,maize
90.2358,45.637,102.8691,23.5034,74.488,7.3597,90.6392,cherry
82.6495,47.4189,108.8857,19.4134,73.1423,5.9079,114.5847,tomato
78.9526,61.7706,92.7396,16.0372,71.7885,5.3107,106.8311,strawberry
88.2332,38.1053,65.5943,20.7079,55.6605,6.0773,78.3399,peach
13.3976,33.0268,55.9034,21.4127,55.4972,6.1224,45.0258,grapes
126.0583,61.3268,102.4403,20.863,71.7276,5.7478,53.312,tomato
61.5177,38.6962,68.9761,17.4426,64.0515,6.2125,47.3511,cherry
53.4869,37.6429,61.8541,21.4057,54.5802,5.9134,56.1574,grapes
80.6311,40.9952,53.9994,17.4749,86.9773,6.2442,92.9922,strawberry
89.197,50.8613,74.4924,14.4674,71.6761,6.0357,88.8603,cherry
78.0406,54.7241,115.3271,17.2375,68.3506,4.9354,99.9819,potato
64.7988,42.9436,54.0053,15.8045,67.4107,6.469,108.6689,cherry
111.217,42.0207,100.9055,31.5449,76.9333,6.2053,81.5406,bell_pepper
84.1598,87.6407,99.3789,26.0554,56.4661,6.7632,94.8739,tomato
112.917,61.9664,126.2552,17.3888,62.4405,5.389,99.168,potato
102.6306,37.4727,80.9918,15.3957,69.3726,5.2185,115.9372,potato
26.8506,46.4438,50.1736,20.6657,62.1561,5.8776,98.1598,grapes
140.0,34.2837,57.5287,27.591,91.4976,6.4633,81.8022,bell_pepper
55.9559,39.4307,72.3248,12.1001,69.4061,6.8189,89.5118,cherry
4.7814,49.489,64.9385,18.8233,45.219,5.8163,132.5997,grapes
29.106,43.813,55.0204,23.1371,55.0078,5.941,69.8483,grapes
97.2472,84.0213,107.8743,19.9863,78.5187,5.4377,77.5308,potato
33.8939,51.2258,40.3944,21.0029,56.1085,6.2947,66.5139,cherry
101.9817,62.4704,39.9608,25.8996,74.0384,5.6159,87.4442,bell_pepper
108.9234,54.7794,68.3793,17.901,68.892,5.6998,96.5341,potato
78.5841,61.0301,81.7741,19.3,82.7633,5.7919,80.6223,potato
13.4555,58.201,40.0293,23.0915,44.9677,5.6983,113.9135,grapes
72.9879,48.8007,117.4196,16.4724,60.9362,5.9622,125.905,potato
51.0064,44.8763,44.0225,22.2486,50.6259,5.9529,98.8173,grapes
75.1495,46.1822,67.6188,23.388,67.487,6.0966,121.9962,potato
72.6772,27.018,83.3811,19.7275,61.926,5.5593,87.4555,peach
89.5325,45.6597,74.0222,16.9682,51.5815,7.372,68.6345,peach
71.7632,50.3553,74.1341,19.1729,71.2195,6.3078,81.2741,cherry
120.6172,65.7258,103.9386,26.2933,80.8972,6.3085,77.3228,bell_pepper
73.8974,38.3624,85.0587,18.0134,87.9631,5.2359,57.0881,strawberry
66.2974,49.2166,84.6639,18.5067,90.6627,5.4573,63.4186,strawberry
10.0308,112.2753,154.8556,14.9026,58.8199,5.5761,122.3141,apple
68.6232,58.5226,79.504,25.5161,71.6706,6.41,66.0554,cherry
115.4888,30.254,92.6592,22.1795,70.9742,5.8974,147.2874,tomato
89.9278,49.2464,22.4316,23.7355,58.7178,5.9052,154.991,maize
89.2132,50.7594,74.9367,18.9017,69.8509,6.1015,93.1302,cherry
68.4896,40.9176,80.8064,19.4707,68.982,6.0531,73.0765,strawberry
23.8144,122.0259,136.9617,12.718,67.4439,5.9369,88.7355,apple
75.5175,25.3202,101.6576,26.3326,59.035,5.9809,109.3083,bell_pepper
74.3351,46.4969,116.9111,16.0651,63.6959,5.3348,93.697,potato
107.8086,48.8365,91.3951,18.0159,58.8261,5.3103,106.9645,cherry
43.2978,59.558,46.3346,27.2337,51.7331,6.4211,75.0399,grapes
102.429,96.7983,68.331,26.3498,83.0196,6.0419,54.0487,bell_pepper
75.0726,31.6939,70.811,27.5428,46.7708,6.154,71.1002,peach
127.671,50.1882,93.6481,15.0994,44.898,6.5335,130.6932,tomato
121.3668,53.9402,103.7968,19.8861,65.2671,6.2476,129.9793,tomato
119.8281,52.6485,47.1207,26.5911,71.9632,6.243,117.3439,maize
99.4884,53.296,48.5653,20.2598,66.3345,6.0127,104.3015,peach
127.3893,69.6669,64.2961,22.4229,59.6971,5.8219,101.4527,bell_pepper
80.1957,53.7833,40.993,32.5979,66.3452,6.4148,103.9456,bell_pepper
18.3382,123.4443,155.2186,21.6342,62.0634,6.0684,82.7643,apple
87.6019,33.7514,75.1915,18.5895,80.0427,5.7085,89.8753,strawberry
57.4456,145.0,161.1425,21.2794,54.4021,5.4417,114.024,apple
56.8917,53.3498,45.831,22.4554,43.5456,6.1466,124.8315,grapes
26.8212,115.3268,151.1648,14.4631,70.1123,6.1784,94.4337,apple
100.8439,52.095,81.6695,28.8809,67.5026,5.97,126.5202,bell_pepper
29.161,46.7206,66.742,27.1273,74.4305,6.2829,82.3377,grapes
85.2563,24.0209,48.155,21.1605,58.8422,6.5903,112.4525,maize
29.8593,136.2619,158.2524,24.2492,64.3576,6.216,90.6896,apple
59.4896,67.622,45.51,22.8656,56.5242,6.1752,61.7755,maize
61.6703,42.645,62.8117,23.8248,60.3578,6.9784,13.5256,grapes
72.1719,39.731,77.3721,22.7812,56.5958,6.4981,98.8817,bell_pepper
4.7482,130.6163,139.9704,16.0672,69.8829,6.7318,92.6218,apple
81.063,61.1454,84.8758,23.5525,66.3423,6.6914,84.6095,cherry
72.0436,31.1824,65.0369,15.6153,68.9735,6.3324,79.1891,cherry
117.8396,73.1897,82.9444,23.5978,61.1881,6.4989,90.9489,bell_pepper
76.2012,69.169,127.8043,23.954,63.5328,6.2613,79.694,tomato
82.9464,62.7859,163.8593,20.5388,90.0151,5.9097,84.2461,potato
74.6793,43.8559,75.3947,18.2299,59.9248,6.5402,75.6614,cherry
105.4729,43.6254,90.5122,23.4398,73.5204,6.3646,110.1475,peach
87.2299,61.0078,93.2849,20.3839,74.6982,6.2706,66.6443,bell_pepper
67.7069,37.135,51.3545,22.7296,57.201,7.0446,67.9028,peach
87.0122,64.0075,102.2169,18.6162,73.3904,5.1716,92.3567,strawberry
51.4882,12.1726,105.2666,21.3055,71.7402,6.3923,67.926,strawberry
132.4617,33.1946,62.0147,19.7607,82.5064,6.5245,131.3026,potato
78.3947,24.602,93.1762,16.1108,77.1212,5.5435,121.6596,strawberry
108.5361,58.2797,74.3557,19.5129,73.3071,6.823,72.1706,peach
116.5003,34.922,66.2469,18.9085,75.439,6.4099,112.3415,bell_pepper
100.9396,27.3653,100.5634,18.5016,70.6087,6.0114,92.1348,potato
38.7653,110.9095,145.1425,16.2527,83.6926,5.8927,140.7733,apple
119.5679,23.6549,63.6161,20.8152,73.3291,5.911,107.4769,bell_pepper
39.9371,26.5587,97.4759,17.5728,66.8368,5.5807,115.6428,strawberry
72.3581,44.4954,100.4984,20.0014,78.2523,6.0459,90.4426,strawberry
24.1796,32.4106,64.3013,21.9209,56.0588,6.1975,15.4749,grapes
53.9038,102.8073,144.9778,19.3458,69.6875,6.3234,66.8315,apple
117.197,16.5164,105.5914,16.5645,64.6857,5.5736,37.461,potato
66.1364,25.9902,37.2977,23.1193,63.479,6.9014,82.5243,cherry
64.15,142.9532,152.4008,17.9324,86.6682,6.6435,90.5415,apple
38.4789,138.3975,149.1252,14.4026,70.625,6.6553,83.5434,apple
140.0,42.7887,79.0043,24.1417,57.6265,5.6694,124.5771,bell_pepper
119.3657,49.2682,18.685,24.0117,89.3509,6.815,76.8019,maize
16.6301,48.7807,57.4718,21.9891,45.8539,5.9982,18.1234,grapes
5.8978,55.0003,46.6228,25.2257,57.5115,6.1581,16.446,grapes
87.1836,48.332,77.5643,24.803,67.7897,6.2964,121.6641,tomato
128.7348,58.957,118.1627,23.7771,66.9762,6.8975,106.8575,bell_pepper
26.5744,49.9167,66.4682,20.6983,69.1046,6.2158,75.0395,grapes
108.7021,53.4781,75.8429,26.156,87.0613,6.2303,123.3891,bell_pepper
103.6205,36.2529,50.3534,26.4579,67.4381,6.8665,109.4119,maize
67.8567,79.4655,44.9725,25.0542,69.0817,7.243,131.6352,maize
28.9517,40.7383,67.5923,24.5334,64.795,6.2914,107.5922,grapes
73.1482,79.1962,81.5103,17.2704,71.9482,6.8835,117.379,cherry
20.757,47.4869,54.5049,24.2223,47.97,5.6827,77.2623,grapes
67.7079,61.6509,92.7842,22.177,75.5332,6.8788,106.8697,tomato
92.9285,53.1877,46.0449,23.8537,71.9195,6.7874,136.332,maize
56.6161,78.1819,112.2835,22.3801,70.0097,6.4834,92.2008,potato
22.869,129.3291,144.3808,14.6784,86.6098,6.1689,180.1086,apple
68.877,26.4274,46.3272,30.4588,77.5332,6.3044,104.7526,maize
93.8488,78.681,109.8411,22.8204,55.7254,5.5638,88.5595,tomato
70.8625,46.6213,69.6273,25.9731,63.8536,6.4265,95.6471,peach
128.5572,47.8037,80.6948,16.6227,65.7988,6.0675,65.8079,potato
107.9729,31.7534,95.002,21.2241,92.8823,6.001,106.8962,potato
99.0314,54.9217,107.6262,20.8656,66.998,5.5178,89.5358,potato
90.4736,55.709,48.5131,15.8048,52.6397,6.6753,110.6875,cherry
70.8218,52.478,35.191,20.104,45.6909,6.7401,86.9123,cherry
96.5513,43.4198,96.5364,21.8521,71.4293,5.89,115.1645,potato
48.2736,8.6667,78.0573,22.8988,66.3267,5.8106,73.2494,strawberry
12.8194,111.1463,141.2313,20.2522,49.9665,5.9848,107.7624,apple
109.3504,42.9485,40.0648,25.1868,58.0113,6.8761,116.9728,maize
103.5973,55.2478,32.0991,24.7314,60.9822,6.4484,96.8242,maize
76.0242,58.2132,99.7493,23.0493,62.1191,6.2675,131.9109,potato
83.1026,41.9814,108.8267,23.8186,89.5917,5.8364,83.6353,bell_pepper
94.679,47.498,31.7994,23.5213,55.8541,6.5745,132.3296,maize
21.5197,42.128,65.7261,25.8933,51.5749,5.8585,12.9426,grapes
113.1165,56.164,118.1311,24.1298,86.61,5.5234,118.2214,tomato
66.4038,58.4967,47.0282,20.1798,75.8264,7.2358,141.773,maize
45.816,47.7769,89.2976,18.4341,68.2423,5.8729,106.5434,peach
87.8287,41.4043,105.0326,24.0733,61.8487,6.4826,36.7153,peach
102.2415,53.2361,66.2245,18.2662,77.5758,5.9016,72.5119,strawberry
63.7664,40.2773,81.8901,14.4182,64.4381,6.6423,8.0044,peach
9.6367,125.5448,138.6373,20.7008,60.4079,5.3209,115.3318,apple
85.5088,44.8433,84.3455,17.635,72.9129,5.8182,111.2565,potato
103.1364,57.2512,108.4373,26.2142,83.961,5.5233,74.0105,bell_pepper
69.3253,51.6974,34.0064,23.5263,72.4267,6.1779,133.0497,maize
37.9172,130.2118,151.407,17.1638,71.6309,5.7451,77.3804,apple
24.8693,125.0356,155.0891,24.541,77.394,6.1246,67.2441,apple
81.1429,55.2449,88.7962,13.1646,78.6555,5.9412,73.0248,potato
79.1314,53.169,44.3754,22.9932,53.3673,6.466,97.2791,maize
140.0,83.75,119.0352,19.0448,69.7543,6.0386,44.6299,potato
82.639,70.4751,68.4167,15.1639,82.98,5.9054,111.5119,strawberry
126.2827,59.3386,68.5782,28.8648,61.4705,6.3086,94.474,bell_pepper
82.2892,45.5959,111.5139,12.6383,85.8408,5.324,77.2611,potato
140.0,61.9154,106.8936,23.1882,65.2312,6.3024,57.1502,tomato
40.8775,53.8763,55.209,26.7457,53.6367,5.7741,17.4507,grapes
104.7171,31.1059,58.3143,24.6515,40.7434,6.302,124.7425,maize
92.7511,56.5519,128.0897,28.5656,49.2116,6.5243,73.8534,bell_pepper
114.6419,67.0759,97.1067,20.1652,65.0495,5.914,104.0923,potato
69.8109,51.1732,31.0516,26.0527,75.2833,6.5659,40.8314,maize
53.9415,60.2435,36.8302,18.3715,63.3293,6.604,17.6149,peach
57.5325,40.2085,36.5125,23.3002,77.9786,6.1955,107.1657,grapes
118.6531,48.2197,126.0053,16.4075,72.6133,5.192,31.1491,potato
45.0632,123.6864,146.3043,21.8809,68.7289,5.9281,95.8959,apple
133.9132,75.1908,94.4889,27.3859,67.9493,6.0983,91.039,bell_pepper
99.7802,67.5793,137.7894,25.3786,71.4652,6.2778,120.9009,tomato
4.7964,39.406,49.4225,22.2832,51.8756,6.2621,29.1017,grapes
31.404,40.8542,45.1774,33.5786,73.1268,6.3669,102.2424,grapes
72.8108,27.9068,78.5103,18.0954,68.3518,5.8572,95.2376,cherry
140.0,52.5383,73.118,19.8541,59.9236,6.9221,77.5494,bell_pepper
116.3638,66.0369,88.5171,26.3967,70.1812,6.4309,96.2127,bell_pepper
109.2151,40.9835,83.1495,18.6649,57.9859,6.1588,60.7415,peach
54.7252,33.3581,83.5943,19.5518,61.0365,5.6477,55.7794,strawberry
115.813,35.3822,74.8827,23.667,71.7719,5.1383,117.289,potato
50.7654,51.4786,102.479,19.0316,72.7633,6.4533,80.3573,cherry
126.178,58.9224,77.3017,23.3279,57.6983,6.3749,77.341,peach
82.3113,50.0638,34.6948,25.4915,77.9296,5.8999,61.9599,maize
81.2982,45.7194,57.7598,13.573,66.2316,6.7835,78.7957,cherry
57.9126,26.5696,53.4021,14.2007,72.0191,5.0659,91.1713,cherry
99.3382,63.9709,115.0743,21.2981,57.5038,6.9906,120.8114,tomato
66.1966,33.6016,84.5063,21.2396,61.26,6.9065,81.4891,peach
140.0,64.1481,108.5799,19.2665,78.0986,6.5633,97.2932,potato
24.0539,142.2733,147.4837,14.0285,58.9097,6.1038,120.3166,apple
115.9905,57.0133,123.917,19.0939,71.6204,6.2402,133.3081,potato
33.3678,74.6924,66.5011,26.5399,69.9705,6.5331,35.5372,peach
115.4474,34.6633,87.6658,27.3361,74.2072,6.5608,93.7629,bell_pepper
140.0,44.4369,86.3624,26.9916,72.6394,6.1296,87.1418,bell_pepper
78.4934,47.6063,91.4931,17.7288,75.2541,6.1651,100.7712,strawberry
78.1257,64.6156,65.0959,25.6711,70.9985,6.0913,66.5113,bell_pepper
66.3921,44.3611,69.3837,16.9058,68.0378,6.4066,79.3755,cherry
29.2908,134.4693,151.3948,19.2181,66.4867,6.386,109.029,apple
97.0754,59.0059,36.7836,24.8891,74.131,5.9606,104.618,maize
50.8789,36.0209,47.591,22.9102,76.2121,6.5881,41.6254,grapes
112.5908,72.5483,68.3018,29.7076,65.0682,6.3119,104.7675,bell_pepper
47.0442,120.7873,141.8086,17.9506,73.3724,6.1461,131.2568,apple
98.4996,34.5711,32.065,19.0015,72.2479,6.5446,124.8935,maize
100.2791,41.0689,122.7221,19.2996,83.4893,6.3017,55.5811,potato
104.6171,54.6229,27.8088,25.9958,45.9223,6.3648,147.3994,maize
116.6434,60.9423,73.45,19.2491,75.1983,6.321,86.2439,bell_pepper
47.7012,49.9821,66.541,18.8776,57.1984,6.5177,63.028,grapes
107.7098,38.1936,115.3376,23.287,51.422,6.9141,45.9808,cherry
113.7035,37.4064,99.9773,18.8378,79.212,5.7134,80.3668,potato
110.0708,35.8662,60.9293,23.5936,67.9765,6.3437,122.7696,bell_pepper
108.3457,38.5151,51.6358,15.0168,62.5137,6.7168,63.5038,cherry
80.864,48.8797,36.8516,24.5933,87.9127,6.3653,89.6987,maize
80.1113,25.7982,123.8448,18.8604,65.353,5.76,111.2409,potato
68.3065,106.2319,167.1311,17.6426,68.0519,6.2218,81.7663,apple
50.3875,53.4125,77.1704,14.8183,65.4686,5.858,97.7159,cherry
140.0,46.8979,83.3913,29.5649,68.4085,5.3625,108.5022,bell_pepper
73.057,39.8349,83.0876,12.78,68.8816,6.2427,71.1715,strawberry
7.0733,59.6467,41.0043,20.4585,57.8094,7.1175,41.0454,grapes
62.7634,56.1878,96.7819,13.1544,66.3576,5.7559,102.7558,potato
114.8429,55.4757,75.5906,16.5589,64.4575,7.0608,70.1808,peach
86.2739,62.382,99.4302,17.9902,75.0981,5.8266,84.3456,strawberry
77.9651,45.8124,84.1953,20.7654,72.4236,6.8792,112.2979,cherry
108.1028,54.4566,36.1108,25.126,70.8199,6.3195,90.0071,bell_pepper
85.7035,59.3661,92.2883,13.297,79.0392,6.1143,91.1077,strawberry
46.4678,41.2467,86.2231,20.9726,65.914,5.8055,80.5981,cherry
84.8847,38.0754,59.478,24.9067,69.5741,5.6469,59.6943,cherry
28.8781,118.3868,146.2795,15.4106,71.6447,5.4699,130.2936,apple
109.5113,61.0019,140.737,27.2521,70.5287,6.1415,77.9609,tomato
119.241,41.6321,101.0298,13.4402,73.9873,5.4391,122.1023,potato
60.9425,114.7563,146.1976,12.132,65.6815,5.9777,125.8199,apple
95.6829,24.5122,130.431,24.0716,51.3806,6.0322,120.5266,bell_pepper
23.928,67.5366,53.0295,24.2448,63.5479,5.9062,64.8864,grapes
21.129,114.1389,164.8742,13.6341,64.08,5.8061,120.9773,apple
52.7112,39.3652,87.5446,17.3972,61.5541,6.5948,87.7367,cherry
77.5094,47.9967,50.392,27.3712,74.8726,6.0332,39.8441,bell_pepper
93.8278,65.4374,63.2379,15.3689,62.6058,5.0639,62.5255,potato
107.4863,63.3571,79.2557,18.7534,58.9844,4.9892,96.1381,potato
62.6635,49.5224,96.2622,20.7774,35.6237,6.1761,65.833,peach
72.9908,83.7,113.0542,17.1234,73.2614,5.4867,58.1355,potato
96.6276,39.3653,129.1915,26.698,58.761,6.7951,95.2356,tomato
84.9575,51.174,80.6075,16.2708,93.0524,5.7582,150.1279,potato
102.261,36.7748,120.391,16.773,62.6774,5.3036,154.0471,potato
104.1139,37.5647,105.9336,21.4065,56.5328,6.3478,105.8782,potato
60.9007,109.6048,173.7851,20.7052,93.7001,5.6197,128.184,apple
102.9015,45.5001,80.9978,22.2089,59.0053,6.3831,44.1591,cherry
74.8181,26.6394,87.5485,16.5023,82.8151,5.0955,87.6136,potato
98.2848,46.8554,91.3917,17.2781,92.1939,6.0006,89.9146,potato
62.3853,43.6054,91.2645,17.1128,67.8405,6.4032,47.1871,strawberry
68.2074,41.2438,85.0994,19.267,62.3295,5.3487,85.7781,strawberry
30.3562,47.2204,70.2718,19.4066,55.1664,6.4458,98.035,cherry
131.8225,40.6669,83.899,25.1485,71.5382,7.1426,123.7128,bell_pepper
92.1872,42.7201,36.0458,30.3649,74.2256,6.7329,123.0812,maize
105.5265,53.1554,82.3136,24.7612,64.5715,6.181,96.1539,bell_pepper
51.0381,49.5258,95.6366,15.4961,63.0856,7.6275,121.8618,cherry
103.4739,35.3082,73.7822,24.1592,49.4422,6.8102,72.9802,peach
42.6436,34.8557,54.7088,22.8388,57.6497,6.0915,101.1993,peach
67.1728,40.1425,101.7121,13.8684,61.9777,5.2591,173.0478,strawberry
34.2002,133.0478,152.3069,19.1072,69.0005,6.3068,78.6923,apple
49.413,126.3519,162.0239,20.8459,67.1981,5.9267,149.1011,apple
106.9505,64.784,90.7249,21.09,85.3955,6.7952,116.0854,tomato
124.1159,35.0391,66.8022,15.8959,61.6256,5.0928,75.2069,potato
39.408,44.8652,68.8486,9.8223,60.1839,6.3566,79.4521,cherry
85.3384,42.2052,86.0544,13.7818,59.3111,6.5543,37.7529,cherry
82.7986,43.9517,90.6834,14.7696,65.9366,7.2296,71.6513,cherry
17.6276,29.9694,59.6575,24.1852,41.8122,6.5415,120.6289,grapes
123.9837,61.1658,102.4103,22.03,67.9229,5.9301,96.1844,tomato
123.3885,54.8864,153.0642,27.0332,74.8243,6.1525,119.1677,tomato
35.9559,53.838,63.7642,19.9884,48.1269,5.7987,88.4346,grapes
109.29,53.797,41.8958,28.8204,73.8921,6.0872,72.0292,bell_pepper
5.4505,50.389,46.685,20.1043,47.1379,6.0324,61.1094,grapes
89.3761,69.1097,109.9653,30.1464,80.8512,5.7444,167.2679,tomato
86.2747,42.5085,58.7749,29.9182,73.7306,6.3754,67.8776,peach
121.1008,48.5022,70.5635,25.4587,36.5184,6.3856,110.8129,tomato
80.8874,31.4074,40.3644,14.8151,53.9622,6.4395,59.1176,cherry
123.8717,43.1187,104.0614,27.8143,47.026,7.0889,149.2816,tomato
57.8197,59.8336,88.7763,20.051,74.7405,6.6373,95.5286,peach
140.0,58.5254,87.3367,22.9904,65.7985,6.2292,97.9616,tomato
80.5257,37.2028,152.8846,22.216,57.5703,6.5833,55.2089,peach
106.6157,41.7162,103.1686,14.2263,77.2699,5.4674,94.6935,potato
79.7008,45.7647,43.0914,28.7461,63.3221,6.3819,74.2022,maize
66.7275,44.4067,84.823,18.9177,72.8681,5.9491,120.1943,strawberry
86.586,43.0606,75.8959,18.4387,62.788,6.6452,88.8053,peach
101.3767,31.007,48.6205,23.882,54.6866,5.5623,99.8662,maize
111.1206,45.4194,68.4819,23.3702,80.1378,5.8304,66.8567,bell_pepper
88.5225,48.2334,98.6044,21.5726,79.1932,6.9247,86.7222,cherry
81.9269,63.4326,98.5724,16.7072,66.8741,5.5566,94.587,potato
65.0478,37.8164,96.3324,21.4608,81.3665,5.5111,119.8858,strawberry
46.0797,68.801,72.98,25.6457,70.1635,5.3591,78.1855,strawberry
88.3519,54.7171,76.1123,23.7718,72.902,5.4527,124.4482,bell_pepper
107.1802,53.5537,29.0081,25.963,46.4496,6.315,142.4035,maize
49.1019,48.0362,105.494,21.6706,46.9134,6.8585,51.5841,peach
107.0106,53.2657,79.301,17.6788,67.8092,5.8299,80.8784,strawberry
79.0838,30.2946,90.5779,16.3142,62.229,6.6107,93.5065,potato
96.7793,38.983,106.1154,13.91,100.0,5.1571,91.1543,strawberry
78.2593,56.5844,95.9014,33.8382,73.5547,6.6232,50.1565,tomato
107.7291,34.3216,67.8009,23.2979,63.925,5.7836,114.3549,cherry
4.3095,61.8023,65.6867,24.7722,57.868,5.9364,14.1611,grapes
115.2987,56.7348,56.5414,24.2001,85.3167,6.1454,146.1876,bell_pepper
109.8424,40.2552,64.0224,20.2402,59.0889,6.2562,73.5577,peach
100.2647,54.7775,116.1019,21.8908,92.0025,5.7059,88.742,tomato
103.2879,54.5037,120.9573,20.2361,74.2265,6.1357,134.4885,potato
87.1334,26.4532,93.386,25.1011,55.5931,5.8991,125.8993,peach
67.6128,16.6846,106.6127,18.5786,71.0453,6.2008,81.7695,strawberry
21.6331,41.3381,60.815,26.0284,50.0371,6.0563,77.8138,grapes
83.505,48.4868,80.4586,27.4619,52.4117,6.6819,113.3819,peach
50.4954,67.8823,121.3771,17.9507,64.076,5.8542,95.4855,potato
115.0066,85.7676,54.7779,24.3156,73.2259,5.8184,97.5136,bell_pepper
55.8338,31.7741,89.7512,12.4937,83.4694,6.0439,105.6967,strawberry
12.7392,41.9526,38.0142,23.2721,62.0004,6.171,53.8794,grapes
89.0876,54.3537,92.9904,20.3302,71.5786,6.4349,82.6452,tomato
140.0,58.578,87.2316,17.2912,75.9436,6.7639,17.2303,bell_pepper
39.1828,55.5295,57.9248,25.7907,55.9263,6.3987,16.3341,grapes
114.9628,66.0487,98.7839,19.1005,75.9421,6.2446,100.8536,tomato
110.265,53.6512,60.8468,18.2788,55.6583,6.0422,73.4049,bell_pepper
56.8136,28.3661,67.6738,24.3858,54.3217,6.3279,92.6902,peach
48.6328,49.0767,41.3122,21.0396,52.1888,6.6614,59.7291,grapes
48.6051,58.1954,85.6945,21.1081,54.466,6.2721,95.8075,cherry
87.89,45.1222,126.3822,28.8497,78.6951,5.824,170.1269,tomato
89.4999,51.2935,45.5432,21.0131,65.5797,6.6114,134.6699,maize
95.9198,45.6095,84.5159,18.0055,69.1333,6.3774,73.6785,bell_pepper
74.42,52.3522,45.7925,19.6058,82.3534,5.5079,69.1847,strawberry
80.6853,47.2653,88.1434,20.012,79.9361,5.0219,94.845,strawberry
99.0692,46.1003,38.0092,21.2813,37.4919,6.5279,105.6162,peach
120.968,53.2064,107.8608,15.3631,61.0141,6.479,86.9439,potato
64.7708,29.779,79.7218,19.487,67.1693,6.2137,37.18,peach
58.5643,40.1716,36.2286,23.1497,77.6743,6.1874,104.4312,grapes
115.3933,29.8041,92.3589,14.1946,83.4327,5.2768,48.7712,strawberry
36.4657,45.4775,58.8567,21.4282,47.3975,6.1746,50.7872,grapes
35.9077,57.3965,77.7928,24.0116,56.7446,6.4872,105.4252,grapes
9.769,49.9974,59.1138,26.825,57.4413,6.5528,33.4604,grapes
107.5547,71.807,95.3283,28.2736,62.8934,6.0386,55.4906,bell_pepper
107.2614,36.6383,100.2997,18.5133,73.447,5.3749,93.0031,strawberry
130.3651,94.3601,42.905,26.362,77.6103,5.6986,114.829,bell_pepper
70.214,43.2145,109.4586,24.9353,76.1682,5.973,110.2418,tomato
72.8972,34.9498,123.5156,18.1886,73.2679,6.249,97.0177,potato
140.0,52.5345,82.5388,31.7614,63.0539,6.5067,129.0159,tomato
96.363,61.5014,120.8897,23.6789,61.3607,5.9477,79.3291,tomato
47.8421,56.5343,62.4769,18.8187,74.2188,5.7288,106.689,strawberry
22.6404,142.6692,144.2611,21.3076,72.2708,5.9502,132.5551,apple
31.9924,47.2561,43.1072,26.5857,47.3698,6.0846,106.3901,grapes
85.192,34.0184,72.0639,27.9261,77.9261,5.7995,86.1669,bell_pepper
125.1963,57.8842,63.399,26.1589,52.9485,6.7818,120.7277,bell_pepper
124.2692,54.2317,97.1522,27.142,63.2587,5.7704,135.2077,tomato
61.1825,36.8083,65.2523,17.8355,66.0533,7.2394,93.5111,cherry
23.4704,57.3541,51.618,24.5854,50.2223,7.2414,108.3796,grapes
125.6138,57.1753,152.8276,23.0475,59.6239,5.298,110.3675,potato
29.9627,55.2476,59.1485,20.6854,38.5181,6.2808,15.7773,grapes
69.047,41.4361,109.411,26.9662,59.9379,6.901,81.4537,peach
101.92,50.575,71.7882,14.1896,53.6805,5.9039,58.9945,peach
66.3416,28.233,63.1517,15.4347,53.9731,5.137,66.0222,strawberry
111.0131,38.4222,90.8705,15.6942,74.2989,5.3841,67.4131,strawberry
86.2929,43.8496,82.0541,24.8392,57.3341,6.7428,120.9949,peach
26.7178,30.2734,37.9551,24.4838,49.0974,6.1496,57.5486,grapes
62.4206,31.247,59.5392,22.4962,80.6476,5.8646,112.8445,strawberry
78.2373,38.8562,15.499,10.2378,81.0005,6.0929,101.6599,cherry
140.0,53.3886,124.1215,28.574,63.2038,6.3239,92.1406,tomato
104.2817,64.535,84.8407,25.2147,67.523,6.6293,95.1664,bell_pepper
110.5801,55.1516,82.5206,20.6142,54.2641,6.685,41.6621,peach
89.6792,38.9823,78.7731,28.7527,69.9211,6.8838,72.7227,peach
86.2228,54.8112,67.2248,21.142,47.2125,6.4743,66.5264,peach
98.0849,46.1187,62.6657,15.3198,59.5654,6.3967,58.5532,cherry
65.2304,43.2645,86.1282,25.5106,70.9291,5.6602,69.7209,peach
33.6918,49.6418,55.2457,23.671,49.4659,7.264,70.7519,grapes
70.2652,41.5166,87.9374,20.4059,65.2851,5.0657,75.0676,strawberry
16.8471,113.9212,137.852,18.7701,79.3741,5.3215,123.8562,apple
19.0275,119.293,152.4845,21.6793,58.7928,5.7869,119.9203,apple
140.0,46.2291,68.6118,15.1535,79.3504,5.9388,107.2495,potato
110.2632,71.9702,144.1835,20.5341,75.8808,5.9214,130.2129,potato
82.7866,50.9868,34.3374,26.5788,61.2937,6.3366,123.617,maize
127.9474,50.8097,35.8402,25.2909,61.5942,5.842,128.6617,maize
40.9823,64.8335,70.1444,16.9034,72.3385,6.1027,76.1142,strawberry
117.8174,79.0252,92.1415,15.5583,74.8278,5.773,121.6479,potato
93.7633,62.2522,50.8637,26.6834,64.13,6.4982,82.6329,tomato
109.0534,39.108,76.3501,29.1922,46.2055,6.396,108.9628,bell_pepper
85.3783,46.6743,52.3892,14.2893,64.5394,6.7262,52.2576,cherry
140.0,61.5127,95.6841,18.5574,84.8467,5.1501,119.8554,potato
13.7668,57.2699,61.4848,28.9712,50.9374,6.4477,90.1127,grapes
125.4537,70.0204,123.824,25.7929,79.2147,6.1102,114.7539,bell_pepper
95.8101,56.3938,98.6405,25.9568,59.4184,5.6312,58.7721,tomato
36.3278,43.6809,116.5008,15.4507,80.6676,5.8798,77.6189,potato
109.7312,68.8091,63.371,19.7715,77.6614,7.0776,67.4747,bell_pepper
46.9241,39.3647,138.3262,13.2354,60.8875,6.0003,141.9491,strawberry
90.5123,50.2886,89.0123,30.9939,77.9599,6.5915,102.9852,bell_pepper
77.6786,47.1386,57.0323,27.3411,59.9105,6.2341,136.6152,peach
83.015,55.3344,38.678,22.4384,63.2838,5.9058,121.0747,maize
113.2206,56.4012,107.0604,25.0542,75.8945,6.2209,99.3991,tomato
87.6251,55.1336,95.8417,18.7981,71.4075,5.6124,88.6199,strawberry
74.2214,46.1536,72.3332,13.4819,60.4636,6.0085,114.7334,potato
95.0366,63.5072,55.7268,17.0399,85.0615,5.8085,107.0566,strawberry
84.7032,69.6313,92.1859,13.6796,82.7498,5.2024,47.6587,strawberry
105.9074,49.0203,110.6326,20.254,66.6587,6.2009,64.8506,bell_pepper
3.8995,56.9034,61.3979,24.3353,42.7463,6.1415,118.851,grapes
90.1201,51.5169,56.552,19.8801,55.3885,5.6781,52.192,peach
3.7881,53.8189,47.2958,26.1272,43.3008,6.087,44.0597,grapes
97.313,51.7868,85.3935,32.5355,70.3903,6.3592,94.4373,bell_pepper
76.5805,33.9796,85.3925,21.2527,61.0738,6.6816,46.8103,peach
60.7038,53.8804,69.6592,20.0994,78.273,5.7979,91.4123,strawberry
96.765,53.6645,109.6132,14.362,73.3287,6.5668,101.9483,potato
76.9507,39.9969,42.7513,22.7648,54.6769,6.3115,115.5476,maize
89.0283,43.8597,73.1508,27.397,64.9368,6.7833,76.2244,peach
51.2649,35.7118,46.8555,22.5393,76.2122,6.5335,39.8305,grapes
73.0761,59.9913,32.9297,22.1989,79.4676,6.7587,92.8121,maize
101.9189,43.8111,117.2558,27.633,51.8827,6.7346,55.7979,peach
112.7341,67.2137,106.3726,22.0582,68.8109,6.434,73.7845,bell_pepper
86.0985,38.171,78.0122,18.5013,50.6371,6.4847,74.2497,cherry
82.7517,58.3283,87.3825,17.2425,66.742,5.9986,96.633,strawberry
73.289,26.0696,101.7439,23.5617,79.9156,7.4179,51.0203,peach
66.6242,40.9271,29.7629,20.2283,68.0235,5.959,117.1441,maize
93.969,43.7654,39.6931,21.5994,55.868,5.9783,83.488,maize
70.9765,41.3131,110.4592,16.6554,73.3245,4.4316,97.3673,strawberry
67.766,29.5695,59.3304,12.5871,83.1064,6.0341,65.9043,strawberry
77.5659,48.4018,124.6085,17.9151,69.1847,5.5098,139.3623,potato
4.8938,123.3546,154.4574,11.7329,66.8346,5.9753,74.0376,apple
87.5443,24.6353,144.2256,23.698,79.4666,6.3902,50.9499,tomato
118.637,51.1339,81.8504,24.102,75.3446,6.2403,125.8357,bell_pepper
112.2265,57.2037,72.8947,15.7478,75.1333,5.6379,63.9591,bell_pepper
79.8764,36.8613,82.909,14.5336,89.9961,5.544,107.2609,strawberry
120.3141,63.3719,115.5641,13.2272,71.5639,6.5689,84.2999,potato
30.7204,112.4142,163.2174,15.6728,67.6998,6.5046,145.1611,apple
140.0,34.248,77.7069,23.7703,76.1184,5.7167,54.6984,bell_pepper
6.0217,52.7286,59.9333,25.0818,50.7008,5.885,123.3637,grapes
111.7064,54.241,50.5463,22.7769,84.065,6.3259,56.6855,bell_pepper
118.9468,56.1368,41.9619,23.9886,69.9036,6.3476,113.3326,maize
90.6659,42.5956,115.3502,24.7398,70.9896,5.7512,84.917,tomato
77.6165,35.3964,81.4742,20.3291,65.1878,5.5651,69.2727,strawberry
134.055,49.4927,72.8021,28.5686,76.8576,5.8648,149.4956,bell_pepper
108.6882,59.5167,75.2619,22.3942,67.5523,6.9614,96.919,bell_pepper
78.0527,61.7405,74.4894,17.2556,77.0166,6.0688,100.718,cherry
24.163,107.1925,159.7815,14.3573,82.4232,6.0287,70.9264,apple
66.9442,46.2365,71.219,21.3378,75.5534,6.4483,87.4047,grapes
70.72,52.7429,49.1976,25.1716,68.5541,6.5777,162.1242,maize
115.1164,45.7707,110.6118,25.7807,66.8426,5.7171,95.1876,potato
85.5187,50.8878,109.9859,11.2321,71.8033,5.6536,49.2758,potato
117.3048,60.5512,162.2564,22.0599,52.3507,6.2476,121.6395,tomato
61.2957,46.4361,74.1514,23.1093,76.8367,5.6452,142.913,strawberry
105.2228,30.3203,63.659,27.3987,68.0898,6.4501,88.1998,peach
95.1408,38.9407,31.5839,27.4631,50.2628,6.7385,94.7886,maize
81.1927,79.3694,82.0295,27.1777,85.8434,6.3354,91.1493,bell_pepper
96.8894,57.6404,87.2866,21.5915,52.5525,6.7253,56.3681,peach
69.8182,46.5447,44.0621,17.8891,56.7842,6.0142,33.0199,strawberry
114.5511,52.551,108.6098,19.8258,91.3716,5.5576,99.7112,potato
140.0,63.8317,89.551,23.2776,61.5458,6.5601,104.1816,bell_pepper
28.3494,111.308,145.7924,17.396,78.2284,6.0148,101.6364,apple
86.6816,75.4306,81.9817,28.5766,75.4003,6.2898,125.1126,tomato
33.0158,119.2776,148.8941,13.812,70.2958,5.6214,113.7152,apple
110.3688,89.0891,105.6252,21.7717,58.4366,6.3908,140.2539,bell_pepper
80.8313,79.3361,93.0943,23.5131,64.9451,6.0446,95.8601,bell_pepper
101.0881,62.9983,104.4209,27.1805,57.8066,5.7895,99.3565,bell_pepper
96.0042,67.2464,117.8168,25.7574,82.702,5.7589,55.9936,tomato
57.9194,43.7126,51.0278,18.9797,74.2004,6.9079,77.2249,cherry
74.674,47.6862,87.2964,25.5664,58.8467,5.9106,80.5097,tomato
4.2256,60.6126,69.8776,23.6689,63.2849,5.6746,48.8631,grapes
79.1994,49.7849,88.9787,14.2483,58.7989,6.1654,93.6143,cherry
101.0651,37.9653,49.79,19.1225,64.9831,6.7366,89.3043,peach
81.5072,59.8338,66.1569,21.8327,62.831,5.6251,103.8436,bell_pepper
25.6048,122.4379,144.977,13.4609,75.3882,5.39,135.4746,apple
56.9625,45.1546,72.5695,24.0512,71.5789,5.962,62.6594,strawberry
21.1775,113.3684,171.9411,17.2786,57.7009,5.6147,104.2701,apple
110.3328,35.6169,127.6398,26.0528,74.544,6.6062,106.0592,tomato
140.0,57.463,124.3737,23.8172,62.2328,5.6585,57.3268,bell_pepper
45.1973,13.4676,70.7439,27.9147,61.6211,7.2077,12.5161,grapes
17.571,44.9403,58.7141,20.0511,56.3887,5.6854,31.8247,grapes
73.2736,61.7065,86.3885,10.1098,86.5949,5.6487,100.8254,cherry
47.9139,128.802,152.0439,16.4614,85.3005,5.6314,119.6934,apple
71.5689,60.9049,136.9879,22.5983,77.7856,5.5752,83.2344,potato
87.9744,55.8745,136.9158,20.0768,77.2529,5.917,85.14,strawberry
93.3305,30.3959,74.6781,19.7247,70.4209,5.575,87.6263,cherry
96.7454,39.7973,91.0448,22.2736,87.8238,5.885,73.2933,strawberry
82.5809,47.4404,52.0243,20.5222,63.9408,6.4961,78.9134,maize
56.321,60.4444,77.3622,19.5139,56.6272,5.6382,53.1952,grapes
66.7579,50.3587,52.5429,23.0499,46.7474,6.4251,53.1834,grapes
94.3059,76.3906,83.7726,20.6011,76.4344,6.1523,99.7118,bell_pepper
102.8618,61.7802,84.6008,30.5159,60.2264,5.7026,129.814,bell_pepper
77.4295,66.0562,87.5504,15.9065,63.7597,5.6569,75.7852,strawberry
83.7023,57.1335,79.839,12.0803,67.001,5.2776,104.7356,strawberry
84.7744,22.2075,83.9744,13.3983,60.5615,6.602,50.5279,peach
115.7302,54.7977,113.1702,16.0533,72.7033,4.7254,91.033,potato
110.5563,57.4965,90.8588,25.7385,64.2942,6.5408,78.3168,bell_pepper
67.2703,77.1579,122.6444,22.3743,67.1887,6.6983,138.6886,tomato
115.723,47.2955,75.8561,24.2592,74.2686,6.4622,155.6825,bell_pepper
85.9118,55.225,105.238,19.1646,78.5502,5.5797,127.1031,potato
104.2491,67.6172,86.7062,16.7582,74.634,5.8265,97.1395,potato
113.6889,69.8548,79.3808,26.3444,77.9205,6.1732,119.6434,bell_pepper
35.4127,37.1032,51.1417,26.0084,68.5659,5.9285,48.4754,grapes
92.5068,38.9455,61.1875,20.948,48.7445,6.1496,68.4543,peach
86.0198,39.2178,46.3064,18.2697,46.2627,6.8925,139.8838,maize
4.9556,127.5741,129.4416,16.1434,77.4703,5.1546,139.4761,apple
85.1742,44.6069,48.7972,17.9826,84.4794,6.1909,68.6909,cherry
98.4377,52.2274,58.9698,23.2768,61.0617,6.5158,87.9851,tomato
72.5082,56.3012,78.7703,22.0869,59.954,6.657,111.6445,peach
93.1043,54.0908,113.6497,17.5366,68.3087,5.9141,134.2342,potato
88.9612,43.2607,73.3719,21.3772,78.4913,6.4147,56.6757,bell_pepper
93.8731,43.5269,72.8226,17.3458,92.0652,6.2134,79.2812,strawberry
84.8364,44.5677,106.3376,16.3395,55.7218,5.9202,83.4746,potato
99.6452,30.1177,56.0317,20.2095,61.0855,6.001,108.9878,peach
98.9366,22.5973,77.4118,23.3583,64.4423,6.8322,87.4996,peach
42.7106,106.3808,149.6788,17.516,54.2497,6.5028,121.4757,apple
126.4436,54.4061,63.4421,26.1384,58.4727,6.0831,59.2529,peach
89.1059,53.7299,43.744,17.5391,43.0713,6.2229,62.5612,peach
109.6347,66.9628,84.7387,18.8281,70.6613,6.5488,96.7025,bell_pepper
66.1503,43.0608,29.972,20.0702,68.383,5.9201,118.5869,maize
89.2604,52.3618,133.0464,23.9005,62.4134,5.54,69.9655,potato
130.1463,72.5429,71.4204,20.8382,53.5741,6.4782,75.5912,tomato
110.4046,69.6602,101.6963,29.352,86.6329,5.4413,126.8952,tomato
88.7468,56.6868,95.9758,22.5315,68.7049,6.1859,113.1505,cherry
115.9604,25.3416,78.4049,23.6477,65.0562,5.8379,138.7732,tomato
12.9507,45.8175,40.8461,25.8395,42.3711,6.9368,45.8867,grapes
93.8562,57.4636,28.8996,25.7177,58.4293,6.5634,96.3541,maize
13.6726,68.8364,49.5121,21.6855,56.3828,5.7441,69.8948,grapes
62.5256,34.3174,66.3022,15.6556,57.4444,6.4234,96.7353,cherry
100.3366,32.0437,76.4465,19.4554,68.8504,6.5226,92.0445,peach
88.7927,52.5705,41.7964,27.4184,58.955,6.7893,123.5582,maize
91.8248,38.4829,98.4348,27.1194,63.2702,6.8244,113.6119,tomato
137.3817,58.4237,103.2594,22.0119,94.6611,5.8091,52.1532,bell_pepper
74.4839,62.0327,91.6122,24.8303,57.8805,5.728,87.4414,peach
26.2737,131.8757,145.7435,17.5867,69.3941,6.4178,66.0213,apple
101.9506,31.1736,48.8631,24.0874,55.2288,5.5178,100.1235,maize
98.2172,24.8223,68.8739,23.7183,72.1095,5.7634,89.5757,strawberry
80.3696,71.7784,107.618,29.165,66.7368,6.0714,113.8824,tomato
96.2385,48.4516,66.9522,26.7065,77.0381,6.2748,59.81,bell_pepper
57.7703,51.884,78.719,18.035,79.6915,5.6908,55.4852,strawberry
49.8982,27.2076,95.7764,15.555,79.2049,5.2829,57.2117,strawberry
92.5023,36.1932,33.9519,26.4148,81.6475,6.5592,72.9743,maize
115.9442,18.9991,107.1693,15.0856,75.1953,5.8681,87.2524,potato
93.9275,55.7498,82.1672,22.0939,82.5543,5.8195,89.2527,potato
79.308,61.6918,41.6249,28.0684,67.2518,6.7772,133.6198,maize
112.113,46.2536,54.6461,22.5638,67.5554,6.4103,47.7507,maize
89.4105,69.9488,31.7409,24.4649,57.8492,6.1912,103.6408,maize
47.8108,49.462,42.1108,20.5091,52.5468,6.633,61.7701,grapes
128.1185,57.0553,76.0985,22.4098,89.6426,6.1568,98.1543,bell_pepper
33.5479,29.6688,44.8176,25.8203,78.256,6.4143,45.6108,grapes
41.7537,38.7733,77.3356,21.0978,59.4827,6.0263,63.9908,grapes
76.2152,32.366,120.5766,14.0078,83.2259,5.4904,93.6224,strawberry
115.6435,52.527,80.5845,27.2879,59.0873,6.3119,106.0815,bell_pepper
89.2239,50.1217,127.0123,28.6739,72.9007,6.2018,64.1309,bell_pepper
74.3296,43.782,81.4676,16.8441,80.8885,6.6294,75.0362,cherry
79.902,58.7251,81.116,17.7617,58.3121,6.1698,87.6058,cherry
53.9566,47.8503,63.9867,26.1026,63.2915,5.8548,96.2015,grapes
23.979,109.7471,147.5702,15.5479,73.4314,5.8306,59.3704,apple
5.3473,60.036,69.2303,23.7209,62.3449,5.6333,48.5934,grapes
49.0505,60.3369,126.1,23.7593,66.0238,6.231,105.5122,tomato
70.7784,67.9036,98.9996,21.8735,51.2209,5.9318,100.429,peach
117.8459,47.6113,85.4078,17.8143,45.0127,5.8071,77.0097,cherry
66.2903,35.1766,56.0043,23.3277,71.1076,6.5141,113.9096,tomato
86.0721,53.4638,70.4558,23.5936,65.2798,5.8349,111.1399,tomato
77.1639,62.0037,81.836,24.121,60.0041,6.4267,70.0674,peach
79.3867,45.0876,56.2516,25.9244,84.9041,6.5056,87.9898,maize
98.9416,70.1345,100.2376,24.1019,80.4707,5.5701,68.04,potato
99.0382,58.2938,55.1229,25.5574,64.191,6.7656,143.818,maize
68.6799,37.3184,41.1682,26.1054,76.635,6.5138,89.8136,maize
5.3452,48.3725,53.4732,23.7341,59.295,5.5798,31.4267,grapes
115.2292,45.4098,108.9244,16.9533,64.3064,5.5354,97.8864,potato
81.1886,47.3033,96.7324,28.802,62.4244,6.956,50.7279,peach
5.76,52.2366,38.5414,21.1322,50.2866,6.6563,168.6574,grapes
87.6005,58.4235,133.6718,19.1236,60.0305,5.0799,110.0704,potato
85.5271,26.8036,72.2447,27.2799,59.7528,6.08,43.4588,peach
113.8406,32.4866,25.5092,21.3994,67.9196,6.6792,120.209,maize
67.1522,59.6373,32.0843,16.1937,61.4382,6.0944,80.5385,cherry
98.791,25.0772,31.6412,12.9925,48.8867,6.5173,66.2582,cherry
80.9356,41.7744,50.7939,26.8227,68.1836,6.8365,77.4651,bell_pepper
123.1721,17.0004,58.0791,18.9576,77.1205,6.6133,133.3278,potato
123.5825,42.7707,69.6779,26.2859,59.4311,5.6857,103.2224,bell_pepper
115.5169,58.0101,155.6318,21.7258,68.3994,7.5076,123.4828,tomato
4.9841,145.0,143.954,14.2709,73.9546,4.9028,79.8805,apple
52.9869,42.5413,84.6937,17.3299,69.4503,5.1797,98.0761,strawberry
103.9947,47.2413,94.1462,29.6481,67.555,6.3793,120.2745,bell_pepper
73.342,58.6695,57.6706,19.9295,54.5412,6.6853,55.9648,cherry
72.2703,29.5464,101.8788,24.4803,74.0101,6.1563,98.4484,peach
135.8572,67.7844,57.9473,27.9985,66.6145,6.8796,107.1668,bell_pepper
73.5794,59.6176,112.1617,12.7418,81.0568,5.4815,140.8197,potato
111.625,38.9645,98.3315,28.8951,54.9915,6.1821,126.0301,tomato
64.9138,32.3523,86.3417,21.8217,45.5539,6.2126,117.8746,peach
123.094,62.2479,22.737,28.3402,72.9953,5.7909,94.9342,maize
54.9518,137.9963,152.7039,17.9576,76.7681,6.2309,108.2763,apple
90.2761,48.5104,92.7862,17.2965,86.7339,5.1055,140.1159,potato
117.911,65.0927,54.2653,26.1955,71.0327,5.9398,89.3782,bell_pepper
18.9591,65.1135,62.9817,22.6582,50.0477,6.6407,29.944,grapes
140.0,57.4184,108.1695,27.2384,80.0958,6.3755,127.985,tomato
44.8333,49.7718,61.7683,22.4796,55.3288,6.7462,39.0578,grapes
66.8671,53.6099,40.9587,15.9698,76.0526,6.5181,77.8319,maize
133.5048,50.6559,80.1675,24.7272,76.4039,6.9592,69.9513,tomato
22.0346,124.9551,146.5212,18.5718,47.1589,6.2432,166.6069,apple
82.1437,29.0852,76.6538,16.3737,62.8063,5.8652,43.194,cherry
50.2512,31.6967,78.5895,22.8277,85.8243,5.9912,111.1952,strawberry
95.1279,74.0627,67.0404,23.1133,59.0846,6.5334,127.9811,tomato
133.6772,75.2712,77.6556,25.7484,55.3581,6.9916,115.1467,tomato
100.9684,44.2101,90.6392,22.4719,66.4961,6.6368,44.8205,tomato
28.0596,118.6311,155.5998,20.3104,58.2128,6.1383,71.1718,apple
50.8761,45.0455,43.1412,22.6514,51.1525,5.9671,99.0052,grapes
31.3425,115.1941,154.7469,25.4516,76.5478,6.4994,146.6734,apple
121.4954,44.393,98.89,25.6409,72.4133,6.2316,120.8359,bell_pepper
22.0217,55.0244,46.5821,27.4881,48.5798,6.1862,45.2995,grapes
112.9033,58.7758,102.0822,29.6847,59.845,6.6227,74.8029,tomato
140.0,39.7214,84.3997,27.5623,88.4593,5.4227,47.4503,bell_pepper
118.475,49.3304,130.1087,22.275,55.6488,6.1454,135.9971,tomato
140.0,56.7501,74.7744,19.0194,62.3213,5.6886,98.9235,tomato
67.7108,39.968,39.9239,16.6267,63.1371,6.2269,132.5607,maize
111.1364,29.313,69.4518,21.3802,73.1007,6.4544,73.6279,peach
83.6341,40.5506,80.8449,18.8376,64.1305,7.1739,82.3587,peach
74.9207,58.1762,9.2003,19.1607,53.8835,6.6421,76.4566,cherry
84.3454,48.8481,44.0844,17.0367,59.9181,6.3249,70.748,cherry
54.4924,34.0845,92.1244,21.9042,53.8149,6.411,39.0102,cherry
80.628,55.1054,84.9422,13.6965,76.0501,6.0757,105.5445,strawberry
99.224,58.1565,51.8707,15.9129,73.2522,5.9496,122.0466,strawberry
109.7973,55.6525,40.6568,18.0485,53.8196,6.8985,76.9671,maize
128.6441,45.5281,97.1471,22.621,74.0547,6.0537,116.1451,tomato
116.4137,64.2011,112.2188,23.4951,73.2634,5.7223,91.7936,tomato
115.4278,38.391,86.6489,20.8818,53.2864,6.6162,81.1875,peach
5.9523,123.8681,159.1164,16.2528,61.0004,6.315,149.3571,apple
122.1061,40.2862,101.5543,9.6332,65.6664,5.7921,63.6343,potato
87.2728,32.9957,151.7779,17.2651,73.6484,6.3302,117.2154,tomato
3.5056,127.5231,139.1709,12.9666,73.9078,6.5176,108.1291,apple
68.5553,50.7891,90.4885,17.0149,60.0278,5.2735,76.5078,potato
140.0,53.5541,47.6075,26.228,56.2418,6.2262,85.4301,maize
106.4124,28.6044,54.5516,22.923,71.627,5.8677,104.6555,maize
107.2444,54.6889,95.4505,17.7143,72.3047,5.5837,81.1426,potato
67.8701,42.8545,60.7521,20.9535,51.3673,6.2341,85.507,peach
140.0,29.45,101.582,26.9314,66.3956,5.8499,90.8757,tomato
66.5257,73.8113,50.557,28.2527,79.4145,5.25,76.8516,bell_pepper
92.1517,57.9887,87.7127,23.2055,62.9179,6.0767,89.9388,strawberry
110.3235,33.2887,94.0543,17.2673,82.204,6.4584,149.5465,tomato
36.7048,55.7529,62.8446,19.553,47.4911,5.7172,89.7655,grapes
39.9294,127.8203,152.2648,15.9023,79.6795,5.5141,83.2744,apple
89.2822,35.5267,84.8753,17.6777,77.8771,6.0531,109.3392,strawberry
96.0145,69.6012,90.7998,26.6206,71.6856,6.6015,102.4971,bell_pepper
93.2504,48.917,28.127,26.1639,64.9361,6.8711,77.5001,maize
34.6982,46.7383,42.0334,26.7789,47.9047,6.0686,103.938,grapes
75.3587,30.3006,36.4959,20.2464,76.0596,5.6636,110.9025,strawberry
81.8731,52.0326,67.9148,15.8918,71.4064,6.363,123.5349,strawberry
65.6102,40.1677,85.7596,16.917,84.6871,5.0804,108.2353,strawberry
74.6,40.8175,91.3122,19.8104,56.4419,6.3023,53.6482,cherry
26.9672,122.6716,141.4694,20.2885,68.4098,5.9093,111.21,apple
92.7918,43.9908,44.9669,23.8278,50.4043,6.4258,64.469,maize
36.5993,50.2099,65.3256,20.7071,68.3144,6.0409,143.7595,grapes
8.7406,37.7953,63.227,24.9943,68.7961,6.1766,36.5784,grapes
108.2436,35.0953,130.1337,15.8908,83.7586,6.1168,117.0932,potato
7.6548,62.5521,42.5496,20.6334,57.7251,7.1108,42.4913,grapes
92.7881,50.5115,77.1362,22.3379,66.9343,6.1496,62.8883,peach
114.6878,45.0694,38.0169,27.5539,58.9853,6.1468,107.5381,maize
44.6561,53.7117,89.344,18.1682,67.0258,6.1047,40.2234,cherry
74.3801,45.3133,65.348,19.721,68.0646,5.9569,91.7451,cherry
30.2509,28.8892,69.5831,21.0585,51.089,6.3834,70.0001,grapes
82.097,36.291,64.2024,20.3586,72.2382,5.6052,44.7779,peach
22.9374,112.3826,132.8571,13.9522,65.4802,6.229,88.5747,apple
112.2464,38.0776,52.8349,22.3056,68.8229,6.4811,82.1325,peach
55.145,59.8522,86.603,21.3253,68.2538,6.3531,102.7142,tomato
139.9111,30.4469,90.1516,27.0402,75.6842,6.0756,132.3177,tomato
53.6604,47.7628,62.7853,26.229,63.0235,5.8784,93.0013,grapes
22.3347,28.877,43.8725,26.8057,49.1614,6.2794,141.7768,grapes
116.1074,40.1045,107.7864,26.9866,65.9661,6.4325,136.7645,tomato
75.2759,39.9872,98.3653,16.6868,72.5267,6.5918,48.4331,strawberry
4.4773,119.7256,144.6841,17.5398,76.2411,6.6606,129.8311,apple
70.1835,61.7253,103.3637,19.1481,67.3877,6.4842,116.6357,potato
120.6809,57.7129,96.6792,19.0154,59.3602,5.988,110.3167,bell_pepper
84.8245,46.9857,79.8595,25.8002,58.9293,6.2449,63.908,bell_pepper
91.3157,49.833,62.0165,23.4428,51.8775,6.5203,97.1697,peach
68.5124,53.3506,39.5208,23.5982,70.474,6.3112,97.0259,maize
103.7252,27.9829,83.9346,25.0452,65.1913,6.371,90.4622,tomato
39.2883,137.9869,129.0702,17.3941,80.9581,6.0008,140.8615,apple
101.2475,70.3831,117.7179,19.7585,65.3888,5.658,58.3758,peach
70.1969,40.3043,30.0734,14.879,45.7151,6.4692,50.2329,cherry
119.6114,37.4836,67.1463,29.5656,42.7495,6.3217,87.7598,bell_pepper
103.5468,66.5199,52.7203,24.3209,70.1337,6.1947,87.4392,bell_pepper
119.9331,67.0975,67.9824,28.0941,74.0421,6.0437,113.1822,bell_pepper
102.2766,44.8991,93.7184,23.6253,57.7864,5.6759,72.7513,tomato
68.2102,63.9765,80.9884,28.1908,62.9097,5.7691,108.4407,tomato
108.4919,69.6085,128.7239,18.1276,73.2435,5.9056,80.2484,potato
15.107,115.7484,167.5119,18.2317,72.3599,6.2398,85.3121,apple
66.9843,59.1966,72.9901,22.2883,59.55,5.9169,59.2023,peach
35.7251,134.8797,144.2227,17.4842,50.1404,5.9969,68.9225,apple
31.4388,47.767,62.9967,26.0052,55.452,6.4876,45.316,grapes
83.9268,40.6321,79.8443,11.2643,80.4433,7.0736,82.5448,cherry
67.7081,37.0011,28.554,26.5189,68.1135,6.4501,13.375,maize
41.9734,37.353,51.677,15.182,80.6601,6.7456,76.3797,cherry
73.9861,70.9406,80.9259,18.744,69.5184,5.8649,74.9733,strawberry
84.5164,50.0209,32.4241,24.381,69.2707,6.5408,126.1898,maize
26.1565,122.199,151.3355,17.7472,70.3406,6.5516,74.3606,apple
48.974,33.9096,71.8464,13.6365,74.7787,6.43,31.0516,strawberry
77.577,43.5428,60.2314,27.4545,73.9755,6.2838,96.9445,maize
38.6722,50.1411,66.1578,22.0459,63.2133,6.7509,33.7801,cherry
30.4889,56.7089,52.1151,30.2559,49.4188,6.8667,50.7393,grapes
41.0217,25.9475,95.921,17.5361,73.2252,6.0463,98.7327,strawberry
82.9636,40.7831,128.9278,22.5047,62.859,6.7297,80.4833,bell_pepper
64.9637,65.9222,97.6701,22.9458,49.9473,5.9283,101.1868,bell_pepper
92.8055,73.6838,76.9932,25.9602,67.5947,6.7646,103.3944,tomato
9.1734,38.0963,54.4065,21.6971,63.7753,6.2026,112.3249,grapes
30.2969,30.6921,44.579,26.5297,79.3833,6.4366,45.2068,grapes
75.4942,43.4921,95.3289,15.3534,64.3583,5.8358,55.5459,strawberry
101.0692,76.5627,85.8247,29.3966,80.7292,5.9228,80.3741,bell_pepper
28.3393,55.7211,76.6441,18.6946,69.3008,5.7616,98.0072,cherry
62.5201,30.1779,44.0681,25.4532,73.7922,6.6133,121.7598,maize
39.938,141.7848,150.2905,19.0615,78.6463,5.917,122.2666,apple
84.7888,22.5478,107.027,17.3681,74.5707,6.6371,75.1176,peach
101.2295,16.669,104.0789,20.7203,68.6266,6.9008,92.112,bell_pepper
109.3976,65.6317,46.4294,29.8356,64.6174,6.7527,88.1834,maize
71.8314,40.1882,59.8004,15.7642,55.0739,7.4787,126.4526,maize
23.655,119.1141,158.9652,23.5092,72.7418,5.7244,129.5863,apple
70.8825,58.5178,72.1773,16.6576,43.8947,6.0134,59.9487,peach
65.0681,31.782,55.254,26.6017,67.6678,6.2913,66.9213,peach
77.8823,41.327,83.2652,16.5639,75.8395,6.0933,131.6328,strawberry
93.6455,54.7422,73.3521,24.738,85.3089,5.8791,121.4671,bell_pepper
83.7341,21.4996,119.0936,16.7123,57.8975,6.3368,126.1533,potato
88.9817,23.1332,57.7723,11.7978,56.2368,7.3246,107.1168,cherry
117.1311,53.4626,75.9112,24.1991,63.6304,5.7986,106.2402,tomato
58.7486,54.7856,71.2279,13.2562,70.7544,6.1577,68.74,cherry
110.6961,22.5564,52.9481,24.4544,60.1991,6.2639,47.5238,peach
59.6345,57.2651,46.0376,27.8952,62.6292,6.366,111.8873,maize
28.7668,20.1995,56.5602,20.8664,49.17,6.0392,101.724,grapes
95.9815,38.7035,137.5133,22.286,64.1125,5.9372,149.8243,potato
136.8152,54.3285,98.7385,19.9773,58.666,5.294,142.6472,potato
49.1012,117.5514,147.6172,21.1956,74.584,6.4161,156.3006,apple
78.7915,41.5249,135.6295,21.2413,75.8466,5.9014,77.5649,potato
128.1448,47.7036,73.9362,23.2675,66.9156,6.6852,77.3162,tomato
74.0776,52.79,82.5823,26.5341,54.3442,7.3372,113.1134,cherry
88.9142,60.6435,81.6207,26.532,67.495,6.0573,82.2614,bell_pepper
88.1972,37.8447,79.4012,20.9308,71.4674,6.3057,98.2859,strawberry
5.9184,50.7725,38.2305,23.694,47.7963,5.3608,122.8404,grapes
13.6794,136.1567,149.3903,17.2359,66.3561,5.3044,111.1469,apple
91.4429,59.4419,77.2235,17.9442,61.8932,5.7498,57.945,strawberry
119.5163,56.6388,75.2292,27.476,75.7299,6.3831,114.0659,tomato
119.9625,48.8541,42.5985,31.1564,64.3455,6.0022,102.6299,bell_pepper
96.9248,56.732,91.9677,17.2965,54.0969,6.1381,64.8475,cherry
122.0816,25.4483,69.1451,23.2691,74.9178,5.3465,49.3938,peach
62.0622,40.915,107.6636,17.769,71.8061,5.3878,73.2503,strawberry
3.9787,58.8506,62.562,24.3951,42.9475,6.1735,118.7976,grapes
106.1833,50.6275,66.6799,20.7465,61.3081,5.6044,83.1353,bell_pepper
102.9783,79.9627,128.8799,28.0153,76.1368,6.4247,109.0702,tomato
95.0177,29.6022,38.7399,17.2029,56.4166,6.4078,34.1173,cherry
90.3749,34.9524,109.4553,17.2908,91.7375,5.7706,107.6224,strawberry
107.3347,67.6238,112.8837,22.3312,56.3474,5.9248,112.7161,bell_pepper
120.2878,49.085,81.5566,24.6144,76.534,5.6151,68.7474,bell_pepper
118.2703,56.1254,104.1842,28.7424,63.9213,6.0646,97.7102,bell_pepper
57.5204,14.2904,56.5318,19.6458,78.4134,5.6804,92.6367,strawberry
82.433,57.0763,87.0619,15.0102,62.4655,6.1743,79.8309,strawberry
67.3378,54.0917,35.7047,16.0057,68.4008,7.0101,94.5283,cherry
82.3649,49.2076,53.2867,26.3087,76.7373,5.6041,116.4503,maize
71.0126,58.6708,115.5912,19.7494,74.2442,5.7347,127.7213,potato
95.7446,56.7697,86.2323,26.5417,63.9584,5.8634,73.9307,peach
79.6369,33.163,76.5095,27.1066,61.2303,6.8758,61.4654,peach
108.0773,46.8847,73.0039,33.2367,72.7359,5.6398,56.5752,bell_pepper
73.6865,41.3582,35.9531,20.3189,51.6834,6.2628,84.7564,maize
42.1634,57.9829,87.7276,17.9694,80.1638,6.2435,97.6097,peach
89.9021,56.6448,49.0811,18.6482,44.4076,6.635,85.2029,cherry
80.4692,7.1778,75.3723,20.7669,60.6712,5.5015,78.2154,cherry
48.8823,54.2715,115.0181,17.7596,73.172,6.192,84.5311,strawberry
74.2801,25.5377,76.1385,17.197,51.252,6.2875,87.4286,cherry
42.2016,46.1741,61.4229,25.3262,65.6143,6.2313,58.044,grapes
104.8516,56.9434,123.8084,16.2566,64.7646,5.9174,137.3718,potato
86.524,49.7168,75.6499,19.183,45.0521,6.043,55.6078,peach
39.5057,135.105,149.2321,18.296,67.0394,5.9558,92.6472,apple
129.6416,31.1052,148.4202,29.5687,79.4407,6.7008,82.3984,tomato
71.1074,32.2592,96.2278,15.7995,78.0016,6.134,65.5075,strawberry
107.6864,67.4371,46.4181,22.7691,86.8102,6.2136,83.3979,maize
37.9018,57.2238,64.9294,19.1257,61.7491,6.423,72.5713,peach
108.5135,56.3652,102.7338,22.4339,75.7007,6.4618,10.4462,tomato
104.4848,73.0647,31.7252,20.9669,56.6192,7.0788,142.7446,maize
64.0877,54.3271,70.9424,31.032,73.0186,6.6623,75.4073,bell_pepper
88.8152,71.0683,90.208,21.8331,65.6399,5.8094,90.5697,bell_pepper
100.2791,56.6927,87.1439,14.3073,77.8742,5.8784,84.4204,potato
103.9676,65.3118,90.4132,23.9403,61.9903,6.2837,62.3205,bell_pepper
92.9442,46.2314,84.1601,27.0015,67.2816,6.9639,75.1707,bell_pepper
114.0057,72.4773,100.1703,23.3956,73.6651,6.4049,99.6193,tomato
80.1658,49.7085,145.7628,16.1046,68.5259,6.26,87.9278,potato
26.9163,121.7511,147.8241,18.135,53.5079,6.365,128.191,apple
80.9272,53.5467,44.7041,22.7978,53.1136,6.4766,97.976,maize
114.4389,51.486,81.8339,24.7498,66.9385,6.0937,73.9551,bell_pepper
127.8497,70.0866,105.6252,33.0967,54.9716,6.3421,46.8014,tomato
79.57,53.4934,50.5865,22.6861,78.7921,7.1794,95.0247,bell_pepper
87.0732,53.9227,46.8654,22.4231,69.9207,6.0371,84.9719,maize
87.4015,56.1443,115.3264,18.8908,62.7095,6.1932,79.7677,peach
33.5236,57.6384,62.0679,24.1339,65.1723,5.5574,80.9375,grapes
25.5372,122.877,137.1525,12.6302,68.0845,5.8675,86.963,apple
76.0262,51.6964,105.7362,19.2331,76.1853,6.0131,102.4601,potato
101.3636,57.3022,95.1427,17.0121,60.0643,5.9253,103.6481,potato
13.9059,145.0,145.6147,18.6584,76.7057,5.9126,115.4391,apple
134.4406,33.1339,82.686,21.1487,56.8297,6.3388,32.1296,peach
26.1868,62.3806,42.0901,23.0614,51.702,6.4309,79.7984,grapes
118.1857,39.0654,94.8256,24.5296,75.7054,6.863,98.9523,tomato
121.3483,50.8711,45.4921,20.0956,64.7483,6.5864,94.5771,maize
102.0152,45.9443,80.386,25.1152,59.7597,7.0749,152.1861,tomato
122.9912,36.4164,80.3163,23.104,76.2156,4.9544,113.0853,potato
54.6579,42.5699,81.5183,21.581,86.0526,5.3802,110.4462,strawberry
119.614,50.3774,74.3003,26.5771,48.7976,6.2443,86.4943,peach
41.9264,35.3222,44.0814,24.2788,58.1897,7.0763,38.1423,grapes
82.8741,42.6401,50.595,27.018,77.3527,6.6955,142.2994,maize
75.8854,60.2909,70.1017,16.0125,54.0605,6.268,67.2479,peach
94.8857,39.0283,29.609,27.2191,49.3308,6.6842,96.618,maize
51.8261,54.1255,50.7943,31.5977,60.9242,6.213,67.1991,maize
59.2236,49.9063,71.6576,16.5602,65.404,5.2746,96.9169,strawberry
81.6846,55.701,33.2401,20.0905,64.2209,6.4258,92.1577,maize
97.1902,83.1293,65.7762,20.7216,86.4102,6.4317,146.1761,tomato
47.6641,129.6794,151.4603,16.2746,85.7614,5.6072,119.7447,apple
16.3512,114.1918,164.9259,18.7602,74.1364,5.9842,92.2148,apple
46.3488,120.4474,142.9036,17.0563,64.6606,5.7117,159.5323,apple
91.2463,52.1862,56.4967,27.557,72.4632,5.8399,82.0409,maize
66.6475,51.5328,100.9879,22.394,64.631,7.0019,79.1865,peach
26.284,124.8193,142.6476,24.5464,70.4034,5.7845,118.7145,apple
82.7604,34.7956,108.0019,20.1378,68.7413,5.2372,152.1397,potato
94.9539,58.8856,76.4219,16.3379,51.0308,6.127,95.9057,peach
78.7132,41.08,66.3534,18.4482,82.9782,6.5098,93.0527,cherry
78.6444,60.9687,100.1753,18.9382,72.3415,6.5203,66.7312,strawberry
92.6952,61.2578,78.9242,19.8192,74.5763,6.5552,95.4005,strawberry
100.1319,29.226,78.2489,24.4129,72.7012,6.3542,65.0405,peach
76.8937,57.1548,87.9056,21.4546,72.6882,5.562,102.5332,strawberry
92.3959,55.5084,94.5223,16.366,77.3746,5.9587,82.7649,potato
64.6195,52.9566,105.5625,21.7537,66.7525,6.6158,92.1505,peach
95.7486,58.4896,64.8985,27.2434,64.5084,6.2164,138.7109,tomato
23.308,57.8611,51.3909,24.3681,49.2566,7.2135,109.4224,grapes
59.3993,46.0533,26.2763,20.7494,72.844,6.379,96.4228,maize
125.628,79.1422,103.8725,31.7628,59.8445,6.1698,144.0519,tomato
59.864,51.1869,83.9633,23.7966,69.3896,6.307,76.7478,bell_pepper
129.9347,48.4935,89.3388,24.5019,80.4754,5.8622,77.6731,bell_pepper
75.4636,45.0456,63.7083,19.1514,74.7315,6.8924,71.0803,cherry
77.8389,50.5131,81.8634,15.0703,59.8104,6.2946,94.3659,strawberry
140.0,35.3367,61.6863,26.9398,65.934,5.6871,50.2204,bell_pepper
108.0964,54.2249,108.3119,25.9904,76.5463,6.5429,154.1112,tomato
106.7493,60.8533,93.7611,28.6515,65.8818,6.6365,122.1696,tomato
85.3173,47.4618,110.2712,21.104,68.817,6.0985,71.2797,cherry
85.9942,45.2731,72.3242,15.1098,61.9479,6.8743,70.562,cherry
20.5201,128.309,163.112,20.2641,61.5117,5.7194,82.4201,apple
32.6007,56.0622,68.9952,26.8515,59.0374,6.5817,26.4634,grapes
26.8639,112.5868,139.5005,15.7801,64.0972,5.8129,72.7901,apple
110.0287,84.5307,71.5398,23.4527,65.8078,5.2263,63.7041,bell_pepper
4.8634,119.7501,145.0432,17.4105,68.2537,6.1974,117.1797,apple
23.0165,50.7836,49.984,20.985,65.3059,5.7859,78.2508,grapes
39.888,38.2086,91.9704,17.7023,92.2807,5.7162,111.0624,strawberry
70.7311,56.6175,69.142,16.5801,85.8882,5.9701,52.5727,strawberry
102.0621,41.7652,80.7654,23.8389,74.096,6.3802,136.2578,tomato
77.3983,43.0535,81.3066,24.2243,62.2188,5.7009,94.6681,cherry
13.0774,112.7648,139.8187,18.7921,58.931,6.468,98.5378,apple
4.2441,61.1668,65.5064,25.0563,58.0062,5.9643,17.4893,grapes
108.9901,39.8167,73.8617,29.3131,55.301,6.262,143.5858,tomato
101.4681,66.3119,95.7361,27.6492,77.8312,6.2721,109.5271,bell_pepper
95.7025,38.1966,39.4635,18.4158,60.997,6.5716,132.6443,maize
69.3819,53.6656,75.0897,17.3702,67.3778,5.7695,97.2198,cherry
84.5643,41.6339,51.5082,26.8237,76.7491,6.728,141.5347,maize
74.7225,36.3196,105.6286,23.107,45.7952,6.0941,95.1854,cherry
138.4128,48.2642,54.3316,30.6666,60.2905,5.6955,132.7189,bell_pepper
38.5286,135.3032,149.5844,18.8999,86.874,6.2239,89.1687,apple
128.401,43.2653,77.3902,16.9835,76.2846,5.9162,84.5403,strawberry
62.084,34.9447,31.1117,22.8624,73.1483,6.6462,122.0639,maize
99.0145,59.7236,47.8006,26.0502,69.629,6.7636,41.1073,maize
100.9441,66.9857,67.2036,25.9294,64.1288,6.3825,135.7119,tomato
76.6149,56.7164,37.9291,26.6116,65.8125,6.9077,93.0088,maize
139.0474,61.3022,63.4328,23.5751,66.3784,6.5828,105.1058,peach
103.707,47.3741,74.2449,23.7285,82.7916,6.5303,94.0207,bell_pepper
81.9401,40.6508,112.7277,19.9347,66.3958,5.7301,91.5938,strawberry
121.4271,62.5163,43.9822,27.2019,77.2573,6.5542,95.0062,bell_pepper
129.5872,65.7742,82.9958,26.3275,80.903,6.5185,87.9339,bell_pepper
30.6812,113.8792,167.7439,18.5143,58.9109,5.9627,65.1147,apple
63.848,32.3929,90.2587,19.8551,80.093,5.7916,81.532,strawberry
70.6488,66.8974,38.0494,26.2555,43.2038,6.9077,157.1254,maize
38.7024,41.4003,52.1834,26.2467,63.5583,6.3661,58.6326,grapes
111.5443,29.3854,82.6531,18.573,74.2634,5.8446,140.444,tomato
67.6041,38.6237,80.0195,16.455,51.9998,6.1595,103.0519,cherry
110.5866,77.3097,57.9413,23.5406,70.7865,6.2311,95.5259,bell_pepper
48.5083,69.3875,96.946,15.4401,74.8367,6.2835,101.2147,strawberry
123.4608,45.0555,109.2041,22.6789,66.3435,5.8512,117.4797,potato
59.6718,44.7027,62.5083,23.7373,60.4423,6.9095,15.2878,grapes
109.9851,24.8022,51.2146,12.4865,52.5747,5.743,136.307,strawberry
103.1487,58.8205,128.9962,20.4988,77.0485,5.6437,93.7803,potato
88.0551,50.1186,82.9399,23.7669,60.758,6.3195,73.5153,bell_pepper
25.7975,50.1989,60.5389,25.4609,49.984,6.3547,88.8133,grapes
132.5072,42.9679,63.4579,24.6171,64.4516,6.0511,145.982,bell_pepper
46.5997,74.3532,75.7801,26.1181,52.4842,6.3536,72.1964,cherry
140.0,53.6305,98.2247,30.6762,77.7131,7.1828,145.6464,tomato
102.4964,50.7591,128.1112,17.1469,60.5109,5.3072,123.3542,potato
38.8303,102.6016,151.2784,20.0398,67.9798,5.4089,91.8575,apple
28.2308,58.0046,51.4704,24.7691,66.2446,6.2603,113.9023,grapes
127.6128,58.453,87.1138,26.9925,60.2581,6.6432,117.675,bell_pepper
78.7541,31.7447,63.9767,13.9267,67.7148,6.717,61.7087,cherry
66.6378,52.9099,39.7766,29.2872,57.3669,6.1569,71.527,maize
108.1879,46.0294,96.0966,23.0197,69.7409,6.8535,68.7679,peach
107.7498,61.0642,54.012,20.9991,69.3689,6.166,46.506,maize
83.4317,54.1015,26.928,22.7386,78.2911,6.0088,136.0033,maize
88.3196,46.1991,48.3649,15.6242,74.6496,5.3839,75.8969,strawberry
114.0319,33.346,70.4804,15.5316,56.081,5.5447,129.5668,potato
32.6655,43.8146,53.6298,27.9285,56.8241,6.1813,66.1779,grapes
127.658,53.2115,84.2209,29.1694,54.8195,6.2083,52.6932,bell_pepper
86.7322,44.8735,72.7827,20.4865,56.8278,6.2108,65.7968,peach
88.3694,47.2529,128.2882,17.0709,64.8066,5.0938,126.854,potato
92.6417,53.912,98.2815,18.1392,77.9838,5.5323,162.5958,potato
10.6317,62.7905,65.2338,17.1137,62.88,6.4593,17.7675,grapes
71.5723,42.1398,26.6734,21.4007,49.6904,6.6577,205.1171,maize
55.4372,49.9052,38.3015,25.146,76.1727,6.0477,89.3549,strawberry
97.8542,32.5116,55.3515,22.9339,51.7803,7.0667,102.5155,maize
140.0,33.133,77.3375,22.9555,75.2639,5.1412,103.9479,bell_pepper
85.6601,38.4273,98.8075,16.455,84.9641,5.5827,116.1578,potato
104.3623,44.3434,133.7512,17.3967,60.2566,5.1682,150.6834,potato
140.0,35.4371,90.0354,26.1963,78.4247,5.8694,93.6749,bell_pepper
41.5381,35.4764,66.4891,22.1242,41.6651,7.2013,15.3698,grapes
67.7197,46.1889,83.3614,20.9065,63.0157,6.712,98.5253,cherry
87.2651,55.4076,58.3332,20.2873,73.725,5.6184,92.4991,strawberry
98.9704,24.6956,148.0098,17.0406,80.826,5.9082,148.1574,potato
61.4982,63.0449,79.414,18.5143,67.7853,5.8981,90.6149,strawberry
53.7622,39.4978,66.8021,23.1246,54.2589,5.9756,44.4734,grapes
73.7509,40.438,54.3357,27.0878,66.9126,6.7164,93.4319,maize
73.787,70.8768,98.2828,21.38,67.4348,5.6848,75.4219,strawberry
96.1506,36.6705,39.4514,18.3276,60.561,6.5819,133.8116,maize
95.419,43.862,91.9743,22.5282,69.7452,5.6955,99.9441,potato
72.391,55.9563,67.4236,21.2232,72.2278,6.7146,57.2538,cherry
87.9965,60.4254,64.5493,19.0563,59.9263,6.4734,67.5428,tomato
73.4054,59.0412,62.6647,13.3086,64.8893,6.544,100.5517,cherry
119.0396,46.7139,92.0999,16.1468,70.0773,5.2126,106.8302,cherry
56.3005,36.4633,30.6175,19.545,76.4697,7.391,88.5729,maize
69.2497,40.5629,70.8088,17.334,63.5287,6.0711,80.3028,peach
79.2113,37.0328,104.4949,23.0402,87.8776,6.5552,94.6179,tomato
103.6259,58.4223,34.5176,21.8711,58.4518,6.6657,71.6265,maize
14.8564,41.7504,36.3905,23.515,62.0002,6.213,58.1156,grapes
77.3521,52.3631,81.6632,19.2357,86.1733,4.4371,111.3555,potato
140.0,45.3638,89.4585,25.4941,77.4542,5.9795,87.1258,tomato
52.7663,53.1402,52.5018,21.9631,67.7692,6.9073,100.7738,cherry
66.8473,40.423,115.7256,19.7057,72.9047,5.4717,130.4505,strawberry
55.3889,33.1384,64.7414,27.2186,64.6316,5.6099,54.3296,peach
104.5041,63.0333,42.5949,22.7442,71.2883,6.8359,63.4201,bell_pepper
9.4931,113.2428,155.4235,15.2496,58.667,5.6097,122.4203,apple
55.744,37.169,31.7773,19.3311,77.4223,7.3865,89.833,maize
118.1845,30.0974,63.6921,22.2997,74.1787,6.0105,71.5794,bell_pepper
76.4224,29.6308,81.86,17.4021,76.2195,6.1957,98.5479,strawberry
48.584,32.6746,73.5499,21.8062,57.2005,6.1426,31.7914,grapes
68.3264,37.6324,78.3464,20.5806,48.8008,6.4576,95.292,peach
60.9192,62.1868,130.3081,16.2064,76.8376,5.4935,112.8069,potato
74.0325,63.236,115.104,17.6244,63.4141,6.2272,68.8772,tomato
117.8678,59.8102,115.4285,22.9718,81.7126,6.4947,80.5082,bell_pepper
89.8594,56.3782,92.0508,23.1814,65.3889,6.1429,126.6704,tomato
63.7801,59.9141,38.8353,24.2742,68.4705,6.2592,109.502,cherry
47.3281,128.8313,150.541,16.3274,86.2418,5.6479,118.0466,apple
121.6474,47.2077,69.1905,16.2451,54.4485,6.1181,62.0086,peach
70.5306,38.2066,73.2027,15.6282,84.0008,5.7247,100.5582,strawberry
50.0085,52.0123,28.0332,27.8234,64.8298,6.3461,75.4991,maize
88.0116,45.8821,31.8684,26.852,68.9017,6.1859,110.7137,maize
21.4216,34.1886,58.3197,19.8871,72.1738,6.1356,68.6008,grapes
76.4212,56.3233,106.6976,24.2324,50.8368,6.5972,118.9605,tomato
114.0502,33.1339,110.9723,15.04,84.8431,5.7509,100.2135,potato
58.5667,54.7675,74.2265,11.7412,74.5859,5.5402,77.6545,strawberry
44.5072,70.5905,79.8533,17.2736,69.6777,7.2146,62.4184,peach
114.2778,46.8684,65.7047,16.9921,59.3723,6.6961,75.974,cherry
3.7997,57.632,61.8838,23.5721,53.0682,6.0974,14.1149,grapes
115.1609,57.2077,113.054,27.7669,78.7952,5.8483,96.345,tomato
19.3529,143.719,137.4636,20.321,63.193,6.9072,139.475,apple
114.668,56.5246,81.7356,25.5941,72.4262,5.6812,38.1127,peach
87.9906,37.7583,101.9128,18.2381,66.831,6.2685,102.4557,strawberry
81.2178,51.7402,84.8922,15.3221,69.8332,5.8465,73.9687,potato
56.9468,24.9341,68.5035,25.4026,45.0872,6.9699,116.0385,peach
38.4238,37.9146,46.976,26.3952,60.9377,6.8482,118.3772,grapes
100.57,26.6974,40.2008,22.7289,63.6594,6.1995,112.1238,maize
93.5274,59.7446,114.742,15.2107,67.8273,5.8895,97.7492,potato
140.0,67.259,115.8138,21.4205,70.1721,5.3089,127.6428,potato
52.0454,47.9901,70.093,23.2525,50.8998,6.3235,119.0206,grapes
104.415,72.286,68.9876,23.7924,69.383,6.6378,61.9696,tomato
78.7543,59.338,47.986,18.5847,90.4416,5.4768,92.7849,strawberry
101.0078,32.0149,90.206,23.0303,47.708,6.2267,48.7616,peach
53.7171,53.1483,84.782,19.1011,72.3799,6.237,99.9415,potato
69.6031,47.6083,49.6923,21.8131,66.6168,5.7718,61.4939,strawberry
90.5986,36.153,75.8435,20.2407,62.7447,5.5191,78.3698,strawberry
121.6858,50.0463,74.0024,18.4839,76.9409,6.2689,79.3516,strawberry
84.225,60.2218,137.0533,24.5943,71.1719,5.1835,130.7411,potato
38.384,46.4428,99.9169,18.742,71.1496,5.9068,99.5257,strawberry
108.6836,41.6635,94.5417,23.765,53.292,6.6003,108.0673,peach
20.2873,145.0,151.4834,15.4935,55.7582,6.4736,108.8346,apple
106.9542,66.2816,81.8875,25.2398,64.1494,6.3553,96.9969,tomato
75.4396,42.8771,35.338,14.1999,68.2733,5.9133,88.1568,cherry
101.3061,67.8081,104.6798,24.2853,73.3395,5.3344,60.9101,bell_pepper
81.5377,56.1539,89.1561,25.8394,64.6123,6.3066,44.592,tomato
86.4611,52.7462,101.2533,25.8437,94.6664,5.5325,106.5244,bell_pepper
74.5424,30.2454,97.1696,28.0194,74.0573,6.0674,87.8312,bell_pepper
80.6387,30.8284,64.7604,16.2649,48.0127,6.632,61.6431,peach
61.2913,51.1362,50.2161,18.2419,81.7134,5.8966,119.6638,potato
94.4114,29.0715,78.1465,13.4084,81.1079,6.1722,70.837,strawberry
97.1195,43.7009,90.3581,18.008,70.6301,5.0713,109.8395,potato
51.9095,62.6207,60.246,14.0561,64.5528,6.1085,101.0277,cherry
125.8179,53.2193,96.457,29.0803,74.5994,6.1063,76.7758,bell_pepper
15.1049,132.2548,147.3855,18.3892,70.5999,6.1269,88.9447,apple
83.4035,72.6556,118.86,22.8608,77.1225,5.4851,99.0935,bell_pepper
35.8703,36.2763,63.5005,15.9249,78.7637,5.7801,80.4869,strawberry
82.1601,29.6085,48.9135,16.0005,77.3988,6.433,99.9497,cherry
111.8824,63.5428,67.037,22.6831,71.5973,5.8043,67.5581,bell_pepper
87.64,44.868,119.6804,14.66,76.7823,5.12,107.2048,strawberry
18.6141,58.2405,31.2711,28.369,62.378,5.2315,81.1089,grapes
118.1116,60.9606,34.6649,23.8086,66.3773,7.0122,122.3897,maize
122.1262,24.6875,75.1464,26.4305,64.3106,6.7187,75.979,peach
109.7979,39.5519,49.5601,16.7246,56.877,6.0854,85.1828,peach
100.8564,38.3447,130.7323,25.4434,67.4355,6.4142,79.2368,tomato
139.1822,47.4935,83.0316,20.1408,70.4437,5.6699,112.7962,bell_pepper
22.5577,135.3386,158.4569,16.9472,69.4221,6.6786,62.8537,apple
67.2463,58.1905,121.155,22.6114,67.8489,5.7294,58.3787,strawberry
59.9976,48.0471,92.3155,17.0117,80.6584,5.5155,109.579,strawberry
117.4403,50.8863,33.9798,23.841,42.0896,5.9475,109.6178,maize
122.8739,35.0192,115.0953,15.3536,77.195,5.5931,181.759,potato
70.4748,46.5116,104.2858,20.2239,54.3963,6.1731,138.9614,potato
91.5338,32.9826,57.9223,15.1197,63.0454,6.4343,59.5051,cherry
59.008,57.2486,74.4197,18.1271,56.7334,5.714,71.8632,strawberry
52.4206,35.8263,46.3312,28.8731,67.5979,6.6112,105.0064,maize
31.1719,58.4169,51.3877,30.0813,50.3578,6.8334,48.5469,grapes
93.9694,49.4024,50.1735,21.3611,78.2745,6.0269,81.1159,peach
57.7355,39.4122,64.4297,20.9779,85.2449,5.9008,40.0879,strawberry
86.1984,37.8443,100.5506,14.6636,76.8966,6.3998,128.4383,potato
83.7224,47.3406,33.6135,26.9824,61.5651,6.2655,125.3165,maize
69.4806,32.4862,128.2855,17.1541,76.0053,6.374,116.0432,potato
68.0432,60.4924,82.1636,12.0499,75.9969,5.1107,144.0733,potato
75.6176,54.6527,109.0912,17.8013,87.4158,5.6844,176.2362,potato
83.329,32.43,69.3621,15.8059,77.5735,7.0255,88.0318,cherry
94.206,58.8472,85.6871,26.434,65.4907,5.5323,103.8166,tomato
73.5486,54.6446,35.5474,16.021,68.5481,5.3732,52.0169,cherry
64.2383,36.7096,27.3844,26.1022,71.1977,7.1226,83.2877,maize
84.5301,41.7016,37.5394,29.0154,55.5913,6.04,160.4616,maize
94.6231,40.1651,49.9824,22.9512,65.1138,6.6648,88.7762,peach
66.8603,40.5597,39.3072,17.0699,63.2469,6.1635,132.8662,maize
108.5075,41.9423,100.7263,16.4744,73.3868,5.2084,95.5578,potato
78.1008,45.8558,94.632,17.2731,72.082,5.9349,78.09,strawberry
98.4542,38.7386,75.8262,22.4505,52.6722,6.4698,102.4609,cherry
85.3017,58.1615,28.2541,26.2043,58.0088,5.759,66.134,maize
62.9716,37.7318,95.2676,23.8618,61.8938,6.2256,67.4759,peach
81.7899,36.7249,67.897,24.6076,60.7939,6.2056,45.1193,peach
120.5745,47.3955,130.6611,21.4105,70.3793,4.8227,177.3763,potato
80.9907,43.6705,50.1811,21.5112,58.8613,6.9471,72.0445,cherry
77.3211,50.6016,66.229,18.2415,66.1051,5.5609,78.6669,strawberry
85.8572,61.792,49.8376,21.3353,59.2772,6.5861,81.5506,maize
67.6586,46.2385,70.9625,21.3118,76.3461,6.4617,87.0185,grapes
56.7943,29.0111,44.226,19.5866,71.7802,6.1146,80.5331,cherry
71.4648,30.3387,78.5606,19.4199,57.8704,6.0399,88.3436,cherry
67.0438,55.2374,70.8838,17.5172,73.4815,5.7155,105.0393,strawberry
95.0911,55.6238,86.5096,18.8692,67.5828,6.741,21.6761,peach
77.9989,49.943,101.4343,17.828,63.9186,6.7571,99.5879,cherry
21.7868,116.1323,148.433,17.2051,59.3519,6.3212,129.2498,apple
103.291,61.5434,51.0971,13.011,60.53,5.9902,77.6814,cherry
133.6788,41.8975,89.8719,28.6548,76.4662,6.1704,122.9641,tomato
73.7804,46.79,41.1011,32.7612,54.8871,6.5063,126.9247,maize
106.5438,47.3607,47.6142,28.8079,72.4856,6.2695,90.3288,bell_pepper
96.4497,50.8237,93.0926,27.5086,82.4378,6.4182,115.9047,bell_pepper
9.3111,44.4896,51.1669,26.1929,56.2101,6.6809,81.972,grapes
85.0101,50.3602,78.5503,14.6138,65.3285,6.0665,127.8976,potato
111.2032,44.7847,37.2483,25.442,48.314,6.0346,139.3249,maize
50.0004,49.8178,112.0539,18.722,80.4737,5.24,113.4984,strawberry
79.6588,54.6235,62.5439,14.3108,64.0186,6.0728,63.4493,peach
35.5168,35.9452,49.8612,25.9511,68.1224,5.9507,48.7918,grapes
24.9815,41.3131,59.212,26.2871,51.5758,6.0978,76.5136,grapes
64.5016,38.4251,64.1157,23.6398,58.3083,7.0075,114.932,maize
35.0008,41.2962,54.4106,27.1923,59.7453,6.0957,104.1798,grapes
79.0358,106.4181,133.3083,19.4958,57.3102,5.3502,17.9891,apple
98.9163,34.7807,73.6757,29.1065,72.0224,6.605,80.3249,peach
87.3076,37.6625,72.1765,22.5297,66.2603,5.7123,77.3946,strawberry
12.4447,130.3257,144.0474,17.9852,64.6138,5.983,112.7402,apple
58.9331,51.876,85.8325,21.6795,57.0389,6.5029,71.0384,peach
44.7031,126.6401,160.8759,16.5724,62.0838,6.0902,59.2513,apple
45.6317,63.6245,45.3768,24.0921,50.5171,5.5446,48.1638,grapes
89.5704,72.0649,32.0162,24.4809,57.7277,6.2146,103.5022,maize
59.6478,56.2479,47.0917,27.829,62.4755,6.3803,108.7669,maize
106.4155,67.2379,88.4643,25.6327,67.5384,6.2616,45.2383,tomato
82.9425,30.4598,71.6745,22.0592,69.5076,6.2875,122.5873,cherry
124.0742,47.4965,92.6998,28.6764,69.6017,6.9095,118.1653,bell_pepper
82.8939,33.8258,69.4796,21.663,53.1231,6.3309,78.7397,cherry
75.2806,36.4808,75.1767,19.0969,62.6793,5.8364,62.8773,tomato
72.9865,63.2891,87.1643,19.2638,67.9659,6.6509,47.8429,potato
41.7756,50.2036,80.1168,17.8646,59.47,6.7009,48.4065,cherry
26.3608,52.3432,52.1683,26.6108,48.9525,6.334,58.2444,grapes
89.5831,39.4663,132.5782,22.7321,76.0654,5.7174,48.9699,cherry
78.5463,69.0698,26.28,25.1693,56.0019,6.7466,112.5363,maize
76.5839,47.5672,78.9285,20.7344,67.4953,5.5385,66.5405,strawberry
138.2245,29.5436,130.4084,22.0167,64.2902,7.0299,103.8878,bell_pepper
44.2983,44.5347,58.1891,27.3045,42.7678,5.7742,19.5251,grapes
70.026,25.8393,46.8915,30.2731,77.6753,6.2606,106.3246,maize
40.4833,106.4156,149.475,17.5684,54.3657,6.4339,121.7887,apple
107.8838,47.7548,88.9814,25.6957,68.5557,6.6123,115.4789,peach
108.3988,66.5549,59.1698,25.1127,73.3654,5.8883,91.3689,bell_pepper
20.2937,59.5579,52.3601,25.7457,54.2803,6.3457,36.6319,grapes
40.6816,104.1887,151.4167,20.1683,68.2424,5.4608,90.86,apple
69.4996,36.3912,88.3409,13.9933,72.9203,6.0611,84.6596,cherry
35.0907,126.1163,142.5455,17.2598,68.9098,6.488,120.3375,apple
78.2341,59.1409,84.0001,18.4306,73.6129,6.0239,134.236,potato
66.4872,72.3031,126.3032,28.3493,65.8591,6.3086,72.0982,tomato
121.3521,60.9416,80.9022,29.0582,89.4295,5.1475,116.4174,bell_pepper
78.7892,38.0166,71.0646,17.2374,82.616,5.1187,116.0689,strawberry
107.2516,53.6798,74.6624,20.6972,55.6936,6.9079,87.534,tomato
138.8172,52.0424,67.5252,26.1166,55.8934,5.4564,116.7253,bell_pepper
68.4141,71.0461,41.0048,30.2155,78.0091,5.7762,78.1709,maize
124.67,76.1764,66.9241,25.4869,81.4641,6.4404,49.9112,tomato
81.9446,47.5677,38.7652,23.9325,64.6051,6.4766,23.7994,maize
9.8804,120.0343,144.9254,15.8181,69.2522,6.4007,120.464,apple
82.5116,59.7511,42.6582,26.2141,60.334,5.6527,113.8925,maize
110.6532,10.1375,81.4965,20.2394,80.732,6.033,131.7238,potato
91.7527,18.3931,125.2695,12.7961,77.6911,6.3097,135.472,potato
80.1745,51.9566,125.206,21.0525,82.4941,6.0008,70.2827,strawberry
121.7133,42.0156,61.1356,18.8165,38.6002,6.6427,59.0248,peach
31.4873,30.2111,61.4066,27.0753,48.5809,6.2642,86.0346,grapes
66.6228,57.2572,67.9245,25.8538,59.7181,6.2451,56.2818,tomato
103.6296,57.2469,68.5066,20.6906,61.0825,5.8432,84.5589,tomato
113.2799,60.1113,49.1139,21.3645,80.4932,6.6211,92.6074,maize
30.2293,71.0821,59.1988,22.6849,49.9253,6.2317,39.6327,grapes
84.2772,44.3241,29.0177,18.7435,68.5708,5.3656,65.2066,strawberry
113.7786,31.6256,83.1349,19.2461,64.8506,7.2794,87.0123,peach
99.0512,47.9527,40.3125,24.9431,73.142,6.4326,67.5034,bell_pepper
21.0068,41.3041,85.8404,20.0027,55.4767,6.4935,71.8114,strawberry
108.8325,41.0783,115.0276,25.616,56.9792,5.9752,70.6785,tomato
19.8068,143.941,136.412,20.2859,63.2547,6.9001,135.1486,apple
73.105,51.2843,93.0238,17.059,69.6158,5.6103,116.2635,strawberry
9.1849,38.6163,33.2452,28.7243,46.5054,6.1641,124.8395,grapes
58.0307,65.0857,127.103,21.6134,77.2645,6.1328,115.0507,potato
94.6057,62.0404,80.5721,23.2837,66.339,6.3925,69.0465,peach
96.3344,39.6005,57.4275,16.7733,81.9484,5.3756,106.6005,strawberry
110.5916,48.5493,66.2132,26.6534,72.8795,6.3946,100.8413,tomato
77.2358,46.5362,89.733,21.2317,68.8385,5.8107,73.2806,peach
83.8967,41.1733,57.4731,26.8914,53.2939,5.8423,90.9506,bell_pepper
37.2174,43.1334,48.6512,27.0224,61.9016,5.7244,35.7913,grapes
80.7521,39.2392,64.0257,24.6049,53.2778,6.6148,98.381,peach
105.0488,48.4877,94.1795,16.0739,54.0534,5.7718,116.428,potato
9.6063,38.4911,32.5667,28.536,47.2917,6.1797,122.9533,grapes
28.0482,47.201,52.8516,29.7764,50.2067,6.5214,77.0434,grapes
136.4025,45.2542,111.6419,22.125,74.4503,6.8003,69.1493,tomato
86.9114,57.1953,90.9266,16.5228,83.5751,6.4215,96.1127,strawberry
77.5885,42.4438,56.0096,25.7878,84.6622,6.4371,90.9567,maize
116.6124,42.8711,100.8082,22.9064,81.2893,5.8345,80.2888,tomato
102.2857,36.0831,74.2493,22.7118,43.3074,6.538,109.5613,peach
111.2101,58.8978,110.5187,26.1528,72.2842,6.118,63.8247,tomato
111.8208,65.2102,87.2245,26.3642,60.9244,7.3392,79.742,tomato
107.2097,56.5258,89.2245,13.1369,71.9684,5.745,62.5149,cherry
91.7979,56.4959,70.539,23.2349,66.4168,6.3243,45.8179,peach
56.3921,30.7209,80.3103,20.7165,80.0756,6.0083,97.8588,strawberry
110.7292,53.2654,67.4074,26.2813,84.7739,6.4351,71.4297,bell_pepper
21.8086,65.5254,63.0248,23.1259,51.4927,6.649,117.0362,grapes
98.152,15.6796,73.5322,22.9505,58.2004,5.3626,118.7473,peach
28.8324,29.0981,67.3675,24.6778,51.9024,6.732,13.1564,grapes
67.0927,46.3869,80.6015,26.8051,53.9154,6.0059,100.0773,peach
72.2333,44.071,86.9316,19.8108,58.708,6.1509,114.4773,peach
119.8546,49.1338,128.4411,15.4048,64.6795,5.6535,158.1204,potato
83.3734,45.5413,132.5137,21.8833,65.9943,6.5504,6.5489,tomato
57.7289,49.2674,67.9561,18.0226,44.9465,6.0483,128.3807,cherry
94.6278,81.4528,42.6193,23.6786,71.5926,7.0832,137.5575,maize
44.9753,32.9119,82.1758,19.3666,65.2102,5.5376,99.827,strawberry
66.551,56.362,80.6966,16.2294,83.0842,5.36,104.8963,strawberry
108.843,58.9697,138.4473,22.9324,51.2643,5.2014,112.0974,tomato
86.824,41.9104,65.9349,16.1298,56.207,6.3343,94.7706,cherry
7.0778,106.6953,167.2729,14.6573,84.5425,5.7815,103.4455,apple
19.9354,127.4779,165.2064,16.3139,76.243,6.407,100.8183,apple
83.4335,42.3821,43.8454,25.6518,84.2527,6.7989,140.2944,maize
22.219,121.9724,153.1929,24.0082,75.9662,6.4017,105.184,apple
55.983,54.4267,88.8088,15.7121,60.2338,6.3551,106.2978,strawberry
123.9585,42.6761,56.5144,25.2763,80.5167,6.4328,94.1867,bell_pepper
67.42,45.9458,68.3788,22.254,59.9244,6.7981,100.3308,peach
111.8711,42.4426,56.0293,27.6043,81.7859,6.2399,89.2195,bell_pepper
8.9395,116.9356,153.415,11.0926,71.7779,5.9788,77.1601,apple
90.3664,54.3071,64.0092,13.2428,61.4583,5.3176,102.2603,cherry
58.4272,64.3874,87.0295,14.7403,51.9745,5.7428,138.7211,potato
27.9689,138.4095,154.0299,18.2675,86.527,5.6399,165.8284,apple
84.9177,29.8789,106.1802,25.0426,68.4148,6.8449,132.417,tomato
104.3662,54.4322,27.4371,26.0855,45.6911,6.2879,144.6859,maize
140.0,58.7763,55.2411,27.8641,74.5732,6.1001,123.5907,bell_pepper
58.7438,50.4442,81.0646,14.3549,73.9672,6.0955,78.3408,strawberry
89.4256,58.8146,152.1496,24.8302,66.3964,6.5555,61.746,tomato
71.7281,37.4914,53.4945,16.8625,71.5864,6.075,50.182,cherry
118.7528,39.8238,80.6958,28.057,60.9536,6.3548,70.8099,bell_pepper
95.0843,54.882,34.6797,24.3749,84.9804,6.4319,82.4202,maize
19.1222,43.9441,54.8602,26.0809,35.5331,6.1196,21.937,grapes
90.8258,58.0079,125.2431,16.8874,62.6032,6.1836,71.9054,potato
88.1456,42.9337,32.6924,26.8804,68.5071,6.2403,107.8827,maize
69.7086,31.6584,90.3313,26.9564,68.1609,5.8357,114.7744,bell_pepper
86.2822,30.8682,77.905,18.0212,77.2234,5.5679,40.8156,potato
98.8708,35.4413,52.4004,24.0074,58.6903,6.9818,103.0561,cherry
32.7116,114.5803,156.4141,25.2173,76.4482,6.4148,145.354,apple
121.1921,19.3064,92.7,26.9351,87.6727,6.4109,166.5602,tomato
26.9455,125.4576,140.834,24.0759,71.115,5.7621,120.1724,apple
101.7834,64.7192,104.037,29.2064,77.6298,6.6751,50.8535,bell_pepper
98.5057,59.6598,43.2709,33.7684,74.989,6.5479,73.9858,maize
57.2903,38.973,89.5058,22.9877,64.8253,6.3097,82.1237,cherry
64.7587,43.2097,107.8069,20.9487,67.8363,5.3487,40.4534,strawberry
105.3973,38.0138,43.7209,21.485,60.7315,6.9733,109.0844,maize
43.1597,63.2597,73.3982,25.6587,62.3646,6.4528,90.3046,grapes
26.6503,124.4441,140.4668,24.2032,70.2685,5.83,119.5109,apple
135.1067,32.3651,79.3041,27.0596,45.4338,6.1918,117.1369,tomato
121.302,67.6345,63.8607,19.5047,84.456,6.7087,112.5167,bell_pepper
131.8029,79.0838,58.3875,23.3189,66.0686,7.1732,111.2605,tomato
59.0547,27.8063,99.6442,19.2812,94.1603,5.7591,116.4524,potato
132.6334,55.8259,50.3551,25.9774,66.4776,5.7171,82.0746,tomato
88.1065,65.2917,39.674,27.4148,69.9883,5.8397,65.1761,maize
96.9779,31.278,35.2149,21.4187,64.7764,7.0251,174.9964,maize
47.8101,109.2878,147.8366,17.3605,81.6425,6.3834,108.8175,apple
57.5292,46.7653,59.3277,20.7493,68.8418,7.1077,17.0833,grapes
101.6987,51.6283,102.9401,18.5747,74.6897,5.7279,150.415,potato
99.3414,50.3384,71.9607,21.5085,69.7332,6.1043,80.6792,cherry
104.6439,32.3407,58.336,24.6455,41.0776,6.2455,126.5529,maize
21.1632,60.1654,50.7939,30.5739,35.4266,6.4313,68.8805,grapes
16.4494,118.7647,153.6432,19.3084,63.9395,6.8081,113.2134,apple
80.6004,48.7648,84.6578,19.0999,60.7145,7.0388,80.9403,cherry
15.9297,120.8605,165.582,15.9797,74.8149,6.3522,164.2325,apple
35.0827,58.888,61.4905,24.0047,63.8977,5.5838,80.089,grapes
140.0,68.7348,96.8972,17.0432,63.0876,6.3762,93.4976,potato
69.2561,121.6036,147.8002,14.4729,55.9948,5.4768,148.9032,apple
140.0,70.9563,108.3597,28.1392,85.8166,6.9197,90.2275,bell_pepper
27.5184,57.7032,50.6829,25.004,65.6017,6.1578,112.8913,grapes
77.8297,49.0881,99.5684,14.2713,76.1993,5.5117,84.6013,strawberry
83.7841,75.2852,141.832,15.8986,66.6342,5.9125,124.6827,potato
92.8288,49.2196,94.1612,18.3292,86.8767,6.4009,83.6156,strawberry
99.7463,62.8883,70.1645,26.928,53.8777,6.1136,59.7217,peach
43.1002,36.3135,80.7804,18.9656,80.8601,6.4664,84.2227,cherry
101.4831,50.1864,93.2906,27.8436,63.8511,6.9039,94.8764,tomato
91.1921,35.7495,10.116,20.9858,60.4723,6.1375,160.3219,maize
101.7079,26.5967,37.1784,27.2716,52.0275,6.4607,105.924,maize
97.5235,64.4328,93.6342,26.6512,62.997,6.4963,107.1025,tomato
106.317,87.9843,77.33,29.7441,78.3008,6.0806,85.1767,tomato
114.4666,60.3483,87.7092,20.3341,43.5642,6.3403,67.2461,tomato
88.785,42.0446,90.6389,16.4527,59.0255,5.4025,79.8813,potato
89.9377,71.579,115.7962,22.8037,79.6406,6.4818,101.6997,bell_pepper
123.9898,66.9341,42.8287,25.1147,67.093,6.0831,88.5914,bell_pepper
111.1208,48.8741,84.5733,26.0342,75.759,6.7155,124.0253,tomato
22.4136,122.8476,146.49,20.3982,57.6227,6.1502,82.0997,apple
76.3806,32.4419,33.5114,28.6165,63.2358,6.7272,17.259,maize
89.2052,60.4028,81.0042,18.354,74.7811,5.9583,89.2322,cherry
39.7451,133.1246,141.7614,15.4859,76.1292,6.0754,136.1716,apple
93.9666,65.2463,84.0861,25.6884,84.5463,6.8318,149.3333,tomato
68.9493,50.3957,60.1846,23.4887,59.0934,6.197,73.9479,peach
83.8724,60.9279,117.8244,14.8098,69.787,6.1876,98.2896,potato
131.1636,49.8106,94.1693,20.4638,68.1697,5.0634,123.9042,potato
131.2159,59.4591,100.1844,24.6738,80.6461,6.8227,52.6612,tomato
115.3633,37.7001,124.44,22.5379,73.6338,6.909,105.5377,tomato
90.098,43.2996,61.8481,13.7712,56.1001,7.1317,63.0133,peach
129.3694,48.721,97.0721,16.6014,71.9776,5.8102,144.5889,potato
96.1622,75.6023,100.8406,22.4095,58.3292,7.0703,70.1704,tomato
103.1531,42.8935,87.2895,26.3721,58.667,5.9077,82.569,peach
79.0961,40.9281,145.58,21.0653,82.6397,5.9969,124.2839,strawberry
84.3354,59.3136,50.1044,15.7623,62.2772,5.7861,83.9335,peach
95.0574,53.5908,92.2442,25.7739,90.3978,6.0142,100.4235,bell_pepper
60.0231,59.3232,38.6872,26.4214,57.9978,6.4047,115.6509,maize
16.1308,132.2803,155.8281,18.245,77.701,6.6461,159.8949,apple
87.9396,78.229,74.6254,22.8075,61.7749,5.9791,143.6301,bell_pepper
129.1537,48.359,71.1656,16.898,77.5285,5.2258,129.0507,potato
77.2226,62.0622,43.9763,26.3636,85.847,5.7021,76.1182,bell_pepper
73.6158,31.0123,69.9715,23.0195,64.7838,6.7848,66.0124,peach
72.2858,26.8464,109.0508,17.1458,51.9936,5.754,96.8756,potato
139.707,59.9807,86.7046,27.8459,59.1865,6.4702,130.9778,bell_pepper
140.0,54.5419,79.7498,19.9447,87.5764,6.0709,107.5267,tomato
59.2807,37.1917,38.4341,22.1327,59.8158,6.1413,112.7456,grapes
74.3813,37.1378,103.8056,23.1307,82.6268,6.123,78.3076,strawberry
124.6322,44.2456,94.1651,30.9524,68.445,6.1296,78.0261,bell_pepper
7.8673,125.4766,149.0644,17.4949,69.0769,6.0037,145.7796,apple
80.8331,33.0084,50.9647,15.8318,61.1022,6.1544,108.8602,maize
80.4518,50.4606,40.2777,23.7769,52.2321,6.0149,97.3432,maize
104.8565,30.7804,145.4358,21.6653,93.7897,5.5503,107.7218,potato
25.8193,110.2072,169.0874,22.3877,71.2945,5.3846,174.7067,apple
100.4942,81.2925,118.4643,23.4999,88.3898,5.2887,149.9995,potato
90.2126,49.005,65.5892,17.126,60.8977,6.8438,93.7974,cherry
39.7841,138.1492,129.8164,17.2406,81.9509,5.9808,140.3333,apple
113.6889,63.9393,86.1523,28.2429,65.5244,5.1729,78.2752,bell_pepper
81.542,57.9967,115.8755,20.7224,39.9355,6.4679,70.6997,peach
115.6933,46.2787,37.3863,27.4921,58.6852,6.1662,102.6471,maize
126.3704,46.7213,108.6712,16.7667,85.3785,5.529,96.5587,potato
68.5559,64.1817,49.7376,28.98,64.9357,5.9799,69.1777,peach
83.7524,37.0934,94.8001,29.4704,68.1638,6.2447,96.471,bell_pepper
93.3732,26.5941,82.8641,24.7703,35.659,6.4476,29.447,peach
44.1802,49.6814,60.4549,27.4531,49.8524,6.0019,155.362,grapes
8.8736,37.4892,65.0177,18.0321,53.098,6.6638,13.8155,grapes
63.9201,54.0595,52.8369,23.7866,62.956,6.4334,32.1105,maize
84.8169,66.4648,97.7998,20.4796,97.7091,6.5749,89.6619,bell_pepper
26.5746,49.0453,39.0964,27.5534,62.4638,6.3411,61.2303,grapes
77.9541,62.2286,128.9047,25.6962,52.0717,6.1139,114.3938,tomato
122.3761,60.6259,74.6111,26.11,48.4733,6.4639,129.4065,bell_pepper
7.4883,135.1093,144.1658,16.6859,75.2065,6.808,162.9492,apple
5.1804,129.355,138.0727,13.0223,73.2995,6.5144,106.4798,apple
117.8323,43.725,116.206,17.7455,63.2213,5.7398,115.9912,potato
103.1167,40.6657,67.5532,25.2504,79.9392,6.1184,82.658,bell_pepper
45.1881,62.7579,46.4573,24.0613,50.0828,5.5481,50.2227,grapes
140.0,77.809,66.6679,36.2199,74.9213,6.3181,73.2211,tomato
75.5451,55.0947,86.551,14.922,83.1312,5.525,54.4885,strawberry
113.9231,51.2438,34.1275,24.3471,42.1231,5.9487,104.1151,maize
104.5824,57.8236,134.6196,24.2015,55.0093,6.0258,43.6208,tomato
131.6732,52.5973,152.2003,16.541,83.5329,6.0557,122.1435,potato
18.7527,138.1891,156.1137,17.6289,69.9809,6.064,131.8942,apple
26.7476,49.5397,40.4245,27.789,62.7277,6.2983,62.019,grapes
77.3913,33.5636,39.1778,14.4546,46.8431,7.0397,95.7619,cherry
5.8593,51.0051,41.2647,24.3448,52.1439,6.2668,101.2855,grapes
114.1722,41.3907,90.1325,21.1282,75.6747,7.4012,97.1699,bell_pepper
121.7854,18.2314,57.6808,20.1773,92.0259,6.8162,96.2605,bell_pepper
68.2049,42.6356,65.9019,17.229,64.2971,5.9538,85.4381,cherry
54.273,72.9065,42.3631,22.4806,65.5165,6.6635,31.432,peach
89.1428,39.6539,92.3942,25.3699,55.7478,6.0242,97.664,peach
50.2126,50.5711,58.9366,27.1169,32.8619,6.6797,53.2773,grapes
62.0413,37.3299,57.3429,21.2692,61.9667,6.9166,58.8269,cherry
84.9597,25.9576,75.14,11.7807,75.1506,6.2838,88.8147,strawberry
3.6353,123.7881,152.82,15.4794,60.6503,5.8666,129.8504,apple
44.3459,58.4809,42.1157,26.3763,56.7227,6.5572,70.4093,grapes
83.3648,38.0075,80.4675,19.1453,78.2938,7.489,58.937,peach
72.5746,27.3717,77.1448,18.8031,62.1966,6.5129,94.8543,strawberry
5.9566,46.5827,58.0066,27.2731,69.6871,6.3274,93.0288,grapes
11.6485,112.6627,142.8022,20.2134,50.1711,5.9604,104.5481,apple
120.1537,56.4066,63.4775,25.737,55.496,5.6904,130.7489,bell_pepper
131.6029,40.8686,109.1389,22.9678,65.9329,6.582,114.7453,tomato
71.9667,34.0404,72.8048,14.4036,56.343,5.9749,39.718,cherry
69.5614,67.0599,49.4022,19.4958,69.2947,6.4984,71.9637,cherry
47.053,59.3046,68.5998,16.9494,49.1119,6.3352,82.5868,peach
44.5506,62.9717,114.3822,27.0116,68.5376,6.7541,129.1761,tomato
63.841,35.8546,57.4672,23.3768,54.2676,6.0167,97.8389,grapes
104.0368,57.3023,25.6373,23.1772,66.5636,6.7217,139.2962,maize
101.2304,56.9892,77.1882,25.8353,60.3655,4.8937,108.205,tomato
24.0673,52.4958,65.9685,18.8248,59.3191,6.3114,45.3829,grapes
74.6463,54.227,40.9314,15.6757,60.4957,6.7883,44.2193,maize
94.6104,48.0143,71.214,17.141,58.7024,5.9448,108.0568,potato
75.9273,65.2866,48.0317,28.1468,67.6288,6.4687,69.9938,maize
92.8042,27.4074,33.1816,28.1504,81.0977,5.9008,91.5317,maize
106.4187,62.4751,54.4316,26.203,75.0154,6.1412,70.4245,bell_pepper
63.7701,47.0511,73.9536,28.2798,55.0833,6.0805,154.7663,tomato
61.8948,21.4984,70.7732,26.5425,60.2663,5.9854,71.6468,peach
88.3938,61.8408,99.0258,18.4721,84.4551,5.405,109.0191,potato
88.0843,42.6339,60.5921,18.5674,61.2211,7.0785,114.085,cherry
86.303,47.2661,95.2554,23.6335,49.6588,6.3867,97.1462,tomato
108.2743,33.2177,85.439,24.9634,70.4914,6.1552,93.9216,bell_pepper
90.627,57.2548,42.6038,22.3926,64.4054,6.6043,49.5256,tomato
45.2423,53.4376,100.4637,29.023,76.0403,6.1407,135.8947,bell_pepper
33.3958,120.0106,143.9644,16.93,69.6989,5.3003,82.297,apple
15.8504,20.1363,53.2721,24.9708,49.2373,6.2614,89.3427,grapes
70.5761,54.3483,38.9278,23.3521,70.6755,6.3328,95.5917,maize
14.0187,51.2481,45.1772,22.4685,67.0183,6.9394,125.7401,grapes
75.2254,54.4386,64.2205,22.2096,61.8925,6.5713,55.5929,peach
49.9088,47.3166,44.5041,13.85,65.9738,5.4713,91.4696,cherry
104.6664,45.2345,31.9512,25.0612,62.5497,6.3328,96.5846,maize
87.4223,55.0083,73.4552,19.8215,78.775,5.5295,103.1658,potato
81.7163,36.1128,60.7116,14.8737,75.7065,6.9483,68.8884,cherry
4.2094,48.8963,70.1443,20.8532,55.2975,6.4862,18.4695,grapes
67.4128,58.8811,63.6779,23.7991,65.0689,5.9255,95.8266,tomato
87.2372,48.6869,73.8766,24.1812,57.3846,6.3327,92.8899,peach
26.332,56.1563,72.0358,23.7787,70.896,6.3966,94.0457,grapes
82.0617,48.9002,91.696,23.0192,60.0989,5.9566,113.419,tomato
14.5508,38.8576,69.3188,20.588,69.7945,7.4276,65.7436,grapes
77.1862,30.8257,50.2326,22.0431,76.9821,6.2486,83.725,maize
33.3085,134.3035,150.868,18.9092,68.9919,6.2913,74.2727,apple
69.6986,38.5777,60.7031,22.7007,54.0535,6.9588,55.3158,cherry
104.2194,41.8103,90.9105,10.0078,75.4881,5.6062,88.9709,strawberry
49.1382,112.5963,145.2073,17.6506,76.6032,5.9533,110.9096,apple
135.5421,43.1008,90.9727,14.1483,57.1767,5.8348,111.0983,potato
62.6608,52.1721,81.2022,18.1134,80.5043,5.8834,109.8726,strawberry
92.6302,75.4181,70.3866,27.2739,77.1561,6.4024,154.3372,bell_pepper
70.1569,42.975,106.518,18.6084,80.6188,5.8547,137.4197,strawberry
140.0,44.9236,151.4213,20.7349,78.5833,6.7309,66.5503,tomato
121.7589,67.2673,52.7926,30.9416,64.0481,6.9167,77.6893,bell_pepper
4.7475,116.5287,146.213,19.9836,65.1092,5.7546,86.8955,apple
86.1097,38.7257,135.9898,18.8117,78.82,6.4364,152.8029,potato
102.0858,20.6065,118.2574,16.5358,61.7632,6.3449,90.3155,peach
74.6298,51.3541,42.6956,23.2964,62.2113,6.1859,46.2573,maize
106.3434,72.9218,64.4968,30.4442,65.7845,6.478,71.7119,bell_pepper
104.144,41.0096,67.3654,17.6854,41.7534,5.8864,99.6439,peach
86.477,40.7961,97.0211,29.439,88.951,6.5874,113.0085,bell_pepper
67.695,46.2109,84.0801,16.1921,91.0543,5.5463,127.0198,strawberry
106.4765,73.1744,119.8518,16.0554,71.5729,6.1897,78.3397,potato
87.854,62.8886,48.636,21.4561,58.931,6.5992,85.6893,maize
35.8194,47.8632,92.1147,17.1496,69.4547,6.0474,61.2192,peach
113.1735,56.2826,115.3239,29.3583,62.218,6.5036,99.757,tomato
52.3913,27.1686,82.4414,14.8802,72.4172,5.6044,83.2407,cherry
95.8806,51.9856,86.9319,20.1932,49.1454,6.4261,54.1638,cherry
121.2349,56.8197,100.5194,19.857,79.9426,5.6694,126.5275,bell_pepper
55.1181,61.3991,86.4442,27.5656,74.6039,5.9667,84.9387,peach
36.6888,57.9162,70.2595,22.4795,56.9864,6.2242,128.5504,grapes
7.4451,106.886,159.6394,11.2188,65.2077,5.7397,85.547,apple
79.5777,70.8874,125.0566,25.0105,59.2927,6.3185,100.0712,tomato
129.3212,41.3855,122.5691,28.6446,80.9991,6.6429,146.365,tomato
79.3036,71.6577,130.3601,26.7979,66.6224,5.6279,120.8375,tomato
111.3177,57.5992,128.7589,25.131,88.2182,7.3741,60.5363,bell_pepper
88.7223,63.4285,132.8735,19.3301,70.8214,5.1256,98.1832,potato
91.4391,52.7753,81.268,15.7421,68.9946,5.5188,67.857,strawberry
95.4605,68.9398,119.7263,15.8671,72.5921,5.5266,109.6584,potato
128.3944,59.947,103.2566,20.4235,73.6267,5.0628,121.2158,potato
116.3236,53.8803,150.1285,24.1526,61.7063,5.1641,114.3315,potato
89.5905,25.0889,112.219,15.568,68.964,6.0813,91.1752,cherry
51.3994,44.8222,72.9121,22.9512,72.3324,5.8833,83.4846,cherry
65.0102,118.585,166.2447,14.5887,80.5195,5.7822,93.931,apple
88.5222,36.4983,34.5963,25.5899,73.2797,6.0116,129.9472,maize
81.2477,53.9189,109.0883,22.2291,67.2582,6.4249,62.0564,potato
94.1377,60.9844,32.5022,21.2865,69.0856,6.3746,41.0955,maize
140.0,73.8753,41.2263,26.0321,69.6825,5.2786,66.7427,bell_pepper
83.2366,69.3804,109.0333,24.2873,77.2275,7.2733,113.8895,bell_pepper
64.0855,45.1141,68.5442,21.1574,50.3666,6.553,185.1592,peach
16.0775,70.6078,42.9134,23.5255,69.5691,5.7885,54.2471,grapes
82.6112,44.4949,72.2122,19.2346,58.372,7.4696,102.1398,cherry
117.1579,48.65,111.758,25.5817,63.9936,6.8065,77.4519,peach
47.2828,41.4885,59.8604,18.5004,53.2116,6.8614,107.8371,cherry
131.867,45.8348,129.1079,17.7998,74.8569,5.5143,97.3297,potato
120.01,38.7427,85.3799,22.6177,57.9271,6.3503,106.1063,tomato
102.6877,42.7433,70.6264,25.2639,64.9988,7.4259,126.5169,bell_pepper
88.1515,73.7396,120.0419,20.674,73.1662,5.4524,146.0412,potato
70.1312,60.7916,86.1856,19.878,76.4448,5.2553,93.5954,potato
85.9475,55.0196,99.4656,24.7411,87.7692,6.2156,101.7256,tomato
105.7893,54.7093,52.4012,21.6123,47.0927,6.3066,69.2784,peach
74.7783,35.8767,22.823,20.0864,66.4182,6.8223,84.8906,maize
25.514,34.5536,80.8002,21.358,63.0517,6.1203,95.6701,potato
88.2282,35.8549,38.9676,22.4694,68.5991,6.743,138.3091,maize
65.4381,33.6775,123.6565,25.8458,83.2709,7.1378,143.5911,tomato
135.3478,38.2478,90.7699,26.8826,79.5084,6.4435,129.3924,tomato
69.1032,64.1408,73.4339,19.5205,66.451,6.3886,103.7179,strawberry
101.1822,66.088,75.4793,20.624,60.7896,6.2395,110.1706,tomato
12.9662,110.6508,139.5369,20.0874,50.3472,5.9843,104.1486,apple
10.6073,78.5826,46.2829,29.7011,45.2476,6.3869,87.102,grapes
9.9836,50.3588,57.1124,27.9032,62.4735,5.972,86.1214,grapes
55.1568,43.3745,36.8629,19.9701,84.9191,5.9319,65.1184,strawberry
75.8519,45.1283,63.2138,27.2786,72.9878,6.2867,97.8231,maize
110.6135,55.7267,95.6267,24.7225,59.7934,7.1079,51.486,peach
97.1056,24.4768,84.0388,17.8229,64.5714,6.9691,84.6117,peach
4.5392,117.7062,133.8495,17.315,65.5894,5.7824,123.108,apple
112.7588,55.3059,97.2088,25.1977,44.3168,6.2879,101.1224,tomato
32.8435,134.0183,153.3774,18.8022,68.4094,6.3347,77.7386,apple
17.9209,121.4122,130.5129,15.1402,83.3164,6.148,144.8171,apple
84.4716,42.2564,51.5432,21.9158,78.3694,6.2944,105.0413,maize
34.4839,38.2069,49.9316,22.9686,62.1971,7.1914,17.3351,grapes
85.7735,71.2693,69.3469,25.2021,85.0476,5.8655,76.8418,bell_pepper
99.6236,69.5314,72.3619,17.6144,72.5367,5.8029,121.6289,potato
6.2488,128.213,151.4813,18.8575,69.9993,6.7346,84.8445,apple
3.8478,145.0,145.0928,19.3036,70.0042,5.7844,38.7502,apple
61.4612,48.4592,64.0803,21.6457,60.7862,6.1109,110.8303,strawberry
96.4066,54.6487,102.257,17.6023,84.0464,5.3654,120.8484,potato
62.2828,32.5354,42.8501,25.5028,72.5063,6.6045,122.7683,maize
30.872,127.4187,165.1345,12.9029,51.2924,5.6025,39.2341,apple
67.6529,49.6256,70.9536,13.038,63.7859,6.4221,63.3477,cherry
112.3033,51.9265,144.8734,18.0644,76.9107,6.3034,125.9183,potato
117.8228,70.3598,108.1036,22.64,57.3346,6.278,85.0441,tomato
74.1804,70.5961,89.771,19.3892,58.2205,5.7115,163.2313,potato
104.2079,51.1431,55.7589,16.716,66.8637,6.2258,90.3004,cherry
10.6238,125.8201,148.6028,14.1266,80.1256,5.9642,98.7212,apple
65.1439,51.2545,53.0003,23.7885,63.1609,6.5105,33.7748,maize
61.3099,32.3555,85.5819,10.3898,57.2256,6.3375,56.8078,cherry
46.6763,68.7587,102.0618,18.7428,75.3078,6.4913,86.5939,peach
62.8346,41.9862,72.5861,20.5264,71.3705,6.7552,43.3925,peach
96.5915,68.6844,94.7895,26.9777,60.4685,6.2025,51.4395,tomato
98.0108,61.4108,90.0474,20.754,61.5927,5.9935,91.171,potato
67.0056,36.6357,107.6334,22.2853,73.687,5.8722,117.231,potato
87.7226,51.6709,124.5985,18.1151,79.8269,5.8435,111.1268,potato
85.5664,67.1903,86.5939,26.5522,75.6442,6.4119,99.8906,tomato
23.0336,47.6808,55.5149,19.5625,46.208,6.6654,13.8023,grapes
101.6498,49.4792,56.2133,24.4836,62.7788,5.6784,50.387,maize
52.987,43.4755,45.4429,22.654,54.7158,6.3642,85.5816,grapes
99.0973,53.9214,78.2267,26.4103,84.8247,6.4367,108.2873,bell_pepper
77.8978,50.0617,62.5009,22.5722,42.962,6.3365,93.0376,tomato
61.4067,41.4383,107.1918,26.6792,64.0698,6.8199,59.3099,tomato
97.0601,54.8633,93.7099,18.6678,62.3711,5.6132,144.2761,potato
84.6346,55.5797,122.1437,16.3659,73.7535,5.2542,94.5354,potato
92.963,40.686,50.4677,21.4544,59.8952,5.9181,133.1272,cherry
82.4111,17.7111,108.3199,30.9439,62.911,6.7129,70.6351,bell_pepper
51.2776,39.126,45.479,20.538,64.3063,6.5873,83.2128,strawberry
78.9942,32.9111,92.3724,15.6355,81.2083,6.1825,94.1266,strawberry
85.5621,53.3866,137.5645,15.073,76.857,5.9498,98.7333,potato
10.572,40.5066,60.5414,21.5034,51.8628,7.4138,143.0492,grapes
14.9283,20.4591,54.1766,24.777,49.1979,6.2626,89.4154,grapes
58.0731,43.1359,73.0846,21.6897,69.0226,5.6712,112.9232,strawberry
98.7379,41.4885,83.2307,17.2939,86.2197,5.889,81.4776,potato
68.0201,39.3546,80.8206,24.8525,67.1918,7.2084,50.4284,peach
5.0361,114.5185,148.0134,19.3952,71.032,6.3107,65.8955,apple
105.0929,53.5992,29.5225,19.7967,69.534,5.8862,97.0358,maize
82.1092,67.1777,85.773,18.202,73.0785,5.822,133.6782,potato
19.3856,55.995,47.3896,24.9636,55.606,6.8492,91.2606,grapes
56.5788,39.1604,53.3141,24.3311,68.6405,6.3017,82.3983,maize
80.7331,28.0557,83.2116,17.4627,74.5213,5.9967,128.3715,strawberry
24.1424,52.5008,56.307,21.9972,46.8952,6.2272,82.4941,grapes
109.9182,66.5715,45.8813,29.9308,64.5801,6.8108,88.9629,maize
92.229,54.5732,63.0707,24.348,56.9436,6.8155,88.1164,tomato
136.9677,31.0372,90.4405,23.5348,61.1141,6.9019,32.5869,peach
94.3976,44.2517,79.682,18.1349,61.4985,6.4795,109.107,tomato
81.3436,60.6549,87.3873,20.7802,61.2753,5.9674,93.7017,peach
3.6491,39.1966,50.9645,25.4973,48.5073,6.1366,104.4931,grapes
97.3505,63.84,107.6009,24.0845,66.1741,6.4871,109.4295,tomato
82.1623,50.8747,84.4691,19.7688,49.0105,5.9634,67.5128,peach
52.7634,131.0365,147.1282,15.3491,69.2346,6.1875,115.8144,apple
74.7045,13.6872,44.6112,26.1439,73.3966,6.1165,104.3457,peach
31.476,126.024,157.264,22.0187,54.7319,5.934,77.9453,apple
121.1142,67.4026,77.0369,23.0972,89.1504,6.9294,111.9706,bell_pepper
79.898,41.1793,76.527,22.4476,76.0332,6.6475,65.383,cherry
90.7816,51.4979,102.6904,18.8978,72.6779,6.3979,71.7869,strawberry
3.3315,50.9049,35.108,22.7443,40.1037,6.5351,46.68,grapes
67.0658,47.8489,116.98,24.4891,75.0939,6.4074,106.9852,tomato
106.9699,49.6739,100.6726,22.3752,44.0506,6.4366,98.2182,peach
62.1786,47.143,98.1093,23.7211,68.7266,7.1387,72.6353,tomato
81.372,108.4991,156.5171,15.6445,85.5604,5.8247,105.1818,apple
40.361,38.797,77.0923,21.0931,58.6184,6.0281,62.9789,grapes
90.2553,65.9878,75.8719,17.4267,65.6832,6.6503,63.8885,peach
66.1462,42.5883,94.5466,20.0814,65.8703,6.759,78.3298,peach
76.6995,42.2621,118.2178,24.4726,71.5228,6.4288,58.5185,tomato
93.4592,63.4462,31.4995,23.5524,66.9396,6.7233,92.2973,maize
58.4424,34.572,99.0836,19.6612,78.8839,5.8481,124.8057,potato
73.7887,31.4014,90.185,15.7311,98.157,5.8245,118.0428,strawberry
71.5219,36.5133,69.8234,19.1087,53.135,5.7409,51.4513,cherry
96.5776,68.5621,22.1919,28.9829,39.9741,6.7654,105.4528,maize
107.4387,61.6565,90.9893,28.6326,41.0591,6.0818,139.6505,tomato
86.7907,46.9406,42.0571,27.9696,64.833,6.2743,83.6848,maize
110.0194,59.5134,97.5692,14.5314,65.7163,6.0991,77.2193,strawberry
99.812,48.2089,39.5298,24.0198,73.0533,6.2188,99.2551,maize
110.5609,65.9848,103.276,18.6789,90.3418,5.5311,93.1725,potato
36.516,134.0265,152.525,19.486,69.532,6.1526,129.8932,apple
18.3214,48.764,56.843,21.9969,44.9232,5.9398,18.7615,grapes
22.2721,37.0791,98.9516,19.9971,75.6191,5.5481,100.975,strawberry
45.9673,54.948,31.2074,24.2434,68.336,6.639,64.3755,maize
125.8108,46.8964,63.0824,30.1475,78.6207,6.2466,111.6576,tomato
82.7799,56.5951,39.3464,22.7544,63.5093,5.8814,118.6633,maize
24.5791,44.0639,53.9025,26.516,49.2121,6.6378,148.3022,grapes
79.8322,39.6658,38.6002,25.5525,56.9271,6.6765,178.012,maize
75.5952,57.4291,121.5227,19.2051,74.2742,5.2884,114.9882,potato
85.8305,33.0047,96.3458,21.5813,64.356,6.4612,96.2078,peach
86.8209,67.4433,147.4624,25.2343,82.3083,6.0775,54.3334,tomato
68.2778,73.4151,82.5054,16.5812,67.715,5.5717,137.7926,strawberry
131.6624,50.6413,96.3267,23.657,66.2311,6.567,126.4673,tomato
13.5159,140.4016,140.4314,20.2611,76.3017,5.6392,102.9986,apple
4.4245,31.8379,61.3162,24.6648,48.0672,6.4394,27.1869,grapes
93.8977,39.7555,84.2149,14.8745,55.9056,6.7811,40.5567,peach
69.5414,44.656,101.3093,22.0531,50.2204,6.7138,101.1354,peach
81.6733,55.9603,69.986,20.48,44.5697,6.2657,76.0083,peach
21.5098,144.9039,158.2215,15.3965,67.1397,6.3156,76.6994,apple
45.6587,38.4574,81.5541,28.9621,66.6822,5.7192,91.6392,peach
89.5124,52.6123,41.6293,27.3935,58.9252,6.7956,125.9366,maize
137.2208,54.564,106.1195,28.3879,63.0825,5.5676,80.5508,tomato
69.2063,53.6096,130.3819,22.4647,83.9836,6.1823,87.0155,strawberry
113.1415,26.9982,94.6813,23.3797,58.0252,6.4842,130.9711,tomato
116.3726,46.1077,98.3055,27.8681,91.1986,7.4586,91.6728,bell_pepper
55.6485,58.965,63.3497,14.6469,80.471,5.5605,108.277,strawberry
14.505,46.9693,39.1819,25.8221,42.5308,6.9511,45.1493,grapes
78.5953,55.7462,81.5105,14.6886,73.8567,6.3756,95.4698,cherry
131.6269,50.7414,94.0351,25.2391,66.6985,6.0702,109.9534,bell_pepper
98.6407,50.2142,115.7382,14.2546,67.8301,5.7212,91.9151,potato
56.4467,42.346,86.5665,17.3846,62.398,6.1311,87.8037,potato
119.2299,66.3648,69.0457,33.7432,74.4327,6.3876,112.1468,tomato
26.4496,57.2659,52.9808,21.9003,47.9712,6.5153,15.0435,grapes
15.6276,65.8666,65.8349,23.3723,46.0604,6.3049,65.141,grapes
65.884,49.1774,104.4954,17.9183,75.739,5.6564,78.9869,strawberry
19.3569,44.7631,56.1998,26.1713,35.2496,6.0977,22.1841,grapes
91.6274,65.1145,92.1039,16.6123,42.1421,7.0465,54.9262,peach
117.9121,42.8865,84.6081,20.2822,75.9434,5.8228,110.3002,potato
127.103,52.9965,87.1313,23.4612,86.7705,6.0767,69.3644,bell_pepper
123.0752,52.992,103.3562,30.9896,54.8443,5.6669,167.9888,tomato
110.7558,60.6084,98.6452,25.9445,77.883,6.8248,91.4069,tomato
30.6015,45.2068,54.0365,23.1727,55.4162,5.8919,69.0672,grapes
40.0963,33.2908,71.2766,22.319,60.6154,6.5098,26.1723,grapes
80.3308,26.8654,75.9794,11.5194,69.0697,5.7654,71.9974,strawberry
102.483,37.8116,112.425,17.3953,74.1648,5.7434,104.2656,potato
120.868,41.1647,71.2235,19.2186,53.9952,6.4672,61.8671,peach
104.5843,51.5616,45.5029,21.9947,62.7102,6.5224,130.8207,maize
44.3412,59.9279,44.6479,19.1889,68.9052,6.2671,99.9333,cherry
60.367,68.6571,104.7135,19.1419,80.8849,6.2219,96.8042,potato
14.436,66.2915,66.6801,23.2104,45.7113,6.2682,65.2352,grapes
42.8188,37.5748,63.4676,27.387,49.4235,5.9819,52.677,grapes
71.844,38.6273,62.5017,15.2295,84.765,5.9341,94.3229,cherry
42.4928,49.0597,54.756,22.0236,69.5387,6.9006,47.9147,grapes
139.7087,43.0353,99.8768,14.2159,65.3405,5.653,95.0839,potato
68.1955,39.8073,103.5187,18.8784,91.1988,6.0662,94.2239,strawberry
66.6992,62.2474,96.8717,23.9044,84.112,6.545,112.2992,strawberry
12.4585,113.4078,161.2108,18.4895,79.3606,5.5729,100.2844,apple
82.1314,50.6063,39.5423,22.0996,78.8829,6.8253,76.8439,maize
87.1651,35.2888,40.8001,27.2478,52.5917,6.2691,140.7625,maize
87.685,70.516,85.71,14.9866,64.1808,5.7167,93.759,strawberry
90.5988,34.3156,81.503,26.2504,41.8969,6.1233,88.7996,peach
56.2277,49.185,55.729,24.3858,63.5395,6.0302,170.4784,maize
24.6746,35.8351,51.0491,27.0668,63.8222,6.6286,103.6243,grapes
28.0662,112.5824,142.2017,15.585,64.0037,5.7218,74.5287,apple
85.8839,37.8425,41.8363,23.3759,59.0833,6.5529,112.3613,maize
116.2435,76.6007,97.3251,22.8509,68.969,5.1221,122.6504,bell_pepper
101.0648,67.7879,86.7163,15.4468,68.3127,5.8206,102.8086,potato
81.6851,48.6203,77.8841,15.1799,75.2997,6.5678,50.0451,peach
109.1705,38.0786,42.6495,21.4275,60.0164,7.0314,107.9281,maize
125.8857,43.0353,106.6648,15.55,66.5667,5.9387,106.0721,potato
4.5733,61.7086,64.5805,25.1377,58.2761,5.9049,14.4476,grapes
135.5345,52.7334,60.6486,25.1223,77.9798,5.9711,110.6528,bell_pepper
79.8761,58.5628,89.5694,15.1333,57.9211,5.9907,110.9704,potato
73.7034,47.3766,56.0454,26.5469,72.3179,7.169,80.4285,maize
85.6308,65.8802,102.7981,17.333,70.0296,6.178,46.8765,potato
17.7598,49.6803,56.4248,21.9061,45.81,6.0127,18.2726,grapes
63.4776,72.7327,116.4237,21.5483,65.3888,5.9789,108.8839,potato
40.6925,43.79,59.3868,27.3691,42.403,5.7684,16.5095,grapes
79.6133,108.3183,157.0803,15.3784,86.4565,5.7602,105.0978,apple
40.7627,46.8449,60.6869,26.106,53.2488,5.8551,45.8771,grapes
47.0117,46.0858,47.8299,19.498,58.232,6.5203,102.1632,grapes
82.0413,67.4718,119.7567,21.5219,71.5376,5.5545,141.1186,strawberry
24.6726,46.0224,49.7853,21.3663,61.7889,5.8767,95.1998,grapes
96.917,35.9075,56.4438,24.8497,56.9246,6.5217,83.936,peach
88.2778,33.1479,69.6448,14.3,80.0976,6.6764,61.606,peach
50.0286,45.51,43.4885,22.5727,51.1358,6.003,98.5377,grapes
107.7342,59.9216,96.8426,18.983,63.4431,4.735,54.8343,bell_pepper
105.4209,51.1351,80.4047,20.7041,70.4961,5.4305,93.9317,tomato
69.7205,41.7882,73.1805,23.3514,54.0579,7.2913,104.1819,peach
91.9263,58.0326,107.3209,28.9791,66.1331,6.5479,77.9437,bell_pepper
103.5073,52.5724,28.484,19.9828,69.1511,5.8728,95.2796,maize
94.8905,68.1924,113.2588,18.2313,81.9111,4.9063,158.5607,potato
37.469,41.5735,50.0768,27.1088,62.3574,5.7492,36.7836,grapes
121.7278,59.7637,68.3428,17.9405,64.7641,5.8138,146.7947,potato
45.5348,51.0894,85.9236,17.2499,75.7201,6.3826,94.2214,strawberry
44.019,46.9669,64.2271,18.7807,74.6494,6.0535,126.6646,strawberry
42.9863,44.4126,116.1723,19.0248,62.4921,5.1307,81.3051,strawberry
58.72,36.3946,47.0839,29.8911,47.8036,6.3596,87.9197,peach
117.1061,57.8185,109.3901,20.4548,70.1185,5.8496,124.6212,tomato
36.5757,137.4859,153.4507,14.7867,76.1226,5.9952,102.9078,apple
120.1915,53.2801,87.477,16.8756,78.8384,6.0592,128.3799,potato
113.4937,38.8106,40.2417,20.7663,74.6551,7.2791,45.7327,maize
77.0563,24.777,67.2446,20.7097,53.3323,6.5766,64.8441,peach
119.0305,48.8406,57.159,29.5243,64.9446,6.4243,101.5468,bell_pepper
22.8537,111.9032,132.3643,14.0444,64.3856,6.2297,87.6142,apple
67.0136,48.4153,65.9727,21.8247,78.8545,6.9848,121.0516,peach
101.7957,64.9139,119.7511,13.0882,78.8659,5.9555,65.8152,strawberry
87.9895,28.4125,101.6714,16.767,64.8341,5.5582,84.821,strawberry
104.8441,35.7774,51.3558,20.6747,47.7739,6.1993,45.3881,peach
76.1204,72.8563,50.684,17.3819,52.228,6.7566,115.15,peach
40.7657,59.0019,49.8501,23.4775,31.7567,6.0875,113.4571,grapes
8.7975,138.1642,157.7876,16.3214,61.2188,5.8277,112.3372,apple
5.4812,57.3409,62.3821,23.4221,52.8928,6.1574,10.9541,grapes
70.3153,45.752,44.878,26.8662,41.9338,6.063,113.7995,maize
33.3329,124.7981,155.2519,18.9534,82.6985,6.2586,151.7784,apple
66.4724,35.63,43.6296,14.9121,81.5987,6.309,89.1413,strawberry
53.5525,44.9421,55.1697,29.7404,38.0823,6.3386,47.162,grapes
55.9384,45.4719,48.9666,29.0569,71.5257,5.8386,96.0918,maize
140.0,60.2194,113.3645,25.4587,75.3897,6.6021,142.5343,tomato
21.3168,55.7065,39.9522,28.2972,53.8555,5.8801,34.6475,grapes
106.6538,69.5703,30.8236,27.3884,68.38,6.3158,111.7254,bell_pepper
7.6304,54.312,44.7192,26.2421,54.5089,6.2765,64.1078,grapes
10.8864,126.3759,139.2121,20.8543,60.7914,5.2955,111.9654,apple
79.2581,45.7012,62.2233,18.9687,60.4834,6.3623,63.0925,peach
92.5403,52.9754,40.3161,18.9232,72.155,6.6279,80.5451,cherry
140.0,64.5124,158.5608,25.304,55.8024,6.215,91.1134,tomato
77.304,58.9378,56.8269,16.188,64.4185,6.9942,90.9988,cherry
87.7666,54.4234,28.9672,25.7165,83.3549,6.4741,101.6587,maize
140.0,44.0223,78.8019,29.0592,73.9482,7.2845,116.7833,bell_pepper
39.3369,140.5543,134.6113,22.3885,72.3425,5.8078,140.8735,apple
79.0758,64.9759,54.1642,12.9892,60.53,6.5543,76.7412,cherry
74.3471,49.2282,72.6426,13.4075,63.9717,6.9904,69.9208,cherry
83.3831,32.9836,100.0433,13.5529,73.005,5.7866,72.8293,cherry
126.3021,68.5737,64.7205,24.2707,80.7542,5.9471,86.8363,bell_pepper
88.0567,56.8649,111.2175,21.0155,81.0264,5.2637,112.4362,potato
33.5647,57.1644,62.6758,24.3119,64.8918,5.5758,80.0815,grapes
84.5748,62.7301,49.8737,21.1942,59.5183,6.6115,82.99,maize
100.5024,36.7155,78.8819,20.8594,52.2871,6.0085,123.0052,tomato
124.0942,57.9664,110.7188,12.7183,87.7738,6.2832,67.3347,potato
18.1134,121.2752,153.293,21.3407,62.0391,6.1516,81.8315,apple
92.0054,53.8451,71.3224,15.4847,69.8166,6.1994,63.8084,cherry
73.1882,59.4965,68.3587,20.9403,83.0642,5.9794,137.0646,strawberry
67.2739,29.2187,91.1283,20.0738,51.6741,6.8557,92.8003,cherry
4.9016,134.781,149.5303,14.5544,63.1493,5.6647,146.0978,apple
117.1319,61.2796,119.6176,21.5657,52.0831,6.5624,139.0604,tomato
76.6919,54.5111,130.7216,20.7152,78.0391,6.1786,124.3737,potato
101.7178,60.9138,95.8909,26.9757,69.2909,5.9345,98.8707,tomato
116.6876,36.4447,84.9802,29.5466,76.6821,6.9473,67.2504,bell_pepper
96.6509,56.5867,101.6627,20.1518,71.8476,7.162,119.0375,tomato
34.9247,65.238,43.8177,24.4419,48.0345,6.2136,64.1227,grapes
121.3913,46.0677,122.3607,21.4229,71.8159,6.4716,95.678,tomato
67.7736,39.5039,43.9077,23.9196,74.1831,6.3861,60.3114,cherry
5.2937,62.2906,51.0999,27.2587,55.2444,5.8045,67.5388,grapes
53.3928,46.824,86.8624,21.6103,77.5426,5.5929,73.5732,strawberry
71.5414,45.0735,105.4378,28.5616,53.4603,6.4897,76.5729,peach
69.5395,35.9737,129.187,15.8245,78.6107,6.151,59.3415,strawberry
107.4774,59.4613,71.4786,23.0054,69.1703,6.2249,94.519,cherry
90.908,59.1084,85.7688,22.78,60.1414,6.3113,117.2695,bell_pepper
25.3627,49.4798,67.0279,20.8005,68.3799,6.2174,77.2206,grapes
13.8574,121.8501,157.3992,18.4294,54.7442,6.3101,134.9947,apple
102.1653,42.5466,125.77,19.9985,69.8728,5.702,101.8695,potato
139.9372,37.0755,88.606,24.8207,63.6844,6.7211,105.869,bell_pepper
60.865,46.4241,88.3275,17.8875,89.8558,5.9323,70.5922,strawberry
87.8613,33.5587,63.8819,17.9179,79.8119,5.5795,126.9618,potato
65.1593,52.6573,94.3908,23.2065,63.1108,5.7426,47.3981,strawberry
82.4049,63.696,91.3835,18.9777,57.0236,6.3233,116.6108,cherry
5.9897,62.006,73.3137,19.5675,64.2401,6.1723,112.6359,grapes
103.7534,43.6949,99.2983,23.338,55.7723,5.8209,104.538,bell_pepper
100.1545,46.4987,70.7709,17.879,64.8824,5.9484,104.1488,cherry
89.8572,36.526,70.312,28.4448,62.0751,6.6682,70.4403,peach
106.9423,54.0567,83.381,18.8227,65.7726,6.701,71.8888,cherry
74.147,48.1477,64.1585,25.1515,69.3986,7.1123,66.682,peach
60.14,49.8549,85.7406,15.4724,74.0098,6.2125,54.5854,cherry
43.6246,62.5737,73.18,25.7123,62.272,6.4665,89.9385,grapes
61.0533,34.8725,94.727,22.4478,70.7832,5.6587,70.4814,strawberry
28.5811,34.3184,51.1094,21.3994,47.469,6.3295,78.8066,grapes
71.4323,62.569,65.424,16.1124,65.1744,6.1208,88.0801,cherry
8.8855,133.9472,137.2729,22.441,70.9213,5.7959,114.3212,apple
56.8339,145.0,159.6617,21.6358,54.5714,5.4882,111.6883,apple
111.8294,60.9677,81.9019,21.2212,66.0624,5.8874,70.9357,peach
75.3789,49.8462,66.0969,26.1902,74.9835,5.4096,122.544,strawberry
101.4445,37.8709,77.3376,23.1745,98.1441,5.8539,62.2841,strawberry
64.8778,42.0976,104.1185,15.7861,83.7858,5.8169,89.8803,strawberry
60.5783,41.1008,117.311,17.4472,66.3225,6.0919,71.6798,strawberry
19.9974,115.8722,153.4263,21.8679,51.3614,5.9443,78.7747,apple
35.922,50.1546,54.5158,17.0602,93.4137,6.1647,80.128,strawberry
119.7071,40.8987,135.9251,16.8735,63.6517,5.599,103.7582,potato
67.9284,27.7018,54.2345,18.2707,50.4097,6.8825,59.357,peach
87.8296,51.0394,57.7184,27.3649,55.7658,5.9698,27.3803,peach
23.0141,122.8976,145.4415,20.4525,57.3052,6.1568,82.4139,apple
82.1105,62.7276,82.3673,18.3287,90.3439,5.8701,126.3092,strawberry
41.9022,53.5999,52.7066,20.4802,58.0603,7.0493,74.2448,grapes
114.3685,65.2742,122.0252,17.9723,63.4158,5.7102,70.6992,potato
34.5382,108.2868,154.1759,16.1887,70.1715,5.9603,99.3454,apple
119.9868,28.7577,103.2101,13.5929,84.6156,5.9043,62.9289,potato
82.4133,48.0632,81.7034,15.765,56.2459,5.9073,74.3971,cherry
57.163,115.1147,158.6283,21.0388,76.2884,6.8341,151.7593,apple
73.6019,32.2762,82.5277,12.9282,71.3874,5.2507,88.2462,strawberry
20.8784,54.3673,53.107,30.3215,52.0307,6.2322,76.2395,grapes
76.5662,52.0783,84.3687,15.8513,72.9067,5.512,68.3095,strawberry
91.3849,50.2524,53.1838,25.2811,66.4496,7.024,108.1557,maize
92.716,75.2272,26.4555,23.1377,65.4361,6.2098,139.123,maize
113.6348,47.4599,108.4309,20.9692,68.8406,5.7927,73.2197,bell_pepper
18.0387,133.7918,146.1012,18.147,70.7788,6.1473,83.9296,apple
30.1351,42.7232,43.6517,22.7905,47.9416,6.18,76.852,grapes
99.6071,50.6627,94.5147,23.4963,58.8774,5.9846,99.3426,tomato
70.8512,37.6924,103.1091,24.8785,65.2703,5.789,69.3112,tomato
112.9386,65.152,73.1199,19.4105,63.8074,5.1568,110.1543,potato
61.0051,114.3301,158.7657,20.8926,76.575,6.7825,151.0613,apple
115.3334,43.1134,32.6541,20.4821,69.2916,5.8877,58.1861,bell_pepper
77.231,71.0293,114.134,17.2876,68.6466,6.9204,110.6299,potato
83.0462,23.5725,23.3789,24.3514,61.8343,5.9148,104.9008,maize
90.2289,54.7923,86.7693,12.6852,66.9069,5.6394,110.515,potato
89.5046,17.7155,83.5659,23.9837,56.6736,6.6839,88.4475,peach
125.4531,76.0279,69.9863,22.3423,70.0733,6.5429,131.5111,bell_pepper
122.6814,35.1825,48.6842,22.0104,65.2504,6.1377,125.0091,maize
96.8891,49.7077,121.16,17.3032,81.8031,5.303,112.8665,potato
48.5698,27.222,102.565,11.621,89.3966,5.514,117.5992,strawberry
55.7267,58.6767,39.2738,22.5279,69.4407,6.4483,77.1172,grapes
84.9531,52.0544,99.4257,23.0493,76.9666,6.2543,75.426,bell_pepper
31.0964,61.8267,49.012,23.3888,67.9241,6.359,62.7642,grapes
5.302,114.695,135.8729,20.0245,77.8913,5.9829,105.6482,apple
49.69,71.8103,95.4012,14.8643,78.8423,6.4392,44.4597,peach
98.1507,62.0445,109.3691,28.0082,84.9067,6.1343,129.3282,tomato
129.8602,50.1497,71.122,28.9439,78.381,5.859,102.216,bell_pepper
6.3019,144.3892,143.5062,14.1835,72.5767,4.8697,84.6274,apple
13.3269,31.1569,52.8062,21.5986,57.2012,6.4938,117.8088,grapes
98.104,44.853,38.4864,22.3877,35.351,6.6687,87.0727,peach
84.6271,37.0464,108.6544,20.2888,62.6432,6.6334,72.1985,peach
140.0,41.1807,83.0602,18.4735,65.6427,6.1342,154.5713,potato
78.995,61.2226,69.4562,13.2466,88.4001,7.1696,70.7588,cherry
83.8436,22.7999,21.8513,24.187,61.5196,5.9146,108.4465,maize
39.9789,110.4262,149.3458,15.1859,59.5609,5.2489,96.5512,apple
94.9584,68.5171,84.6312,15.5541,64.2831,5.4901,97.4215,potato
69.5829,40.7445,78.6992,18.8247,78.5051,5.3741,82.432,strawberry
39.4164,40.1979,48.9942,18.217,47.3406,6.4263,118.8987,cherry
39.1594,131.3,150.8466,16.784,55.7207,5.4202,160.1983,apple
60.6162,22.9467,38.9213,22.9763,59.3991,6.4848,116.9587,maize
118.8964,79.3344,75.3371,28.2535,48.041,6.271,127.5672,bell_pepper
83.6557,42.6268,67.1221,21.9479,67.5622,5.4528,67.933,strawberry
23.8983,109.651,169.9822,22.3607,71.1313,5.4169,170.4455,apple
87.7479,57.0584,94.9644,28.2474,60.2658,6.301,96.5503,tomato
91.2418,76.9967,79.945,20.7499,64.7301,6.7904,77.3152,bell_pepper
78.0801,55.1907,76.3774,24.7294,75.8245,5.5508,123.3125,potato
56.2841,56.4235,59.0107,15.7042,81.3733,5.9758,71.8407,cherry
118.8994,55.8878,119.2585,20.5155,79.7205,5.6875,96.7114,bell_pepper
108.6717,64.4009,68.1907,29.6323,55.8047,7.6,63.2604,bell_pepper
66.9029,45.1602,55.163,24.3646,65.5816,5.8339,82.2074,cherry
91.7359,53.6823,52.2525,22.2678,65.0969,6.4105,129.9838,maize
66.5215,67.1683,130.828,10.9618,70.5043,5.6919,80.4983,potato
41.8777,54.6149,79.4638,19.3058,65.9951,5.7676,102.6562,strawberry
82.2634,71.6965,86.3121,25.8039,62.5884,6.7457,59.8398,tomato
6.6686,133.8139,161.4025,20.6227,73.1183,5.8314,122.045,apple
137.5225,37.1752,73.0551,27.1786,74.9839,6.2123,102.445,bell_pepper
22.3112,108.0834,160.8921,14.176,81.6972,5.9497,70.1514,apple
24.5324,29.3291,43.8513,27.012,49.0633,6.253,137.6076,grapes
80.2935,43.4577,99.8042,15.1429,71.9502,5.6196,45.4,strawberry
69.8365,59.8226,114.7238,24.7132,73.8644,6.5773,74.7393,tomato
60.62,55.2327,86.0266,27.1189,67.2045,6.9682,123.848,tomato
66.5746,53.2136,82.9152,21.4819,78.0751,5.6287,73.7432,strawberry
119.5337,49.9496,124.4691,18.3653,72.5695,5.7913,95.1214,potato
35.2936,129.5356,147.1452,16.1724,76.4988,6.1239,49.4076,apple
5.4071,58.7673,65.0357,25.8834,58.2921,6.606,94.9171,grapes
56.7602,30.4375,72.839,21.0443,73.8865,5.8578,77.7439,cherry
136.309,71.6442,89.4529,30.7698,76.9398,6.6654,78.7832,bell_pepper
97.3657,56.8301,91.4813,15.5988,73.9328,6.2616,105.8041,potato
93.1139,51.222,117.3263,24.691,73.6937,6.2607,99.4982,tomato
116.0123,49.4051,58.2512,26.976,78.1167,6.8379,125.2829,tomato
111.8142,68.2846,103.6712,26.1013,83.4724,6.8667,130.1122,bell_pepper
66.3448,68.8451,82.4439,16.9906,67.3891,5.1964,133.9571,strawberry
125.3879,42.097,53.6947,17.1545,67.7742,5.8358,72.0881,potato
11.4603,128.4713,152.9329,23.4669,78.8962,5.5828,92.6393,apple
35.163,134.7445,142.884,17.2182,49.6204,5.9407,70.9957,apple
84.4581,46.9667,67.6449,13.7729,60.5966,5.6533,67.763,strawberry
50.6644,112.3799,143.446,17.8619,75.4391,6.0277,111.802,apple
83.7553,21.5859,75.3397,16.4707,73.1401,5.4455,68.7863,strawberry
115.6116,44.6635,87.5227,22.7882,68.4517,6.937,74.5804,cherry
22.2832,33.7225,58.5979,22.6195,60.3814,6.2725,120.9388,grapes
41.892,35.7144,65.2989,21.9926,42.3711,7.1744,14.383,grapes
68.1239,12.44,105.5999,18.8866,65.6595,6.1083,26.3697,strawberry
61.0621,43.221,100.4521,15.8943,77.1528,5.7707,127.6415,potato
140.0,69.0646,57.7845,28.8244,68.6863,6.9372,109.9942,bell_pepper
72.9057,36.8644,91.0446,23.414,64.0377,5.8642,160.1136,potato
110.227,57.5168,42.1632,20.6725,59.1095,6.3369,112.6257,maize
85.5697,46.446,67.4925,23.7367,89.2753,5.6618,93.3927,strawberry
57.6371,47.5496,85.0238,23.9467,84.4764,5.4991,111.2127,strawberry
93.706,56.7227,124.7011,21.5635,65.2741,5.2544,109.6675,potato
96.3842,53.9162,126.5447,22.4307,66.5282,5.7079,121.0736,potato
140.0,51.2114,108.1605,24.8023,64.901,6.5105,88.2463,bell_pepper
108.8469,65.5027,97.194,26.3113,76.4124,5.4473,72.3546,tomato
108.2044,51.6402,105.8516,25.1147,67.4466,6.6433,78.9734,peach
103.9581,37.9984,99.1124,22.0048,59.19,6.2605,72.8704,tomato
76.0218,45.5874,82.7819,17.5826,46.3793,6.7089,69.7339,peach
92.2999,46.8961,73.0013,22.2294,63.7209,5.9255,26.8045,tomato
105.6835,46.2287,87.8402,23.8594,54.1815,6.8334,77.125,cherry
86.2181,61.7056,107.4713,12.4511,64.5773,5.6317,120.3062,strawberry
68.097,42.9368,62.3332,22.3586,58.9219,6.1525,112.0422,peach
55.1862,44.977,60.6415,20.3765,68.4646,7.0839,18.9763,grapes
91.5315,51.1274,113.8455,17.8632,58.4803,5.9951,134.6387,potato
104.0254,50.2581,93.7381,16.442,66.1543,5.8361,86.2206,cherry
45.48,12.3498,68.8755,27.8842,61.9708,7.2091,17.7316,grapes
126.1844,61.749,121.3991,15.2328,73.0223,5.5819,105.9319,potato
75.422,41.8003,59.3395,14.9601,56.0361,6.8494,125.728,cherry
62.2751,33.0397,120.4883,14.2854,72.0157,6.1447,110.3081,strawberry
4.6443,115.1577,135.2817,20.2924,78.0558,5.9453,107.5993,apple
10.6627,119.9063,159.6576,19.1589,78.5831,6.1939,141.1103,apple
68.2662,33.5356,91.9891,25.0124,83.992,6.1504,138.9543,tomato
48.2059,46.504,83.6392,27.5514,64.9504,6.7999,105.1797,tomato
128.8978,56.9729,87.6405,20.2598,82.3608,5.9221,126.1214,tomato
97.5833,71.5902,89.1907,31.8217,86.6303,6.4576,45.8163,tomato
45.0193,122.2698,154.8123,16.6403,77.3797,5.2105,112.4222,apple
12.7824,62.3739,78.226,21.9574,56.3434,6.2226,107.2935,grapes
93.5326,87.0024,104.403,20.1196,71.9522,5.5368,67.9266,potato
102.4982,59.116,87.2246,26.9869,53.3854,6.2245,106.0074,bell_pepper
108.7145,57.7835,119.1788,17.9045,68.2046,6.3203,104.667,potato
3.0329,121.1323,159.1599,19.5469,76.1331,4.9232,45.4104,apple
91.5825,43.4159,83.9997,22.8932,77.0346,6.5743,117.4583,peach
56.3673,57.4077,78.6163,15.5381,80.0555,5.3054,120.9121,strawberry
56.3769,69.7988,112.517,17.4197,46.7087,6.5573,73.1065,strawberry
58.0508,56.4936,63.4082,19.1134,73.093,6.6655,78.2657,cherry
31.1267,32.9813,61.1737,26.1775,62.4165,5.817,99.1953,grapes
119.9598,44.8017,70.4676,20.5627,67.691,6.4642,87.6606,tomato
109.2297,45.2089,75.4815,12.3079,51.4983,5.5885,67.5955,cherry
75.7681,37.9278,83.1758,17.9587,60.3274,5.9317,64.6773,peach
85.7575,46.8742,108.9564,16.7465,79.5787,6.0957,68.2213,cherry
89.8297,33.9402,89.6828,25.3621,48.9699,5.9185,105.0138,bell_pepper
96.1018,53.0515,124.526,25.0451,65.2869,6.774,159.0801,tomato
94.6967,53.999,105.2087,18.3893,52.0055,6.1201,160.5805,potato
81.2433,55.9044,38.6503,22.7575,63.8949,5.9219,118.5588,maize
82.1584,48.9113,32.9469,26.5809,61.9175,6.348,126.4331,maize
117.8681,34.8012,84.8655,27.1615,61.2026,6.3994,78.0438,bell_pepper
63.3174,45.8517,94.0587,16.8765,51.9448,6.0759,106.6098,strawberry
128.7975,62.9156,122.585,14.3424,62.1218,6.1608,43.5402,potato
65.9883,43.1624,61.5496,29.4782,46.7575,6.3376,39.0852,grapes
32.3284,145.0,151.1979,18.2059,74.83,5.8344,83.2597,apple
95.2881,48.2126,43.186,26.1743,51.0818,7.0519,94.5657,peach
54.2943,35.9659,46.106,29.0555,68.112,6.6396,104.4844,maize
88.3963,82.1869,71.1985,21.0404,83.5719,6.0645,105.542,bell_pepper
74.2635,48.167,53.327,20.8843,62.3596,5.8056,66.5818,cherry
108.8481,57.3856,42.1419,20.2836,53.7374,6.463,57.9667,cherry
139.0282,76.9557,99.6818,28.3022,74.5912,6.0218,164.9152,tomato
128.1991,82.5119,83.2303,15.271,68.3138,5.6799,113.2082,potato
102.9056,54.5462,87.6591,23.5652,61.4696,6.2512,73.3696,bell_pepper
5.0535,112.1078,152.3402,16.4335,66.5934,6.0271,197.2458,apple
121.0296,51.2606,46.0189,20.1372,65.2888,6.6319,92.0194,maize
89.7157,56.5439,30.7823,20.8062,79.5621,6.4328,83.7989,maize
28.3666,49.3941,50.5743,21.5214,63.8093,6.3956,93.9634,grapes
45.2699,51.439,87.1103,23.6967,47.8269,6.3774,62.3651,peach
89.6992,50.3244,15.5718,21.5784,64.1822,6.2117,111.9622,maize
97.6982,67.4295,62.777,26.7323,66.2487,5.8936,85.1792,peach
18.6233,127.1743,165.5755,20.4132,62.5121,5.6494,82.7368,apple
22.8256,126.9799,159.6445,17.6267,53.2835,6.354,126.3409,apple
60.6637,66.5503,109.3022,19.6451,63.6914,6.3459,79.8098,potato
51.362,114.8843,146.6573,18.8105,72.5704,5.791,135.9532,apple
109.0679,59.0265,46.3522,24.3456,77.8105,6.2761,131.5779,bell_pepper
88.2737,53.6825,80.4731,13.8328,64.4391,6.4151,23.1035,cherry
92.1972,44.2382,36.6139,17.4595,73.5059,6.5806,95.8159,maize
55.081,35.9815,86.7037,18.5204,59.6844,6.8444,74.7786,peach
57.4532,36.697,58.4058,15.8912,70.8414,6.5089,72.0682,cherry
107.3388,33.7511,102.3078,25.1991,80.6338,6.2242,130.4166,peach
98.0224,66.6197,105.07,17.4828,82.0268,5.4584,97.7276,potato
63.2907,35.7615,58.1399,23.6081,54.2451,6.0031,94.9312,grapes
111.3226,48.3976,72.2255,23.5424,81.1067,5.8313,100.8366,peach
30.0121,120.4705,147.8373,22.4705,69.7316,5.8429,79.3784,apple
108.6412,22.5463,92.8458,18.2405,75.4186,5.4225,35.6491,strawberry
80.9732,49.4633,46.3202,19.8471,71.0413,6.7943,61.7649,peach
55.7315,55.4968,54.6203,23.7751,68.367,6.2082,78.3333,maize
58.3947,51.9988,81.1847,22.6414,55.4909,6.8153,65.9682,peach
3.8508,128.0193,139.5514,13.3592,73.5906,6.5698,107.0872,apple
75.1884,41.5926,119.7537,21.8212,87.3036,5.2706,98.7868,strawberry
114.6025,67.6519,112.8823,27.854,59.599,7.4378,131.0688,tomato
97.2173,70.3233,48.8697,28.3581,56.7477,6.4713,71.5267,maize
88.1663,25.8202,52.7638,25.1514,65.1869,6.4049,89.4129,peach
109.1526,19.213,93.4929,24.0791,66.1484,5.3912,136.0528,potato
5.322,53.8287,54.0112,28.0912,42.3349,6.0784,26.9117,grapes
61.039,54.6007,101.3133,13.3825,72.2177,6.228,119.6371,strawberry
86.5261,44.4215,113.9303,22.8849,66.6893,5.4488,98.4516,strawberry
75.5773,37.0763,83.29,17.6234,63.4454,6.6205,45.338,cherry
90.4857,51.3147,53.2232,17.0956,52.1102,6.1894,79.8566,cherry
115.4688,44.8861,39.3887,26.6181,52.8435,6.3284,89.4839,maize
48.7545,49.1984,91.4782,16.3069,71.2303,5.1642,104.3168,strawberry
86.8826,48.1219,30.1614,17.1771,50.1637,6.6773,84.5691,cherry
36.81,57.493,77.6827,24.0526,55.8078,6.5166,105.4261,grapes
86.7944,41.8116,98.6232,19.4485,76.0449,5.7615,124.8225,potato
140.0,73.7014,74.4866,29.4776,70.7189,6.4496,121.7776,bell_pepper
77.6315,40.6126,75.1862,17.2662,51.3854,6.1016,62.3283,peach
89.2644,61.4966,78.6823,22.6409,76.7772,5.6613,84.8577,bell_pepper
5.2929,114.8244,135.5682,20.4568,78.109,5.9964,106.8095,apple
38.8161,116.9442,149.2902,17.4686,75.6827,7.0884,90.451,apple
114.5938,53.8984,95.7908,21.8641,54.4023,6.042,71.8052,bell_pepper
94.8258,25.277,75.6088,16.1459,60.7398,6.9536,77.2309,cherry
96.2564,46.3769,88.6337,21.8734,84.4545,5.934,61.4734,bell_pepper
106.3818,64.2667,80.8116,16.8287,74.4387,5.8791,46.2384,strawberry
95.3437,43.3461,80.0991,15.8379,82.0869,5.788,67.8556,potato
98.5353,58.3788,113.6899,13.2381,63.8947,5.496,66.9304,potato
140.0,50.2911,122.2779,18.0301,63.6985,6.284,85.0019,tomato
114.8872,63.0955,86.9408,23.179,82.4998,5.4676,89.6758,potato
22.6466,64.7799,68.9158,25.8187,63.3725,5.7469,60.047,grapes
49.0864,60.7976,66.9206,20.8989,56.5054,6.06,30.8439,grapes
95.5019,43.1484,79.4023,27.9857,78.1909,5.5873,45.832,peach
86.5461,54.0053,27.693,26.1691,70.6974,6.1571,99.4521,maize
81.9138,34.8881,51.4674,20.2523,62.5983,6.3762,128.8757,maize
2.7975,46.3151,39.8563,27.7134,55.4141,6.0119,49.9414,grapes
73.4962,66.1541,77.2674,17.4307,61.4433,6.681,87.0322,strawberry
17.249,133.385,155.1315,17.3683,76.315,5.1711,74.1323,apple
69.8302,39.2914,63.7669,25.6587,72.3228,5.5518,62.1531,cherry
104.7678,42.8062,126.6724,17.2524,64.4982,5.9253,62.2047,potato
85.9257,40.2063,47.219,23.1818,56.304,6.2627,113.4973,maize
104.4828,54.148,63.1427,23.1988,51.4007,6.2953,95.1122,peach
96.1257,26.081,122.6794,20.1099,69.5031,5.9646,61.2593,tomato
111.3861,38.5066,78.1099,16.624,54.2971,6.5676,77.4882,cherry
48.1744,60.1138,104.5812,25.4718,72.9017,6.9151,76.9273,tomato
100.0288,57.8497,88.154,22.4676,59.504,6.8687,76.8581,tomato
97.9718,38.3556,78.8795,25.0065,78.99,5.6706,111.2699,tomato
64.5538,51.705,96.9667,13.37,45.2293,6.0677,104.6814,strawberry
45.2086,39.4652,85.9635,17.9393,72.9324,6.2629,70.0581,peach
70.257,56.3709,74.7854,20.8466,73.8767,5.371,190.4494,strawberry
69.6948,38.9186,83.3338,27.015,62.7294,6.6001,91.2722,tomato
80.9256,50.5564,93.0021,25.6399,53.932,6.1601,67.812,peach
27.7601,52.3328,61.3795,21.4562,57.9109,6.0335,121.8068,grapes
72.3334,42.3273,102.7331,13.9218,76.7954,5.6019,104.6996,strawberry
89.6626,38.7463,68.807,11.8391,66.4103,6.0177,101.5047,peach
86.8627,53.2507,45.2621,16.907,67.6573,5.5507,148.6428,strawberry
96.5161,60.7203,93.4288,20.1931,72.3409,5.8909,100.466,potato
66.4544,41.9003,89.9808,18.1527,76.5184,6.1856,67.2195,strawberry
105.2846,40.6161,81.6296,29.7159,75.5501,6.6743,69.9568,bell_pepper
106.9373,71.6162,108.8208,29.9805,75.1026,6.3246,77.6788,bell_pepper
92.9404,66.0788,73.2275,30.1418,61.6716,6.3603,80.9779,tomato
76.0958,49.6783,65.653,28.2938,47.8949,6.3323,80.2217,peach
58.3992,44.8765,104.7029,14.4572,46.5484,6.5864,97.9204,cherry
79.8305,48.9557,89.7091,26.0786,66.7526,6.863,67.3863,bell_pepper
115.297,69.4279,109.6338,25.0835,84.5879,6.274,80.9148,bell_pepper
122.2671,51.3914,46.8213,19.9971,65.5913,6.5341,96.8333,maize
111.0848,51.2818,33.3529,23.8131,41.0047,6.2766,77.8677,peach
16.3871,115.0452,150.9141,16.7176,65.3955,5.9324,89.0718,apple
20.3755,62.1623,44.6026,27.5142,66.9819,6.0298,85.2491,grapes
86.5043,28.1486,82.6722,17.8712,53.8528,5.5373,64.1528,cherry
39.1739,127.828,165.6048,15.2773,68.8703,5.3681,145.1253,apple
91.449,36.0419,98.0981,18.4589,81.6409,5.984,74.8502,strawberry
116.0389,68.3815,90.4617,17.7443,69.4927,5.7661,141.5682,potato
21.4771,136.1019,161.2317,21.8849,73.8988,5.6445,146.8897,apple
93.6185,27.2212,71.8912,16.5582,68.1568,6.2221,69.256,peach
70.8426,65.7991,93.5958,11.8586,64.5507,6.7968,108.5239,cherry
94.5898,45.6256,79.5601,20.6912,63.8891,5.5834,88.2445,potato
66.0449,115.5492,154.4092,20.1528,72.5904,5.701,85.5111,apple
110.3364,52.143,50.7258,24.9052,65.2622,6.2584,118.1164,maize
19.0794,145.0,150.1348,21.1437,70.2581,6.0875,109.8327,apple
96.7207,52.9503,69.7157,16.6531,65.5393,6.3891,112.7755,potato
113.8638,60.464,91.3593,27.4298,66.0393,6.6663,136.8642,tomato
91.4024,54.682,46.6436,19.7098,63.5177,5.7528,189.1796,maize
84.936,41.1751,32.772,22.4627,68.5517,6.5011,32.6824,maize
63.7471,45.0382,108.1016,18.6362,71.8142,6.4633,98.6448,strawberry
92.4031,44.9738,110.9035,16.8998,61.7315,6.5169,87.7636,cherry
83.508,24.9924,73.8423,20.2098,61.1859,5.8525,50.2226,peach
4.9419,56.0371,69.3,18.6099,54.8098,6.2187,14.9411,grapes
70.3198,56.9951,109.3986,13.544,52.5611,6.212,67.1083,potato
102.5777,74.2952,124.5334,19.7596,71.6989,5.9206,69.2772,potato
24.4378,128.1154,146.4391,19.1848,63.1311,6.2401,119.8917,apple
89.484,54.7945,102.4295,18.059,78.0336,5.8827,102.2582,potato
90.919,50.4382,39.0359,31.3305,76.8639,6.1067,98.0712,maize
91.9974,69.8007,122.2756,14.8775,54.4727,5.2372,138.4506,potato
78.0456,49.9548,96.1491,24.7811,44.8836,6.5366,54.0774,peach
84.9672,44.6315,104.4604,18.0383,49.9817,6.1984,92.7564,cherry
96.9596,65.0501,46.4299,25.2911,60.9343,6.7254,84.088,bell_pepper
9.0915,37.1555,41.9627,23.208,62.0694,5.9633,88.193,grapes
34.074,45.4911,67.1104,21.9894,51.9102,6.4989,77.9822,grapes
123.5087,52.8809,46.6613,19.9825,64.8569,6.5888,94.7529,maize
97.2355,54.4061,103.8623,24.5352,79.314,6.5068,99.5499,tomato
47.2252,59.9336,65.9085,20.7229,57.0137,6.0043,30.0738,grapes
42.6274,52.3758,54.1359,25.3812,70.4222,6.2292,39.5356,maize
94.4211,42.1304,90.8555,21.3381,68.0069,6.1505,137.0645,potato
70.6806,33.0762,74.7481,7.9174,84.4735,5.767,91.2712,strawberry
68.1322,43.8514,40.9196,21.9355,68.8735,6.5214,67.3894,maize
73.9483,27.1882,74.637,24.4465,86.3887,6.2501,42.9862,cherry
110.4265,62.0481,132.9112,15.5081,77.877,5.8039,103.2166,potato
70.9076,68.4776,51.666,16.0261,43.0742,6.8787,56.3366,cherry
84.9171,35.4428,127.5907,21.8503,65.9609,5.7342,74.5247,potato
132.0783,27.8467,74.1996,25.0054,61.7262,5.9727,106.9928,tomato
132.9216,43.7221,65.4068,17.6254,67.2457,5.2309,89.486,strawberry
97.2826,89.5664,97.9841,21.1433,65.9338,5.7059,107.4113,tomato
12.1311,130.1518,143.7683,18.0129,64.5827,5.9932,112.2084,apple
105.5781,29.9787,87.7041,20.8325,74.09,6.581,77.5778,peach
95.6394,57.712,95.2296,21.5214,76.6068,6.4472,84.0626,tomato
84.6871,70.3661,103.3701,20.6595,63.4748,6.8988,126.4195,tomato
121.097,65.5008,115.3041,26.5506,52.5654,6.596,119.0367,tomato
83.0678,37.392,119.2456,20.6173,65.8241,6.7687,91.5511,cherry
33.8645,25.5868,67.0839,11.4266,85.9485,6.7954,65.881,cherry
88.5968,25.8594,115.5957,16.8194,74.1411,6.8134,97.4093,strawberry
78.731,61.6554,118.0512,27.6641,73.1145,5.7525,116.1944,tomato
49.2526,45.8909,61.6375,22.645,49.3528,6.5271,76.9518,grapes
103.1284,61.6261,95.3135,12.8857,64.1097,5.5025,79.6612,potato
62.0791,68.6224,45.3339,21.5673,76.0027,6.4075,105.2025,tomato
117.5992,57.2998,35.8987,20.2065,59.0941,6.0598,60.3346,peach
47.6502,47.9332,67.9442,24.8018,73.4976,6.036,91.7531,tomato
100.1797,47.0488,40.8731,27.9317,69.388,6.3394,65.5921,bell_pepper
7.5846,66.3082,54.3364,22.9937,60.0274,6.1303,44.364,grapes
21.8248,31.5731,66.0217,21.8068,57.0842,6.2386,13.2891,grapes
17.3596,133.0589,154.9236,17.3821,76.5181,5.119,77.2791,apple
43.2885,48.1425,64.4601,23.721,33.6467,5.9695,75.412,grapes
23.5433,30.4497,60.1092,24.7787,53.6077,6.403,103.3887,grapes
72.7491,27.3657,93.7484,12.3225,87.2543,5.8889,94.415,strawberry
86.1447,41.5985,71.7323,16.9361,81.2148,5.4692,152.7773,cherry
70.3617,34.3185,89.2507,24.9196,66.5614,5.6417,114.4654,strawberry
20.4604,24.1309,95.1498,17.7402,71.095,4.7583,105.297,strawberry
53.8239,38.5953,64.8534,22.8717,54.6069,5.9872,45.3702,grapes
57.0284,24.2594,79.0378,19.5381,66.6182,5.6775,120.3587,strawberry
117.9344,66.6445,76.8988,22.7223,55.0265,6.12,92.3859,bell_pepper
74.3165,37.6795,69.825,23.2047,58.3088,6.0898,53.7401,peach
111.5784,44.6053,121.3148,26.2829,85.5106,5.9594,137.6323,bell_pepper
79.3327,30.1349,102.5736,22.9404,69.1094,6.1508,89.0855,potato
83.1344,48.8757,56.0081,18.1625,75.5711,6.3961,55.6275,cherry
110.3189,36.0894,79.3179,21.0267,64.7925,6.7557,113.5137,tomato
85.9158,37.5982,39.3207,22.9351,58.9935,6.5647,113.4572,maize
6.6586,59.8373,45.7844,25.5062,39.0015,6.3336,68.3523,grapes
112.2694,50.498,66.4492,28.3672,54.1806,6.2293,47.5498,bell_pepper
98.6764,58.846,43.2029,33.4858,74.4033,6.5675,74.8196,maize
26.7806,58.683,77.6807,24.7878,55.3852,6.3725,63.4854,grapes
20.9759,29.8454,69.2168,13.9298,54.192,6.4006,17.5617,grapes
140.0,50.9124,126.2684,15.2509,78.5807,5.8134,109.3488,potato
37.0771,58.1329,87.2007,24.6754,35.1984,5.8345,81.3042,grapes
112.024,59.9678,41.2897,16.6115,73.1847,6.4046,98.4501,tomato
83.596,59.9655,63.6978,11.2775,74.3255,4.8598,111.3509,strawberry
87.0244,49.554,51.8955,21.0215,60.6105,5.8508,103.9076,cherry
61.3346,48.7885,126.9963,20.7044,71.6346,5.4263,105.5067,strawberry
121.5826,43.3995,78.5856,31.4371,93.636,6.0788,83.5662,bell_pepper
12.4915,125.9574,142.0165,16.4573,76.6971,6.2196,99.532,apple
113.8036,55.982,81.0255,28.9404,80.7112,6.7228,122.1114,tomato
84.1666,58.4319,37.3466,19.9449,82.5279,6.1905,84.6112,maize
5.3331,44.3253,57.9845,21.5974,57.3466,6.8207,50.9778,grapes
87.4488,47.9934,103.0992,17.2838,74.7849,5.8678,87.9372,potato
78.3288,49.3319,82.352,14.4334,69.3009,5.8332,92.0381,strawberry
77.3839,60.3904,107.1252,23.7291,55.4563,6.1327,145.9832,potato
28.2676,37.1848,69.0185,25.5068,47.8235,5.7084,44.6782,grapes
49.1111,60.1869,50.1797,22.0382,47.9555,5.8471,101.3252,grapes
135.5564,28.4942,142.6462,22.152,66.0251,6.1458,102.5998,tomato
116.505,67.989,58.2359,26.5347,82.0915,6.0561,71.4242,bell_pepper
61.1012,34.8875,72.5273,27.2322,75.0636,6.3316,189.3861,tomato
26.213,140.1087,160.3142,19.6909,51.3441,5.7214,100.9405,apple
140.0,61.1484,99.3258,27.2097,68.9902,6.2455,62.438,bell_pepper
105.0781,48.4107,102.6826,24.2848,80.4175,6.2556,101.1867,tomato
104.0421,53.1042,75.6114,24.0413,68.5009,6.1984,74.2516,peach
46.8594,44.4272,43.6743,19.8272,78.5256,5.1948,139.6888,strawberry
38.7457,30.7437,113.2475,21.7337,67.4318,6.4478,65.0164,peach
7.0351,123.1076,152.432,15.3444,60.7433,5.811,129.2109,apple
112.1198,43.1563,134.1504,19.2782,74.0555,5.7404,92.7495,potato
51.0014,35.7707,70.5453,23.2879,82.6296,6.5295,97.1547,cherry
74.2229,33.2481,88.0465,22.5175,75.5502,6.4121,84.6392,peach
92.2296,38.8863,83.8931,18.6859,47.7533,7.053,59.3423,cherry
114.174,31.8514,79.1131,18.056,52.9148,7.0263,51.6016,cherry
62.1967,44.7546,67.3572,21.891,61.2166,6.2543,88.4813,peach
91.4867,46.1288,50.2621,26.3701,61.3586,6.5325,146.0918,maize
72.2039,66.6817,69.2731,19.5624,71.6065,6.52,141.932,potato
35.9794,49.4176,66.9817,20.5693,69.5134,5.9755,144.7854,grapes
106.278,33.562,49.5484,22.1269,79.0896,6.6988,67.4689,maize
64.1084,43.9748,41.015,29.0699,69.6082,6.0713,79.151,maize
64.3884,58.7948,87.1052,13.9748,61.9303,5.4606,116.9297,strawberry
140.0,70.6898,56.3765,30.338,65.8671,5.552,87.4286,bell_pepper
101.0256,57.3899,132.8588,21.9823,67.53,6.6441,60.1287,tomato
52.2825,35.8209,71.4909,19.5453,68.7866,5.3334,111.0721,strawberry
120.1748,57.1158,124.2894,24.9736,57.2306,5.4982,100.2431,bell_pepper
88.766,30.7847,103.9104,23.536,65.7331,5.9903,52.3201,peach
130.4415,40.7915,102.1072,14.9223,72.8286,5.9093,106.5451,potato
82.7468,51.4435,55.1652,18.8722,70.7036,7.0434,102.9693,cherry
87.0462,45.8145,61.7362,29.869,65.1271,6.4954,92.4134,maize
118.5354,24.9954,95.1535,26.4093,84.2779,6.0312,36.6576,bell_pepper
93.7747,69.5176,118.5317,26.4263,78.2637,6.7251,91.9392,bell_pepper
99.3876,37.8102,71.9129,18.1974,57.9068,6.4941,76.6414,cherry
53.4819,32.7347,70.2177,22.6089,63.6307,6.2372,78.9642,peach
52.7658,53.3429,45.8606,29.4648,72.5257,6.2271,135.5965,maize
99.3868,49.213,112.341,26.2575,74.9313,5.6168,85.0154,tomato
83.8385,47.4891,80.8075,13.1891,73.3594,5.5707,41.1976,strawberry
31.033,127.5215,170.9794,17.7526,88.3312,6.0812,89.5661,apple
87.9397,67.1389,36.2021,22.646,79.2136,6.2323,128.8785,maize
21.5627,53.7349,53.1787,30.5958,52.9691,6.1947,74.6191,grapes
94.6366,48.712,104.0841,15.0179,73.7178,6.7876,169.3282,potato
5.3058,131.6784,162.1347,20.7526,72.4254,5.8157,119.5282,apple
75.761,42.7398,62.1218,26.9985,72.8611,6.2851,98.2329,maize
81.7701,56.8163,125.6665,20.0933,87.463,6.5526,85.9377,tomato
78.5393,51.3913,84.4105,20.7983,58.4253,5.6888,76.5598,strawberry
4.6252,52.0212,69.4235,26.9302,50.0998,6.1061,36.3474,grapes
86.2591,25.4806,91.0977,20.8263,60.2499,5.9403,60.514,bell_pepper
55.5895,49.9768,83.264,21.487,80.3713,6.554,68.1876,strawberry
28.0283,112.0971,150.5724,14.2838,88.406,6.3336,125.0854,apple
100.4248,60.887,65.9887,15.5626,58.5964,5.7895,119.3197,cherry
83.0763,66.6639,62.8594,18.705,61.5561,5.9796,141.6906,maize
67.8637,58.7565,78.1547,15.383,72.5535,5.2508,68.8281,strawberry
17.1903,119.9111,171.111,20.3317,79.5048,5.798,77.1834,apple
99.2705,36.968,39.9492,23.1028,68.3706,5.4909,135.7385,maize
49.0626,45.7572,61.4442,16.2899,49.937,6.4564,64.5567,cherry
109.0598,44.5251,96.0778,15.7854,64.716,5.9146,82.6419,potato
88.2492,42.3849,30.855,24.8761,54.1968,6.5781,198.5383,maize
133.2449,38.0456,107.444,29.4879,60.2736,6.3147,94.2121,bell_pepper
100.6797,43.9601,69.9597,24.0163,54.5174,6.5412,71.7003,peach
55.6605,45.3116,63.8584,14.3931,81.5459,5.9347,88.2918,strawberry
88.1636,42.8165,75.8205,26.7109,63.2598,5.8869,94.2719,bell_pepper
140.0,62.205,72.1587,26.5419,56.8436,6.2744,54.0206,bell_pepper
67.5784,46.1286,79.2155,17.7006,48.6857,6.1567,48.1262,cherry
97.6698,46.7217,113.0386,23.7682,55.9881,5.5313,56.0743,tomato
70.495,49.3004,96.1886,18.529,85.0015,5.3967,92.911,potato
64.1971,52.7402,94.8843,14.4573,85.3376,6.7471,69.5393,cherry
116.4963,79.5041,98.7286,19.8643,65.8866,6.1039,63.4757,bell_pepper
77.703,63.1832,49.2425,20.3993,66.4279,7.1048,98.3151,maize
72.534,57.9923,79.6213,18.3276,64.1155,6.2841,83.048,cherry
87.1116,68.407,144.0792,24.2483,65.6082,6.2432,134.0089,tomato
40.9626,47.7361,64.7013,23.4848,32.9594,6.0315,77.21,grapes
86.7478,45.0235,55.5132,26.2744,56.3543,5.9763,123.0568,maize
42.3742,58.0414,81.9786,25.6353,62.3527,6.7988,86.7433,peach
3.4477,50.9779,62.6484,22.415,52.5209,7.0775,102.3749,grapes
69.5086,30.0454,82.155,24.4151,52.4257,6.0733,63.6799,peach
93.6816,68.0895,109.5139,27.483,78.5737,5.6254,32.7006,tomato
68.7658,49.8467,64.0037,25.5445,66.2357,7.6183,77.3605,peach
57.3042,29.6755,123.334,15.0162,78.4744,5.965,55.2868,strawberry
121.4266,64.5492,99.7087,23.6117,58.0559,5.9001,83.3408,bell_pepper
114.4859,83.3614,91.9109,20.2405,79.2525,5.421,75.1897,bell_pepper
55.6,39.5309,53.3302,24.4653,69.0807,6.2876,81.7151,maize
79.5309,29.4461,50.7755,21.7818,76.3479,6.3252,87.2019,maize
85.9616,51.5876,85.3826,17.7725,74.9572,5.6888,27.1391,potato
108.0914,54.0538,114.8511,18.7199,55.4694,5.8316,136.5505,potato
105.4462,47.2359,64.8388,24.0093,60.9528,6.1862,31.2703,peach
98.0156,37.7578,49.6885,15.1419,69.4003,5.7722,81.9977,strawberry
110.41,61.6241,55.6907,21.7548,66.6441,6.0572,73.2401,peach
123.1569,48.7729,41.7179,27.0059,70.0748,6.0858,70.1364,peach
84.7567,29.4187,42.0636,25.9555,53.0671,6.6114,106.99,maize
63.9111,38.9415,42.3812,21.2641,59.9465,5.8841,110.1532,maize
105.0969,58.3205,36.0964,21.7083,60.0048,6.7475,69.1647,maize
113.0332,62.5507,82.0296,23.3305,59.9288,6.1024,92.0629,bell_pepper
53.0098,35.1913,52.9651,30.6147,70.9913,6.3606,89.7208,maize
74.9329,40.3121,101.4484,13.5008,74.1998,6.1628,83.0617,strawberry
52.2683,121.4281,140.5088,15.267,71.1236,5.5722,118.3791,apple
49.9699,38.7066,72.1449,15.8442,88.5385,6.228,34.4275,strawberry
111.9566,57.2411,128.1279,17.2901,89.354,5.075,40.4523,potato
40.4822,108.3461,149.0188,14.0333,60.249,5.4213,90.5309,apple
41.2695,42.7836,52.1572,22.0598,69.3685,5.8489,85.8453,grapes
100.8683,53.1005,45.3236,20.2149,64.0561,6.4001,108.5291,bell_pepper
108.5169,39.7165,128.4695,20.092,74.5573,5.9554,88.1331,potato
65.013,46.3394,83.4558,19.1792,77.8261,6.0666,89.0649,strawberry
140.0,73.9334,38.1881,26.8993,83.1496,6.6648,112.6717,bell_pepper
98.9459,49.3581,37.1799,27.0241,65.0135,6.036,44.7317,maize
59.9304,31.4472,86.3021,15.7934,76.5705,5.4314,126.4875,strawberry
95.332,50.6247,73.7572,20.5549,69.4563,7.783,71.2259,cherry
64.4156,81.1784,80.3304,24.7054,92.8093,5.8539,115.7779,bell_pepper
33.5368,56.6939,62.0448,24.3744,64.4329,5.5344,81.6554,grapes
15.2346,52.9476,58.2869,25.8202,50.272,6.3099,39.9998,grapes
79.234,41.2682,63.7015,20.6452,65.0093,6.1612,90.1356,cherry
55.563,48.0256,52.6565,16.4364,83.368,6.0165,75.3133,cherry
71.0392,51.8325,40.8176,23.5395,70.308,6.3393,95.1219,maize
96.419,59.999,67.6264,22.3812,46.9371,6.1781,45.366,tomato
47.9278,71.0993,95.7466,18.8897,89.6889,6.0963,89.3133,strawberry
77.1123,28.0814,56.8098,23.1942,63.3254,6.3627,99.9786,peach
85.2071,43.4837,106.7344,16.2476,84.8362,5.648,138.7496,potato
91.1612,40.0912,74.1251,14.765,52.9918,6.6055,47.4453,peach
91.5595,26.9803,31.8682,28.1147,81.1955,5.8985,90.8934,maize
49.4832,50.851,64.7385,19.4012,62.6115,5.9282,67.6287,strawberry
30.4276,41.6932,119.6696,13.5185,75.9367,5.6592,85.7236,strawberry
90.8736,46.9183,81.69,28.5523,72.7608,5.8017,124.6448,bell_pepper
27.1311,115.9377,148.3947,12.4477,48.0952,5.5664,94.461,apple
72.8848,51.0607,48.119,17.1739,67.7576,6.0747,48.6245,strawberry
84.0765,60.3856,114.0076,14.7239,64.6217,5.2966,122.9932,potato
107.1413,48.5989,49.7881,18.211,64.1576,5.7824,82.9494,peach
63.3096,46.864,75.6788,19.8273,60.3747,6.9397,34.777,peach
84.7906,36.6459,61.9777,17.9993,60.6989,5.9592,107.4961,cherry
68.8751,46.7511,59.3827,23.7695,68.2844,6.02,88.3797,cherry
58.1321,117.8372,153.3535,24.5059,79.3832,6.3057,123.7661,apple
101.4737,36.8603,49.9174,19.2735,79.186,6.7466,103.1706,cherry
102.2529,44.5957,81.9443,16.0972,60.7498,6.3481,58.9687,cherry
135.658,57.1198,109.6591,21.0429,80.2344,5.8964,112.208,tomato
140.0,56.8156,48.9883,25.1984,65.8905,6.0419,101.9604,tomato
38.1605,122.615,145.0468,17.3735,51.8748,6.2258,38.1831,apple
85.5714,69.0848,74.8525,21.7268,58.9127,5.7525,97.6793,peach
73.3971,46.8483,128.6895,18.8511,81.8945,5.1683,63.0772,potato
96.1749,45.3106,73.7807,16.0213,53.0176,6.6792,40.5431,peach
79.0988,45.8667,111.1856,23.5822,69.8588,5.4427,110.2687,bell_pepper
107.5586,62.694,105.8407,25.9005,72.2588,6.6544,122.9301,tomato
82.9697,50.9221,87.5834,16.8368,69.5011,6.1814,114.147,cherry
101.9692,72.1588,116.289,23.0132,58.3573,5.9091,108.0107,tomato
17.1687,133.0597,154.4133,17.238,76.8371,5.1992,75.4542,apple
65.6952,115.9003,154.1991,20.4983,72.9342,5.6232,87.8734,apple
89.6641,32.1909,38.5834,22.0886,68.4854,6.7827,139.5183,maize
93.6189,59.8507,103.1852,16.0083,64.9063,5.6023,57.1527,potato
70.2296,66.1812,60.3294,23.1528,68.4322,6.4149,79.174,cherry
35.5785,53.8682,62.285,19.9356,48.2708,5.7768,89.2991,grapes
34.7219,53.7956,59.0175,20.7161,39.4726,6.5117,117.0465,grapes
90.699,45.7556,59.6135,24.3153,71.5514,6.0284,90.3059,tomato
28.0827,56.0536,54.5066,21.9392,47.4419,6.4968,16.241,grapes
62.9375,55.6585,79.4743,15.8252,77.3115,5.9022,88.9456,strawberry
34.1087,128.5493,148.7596,21.7622,72.23,6.1055,127.2126,apple
38.3886,53.1905,52.9214,20.3773,57.7998,7.0462,70.6305,grapes
82.2423,36.5996,90.7502,13.8661,55.3696,6.1145,60.4317,peach
111.8362,42.7831,55.5861,18.6252,66.1084,6.444,79.3545,bell_pepper
97.9435,44.155,88.9383,29.8424,70.9539,5.6541,139.3439,bell_pepper
70.9956,76.5221,98.9974,24.252,61.7779,6.0895,127.9977,bell_pepper
94.3582,29.7515,57.9522,16.2812,70.0078,5.7272,96.4579,cherry
110.2289,37.3863,67.2936,19.9365,65.9191,6.0749,86.4922,peach
36.2138,130.302,147.6128,17.8577,73.5059,5.8738,91.058,apple
80.7937,36.2871,105.008,19.2295,62.4567,6.2038,112.5585,cherry
119.1231,61.2559,34.8161,23.8611,65.8049,7.0574,115.4626,maize
114.4349,56.5766,122.1123,14.532,59.9895,5.9,92.3629,potato
85.0131,33.8926,36.4198,23.065,63.6888,6.6315,155.0461,maize
51.0953,50.8702,56.4909,25.3251,61.245,6.5243,125.6608,grapes
121.6136,71.1535,104.0315,30.3472,80.0885,6.8413,137.3205,tomato
15.0322,45.8889,40.8532,26.6862,68.0617,6.3003,83.3043,grapes
61.4211,40.4437,78.7099,15.7958,77.8521,6.4731,77.3653,strawberry
130.6661,40.2699,83.9904,27.979,53.0648,5.3589,114.0027,bell_pepper
120.7116,56.711,107.5253,15.5427,87.0787,5.7497,85.3994,potato
90.5336,49.7826,14.641,21.3126,64.3761,6.2838,113.3275,maize
102.8174,54.6373,39.5409,26.828,67.5412,5.6307,116.7902,bell_pepper
33.8841,56.3547,59.7119,24.291,64.5269,5.5449,78.4722,grapes
29.3093,126.1227,165.9512,12.9944,51.5911,5.5872,41.5873,apple
6.8642,69.6051,29.116,20.7309,49.1608,5.8961,112.7469,grapes
118.6694,83.0006,76.0191,25.9636,75.107,5.9607,25.7469,bell_pepper
88.6191,50.2785,59.3722,25.1043,58.9839,5.9303,128.7358,bell_pepper
89.6788,50.8591,127.2008,18.564,78.2375,6.0735,102.1451,potato
112.6784,39.1051,123.7,16.6172,84.2467,5.6855,143.6062,potato
55.5033,60.5108,68.4014,15.1844,69.7884,5.5706,81.9048,strawberry
101.0256,57.892,114.8564,16.2827,77.7163,6.2292,97.7578,potato
90.3901,60.9139,97.1546,20.5231,78.8728,6.2251,119.4747,potato
36.8894,141.409,132.8465,22.4814,71.3869,5.7497,136.4543,apple
75.7287,38.8641,87.6923,16.0746,65.3109,6.0168,82.5828,cherry
73.0554,47.832,31.2942,20.1283,64.0478,6.0371,77.5914,maize
111.8744,74.9596,132.0076,20.5867,74.0816,6.6079,96.1845,tomato
126.3968,58.5302,90.7727,25.2818,66.5038,6.1073,109.9731,tomato
21.6475,67.0827,50.3547,20.8873,69.7985,5.4255,62.2018,grapes
85.6467,45.4055,81.0664,22.0897,59.9707,6.0368,94.3193,bell_pepper
38.6175,136.7534,137.0918,21.3303,61.6703,5.032,116.7614,apple
83.3372,53.4386,93.1571,23.1035,62.0421,4.9846,68.5584,tomato
70.7801,19.168,86.0418,19.3824,80.2138,5.9431,74.0175,strawberry
60.2936,68.3699,84.3992,12.4844,71.2494,6.4609,79.0646,cherry
87.043,42.9599,123.4916,27.4919,56.2009,6.777,112.0805,tomato
64.7703,58.4598,95.9724,16.9598,74.6978,6.0714,83.7039,strawberry
35.0208,47.9842,46.8446,25.9706,71.2918,6.3053,14.8415,grapes
85.7493,41.8224,38.8544,29.2464,55.9129,6.057,161.9767,maize
86.005,45.1926,60.0256,20.7514,81.6386,5.1849,92.9762,strawberry
23.6143,122.9899,147.1515,18.4916,47.3953,6.2529,165.6672,apple
70.8687,53.8314,39.3158,23.4956,69.8421,6.3335,94.5675,maize
126.2242,49.2484,59.7112,24.1152,56.1166,6.1308,86.6858,bell_pepper
124.9349,71.7792,94.3692,25.3525,67.5326,6.3226,131.452,tomato
86.2736,36.2673,52.4166,22.3384,58.2284,6.9148,146.2054,maize
16.2252,113.758,149.8723,16.7212,65.0596,5.9349,91.041,apple
70.0788,50.4055,30.7814,26.3489,74.5226,6.4638,40.7977,maize
92.8741,57.7863,62.2249,25.7446,69.84,5.598,73.9823,tomato
52.4475,45.2922,109.0127,22.1797,64.882,4.8099,108.7378,strawberry
74.2156,44.7786,109.0365,24.4836,53.9724,6.5868,24.1259,cherry
90.1966,49.831,42.3122,27.8555,59.3166,6.2162,52.7235,maize
86.5317,44.2118,40.5032,27.2904,75.5702,6.1355,82.0957,maize
62.9438,30.0819,77.2047,20.0698,64.242,6.5537,80.8574,cherry
86.8553,56.1661,62.7276,28.1164,53.7699,6.8596,130.5853,bell_pepper
125.935,51.2573,37.7849,19.1266,65.3233,5.6312,82.5731,tomato
66.3565,38.5008,47.4214,18.2135,77.0704,6.7079,137.5608,maize
71.5305,42.3823,44.6578,17.1792,80.3788,5.8428,78.6965,strawberry
70.1906,44.9981,40.8981,29.7916,70.6766,5.9524,94.4748,bell_pepper
91.6427,70.682,80.427,22.5091,63.2148,6.837,72.1617,tomato
112.5835,63.3022,73.2345,25.152,66.2091,5.8877,138.286,tomato
65.4882,64.8388,84.1292,22.158,71.3571,5.6763,108.5351,strawberry
114.1219,23.6117,64.1703,20.588,55.8995,6.5691,95.5622,cherry
88.8147,48.1836,94.3936,19.3924,60.4812,6.2264,80.4378,strawberry
112.6329,29.4323,122.2047,24.4675,64.1453,5.6638,107.8308,bell_pepper
88.0364,44.9154,78.754,22.7376,61.4451,7.0208,98.4729,peach
92.7716,46.8814,52.8249,21.0941,59.1323,7.075,88.6054,tomato
20.0894,145.0,151.3521,21.3957,69.8691,6.1003,111.3063,apple
86.608,57.637,73.3402,21.9045,50.0792,5.9857,119.5121,peach
77.4292,38.4759,69.9714,17.1173,69.2067,5.9479,129.7715,strawberry
136.0266,39.6753,71.8424,27.8851,85.4927,5.238,72.1386,bell_pepper
105.9964,58.1678,83.0181,26.8631,70.5413,6.64,115.2665,bell_pepper
4.5035,37.2141,40.1525,25.5488,46.4968,5.5516,55.3373,grapes
86.6063,58.162,59.7728,25.0439,56.7615,6.2311,125.0696,tomato
82.0014,47.6456,34.8072,26.9029,62.4768,6.2778,129.2096,maize
118.6985,35.7993,112.3292,21.6903,60.2257,6.1126,117.121,tomato
82.4811,43.7955,75.1101,19.1559,57.3442,6.8886,67.9315,peach
113.3314,30.6272,91.5608,19.5015,77.9772,5.7483,97.8076,potato
76.9337,45.9835,113.947,22.4765,63.3834,5.9444,52.617,peach
126.4332,76.0442,73.404,26.2069,65.8186,6.3159,128.6576,tomato
103.1751,31.8177,117.5799,20.6504,54.2504,5.0186,119.0335,potato
48.8339,44.4231,91.7814,19.6177,67.8332,5.4383,87.2275,cherry
64.6554,63.4051,103.2562,16.1901,41.2703,5.9804,48.5038,cherry
92.2659,71.1563,82.9071,26.8014,57.3007,7.1858,142.2374,tomato
13.6397,138.558,131.8832,15.6528,70.8907,5.7244,105.4596,apple
89.1543,34.0666,127.1573,18.3128,73.2772,5.6968,66.3809,strawberry
136.1352,78.1722,89.572,27.7074,54.7217,5.4917,114.294,bell_pepper
110.4212,62.8092,107.738,26.3739,75.4786,6.2034,99.2066,tomato
124.44,67.5771,88.2194,24.1354,82.3915,6.9032,108.203,tomato
84.652,52.4365,74.0182,22.8397,55.7314,6.1801,82.9241,cherry
48.8637,36.4189,121.4078,22.0982,72.2803,6.0777,115.7872,potato
123.7366,64.8879,67.1238,20.4655,78.4676,6.6357,86.003,bell_pepper
47.471,49.5197,103.9111,16.4763,61.797,5.8507,114.5551,potato
43.4552,34.0381,64.0733,23.2618,63.4077,6.5058,134.7709,grapes
97.2463,45.4495,84.1726,17.1948,63.9381,5.537,80.857,peach
111.1823,31.2066,113.3941,18.6655,61.4828,6.817,84.49,potato
124.254,70.7711,107.7552,21.7216,88.0033,6.4448,84.0974,bell_pepper
88.2737,49.4628,21.4424,23.849,58.9975,5.9071,153.7472,maize
66.7913,27.869,106.0937,8.8583,75.2083,6.4001,53.4706,cherry
62.5582,34.6377,44.9742,29.5259,68.6981,6.2664,132.2783,maize
79.6495,40.4977,114.6231,24.5156,66.0738,5.8803,77.6183,tomato
57.7491,46.3356,74.8557,17.3749,59.7202,5.7832,93.4358,peach
109.0615,48.953,116.9516,18.9562,71.5949,6.557,88.1296,potato
88.1035,50.417,47.3728,21.1137,66.1884,6.6029,132.2953,maize
103.21,38.8026,46.0792,23.8422,55.0571,6.1488,151.846,maize
11.038,127.093,152.0353,16.3942,82.5272,6.8941,93.1573,apple
98.2465,59.2723,43.334,33.6687,74.3434,6.549,74.5997,maize
76.5844,54.8263,78.7581,14.8034,81.4335,5.3519,83.9691,strawberry
84.0416,33.2963,73.1229,22.8958,49.5898,6.3371,48.0917,cherry
5.4049,129.4082,150.3182,18.7296,70.4737,6.6765,81.7296,apple
11.3613,56.0457,60.2476,28.6314,51.3979,6.4127,90.8743,grapes
106.4913,50.3822,44.9782,21.7854,63.8153,6.5062,130.3808,maize
75.2209,13.2832,61.9914,20.6907,53.9319,7.0864,60.3507,peach
103.7019,55.4494,69.9168,17.6053,78.6788,6.9763,110.3657,cherry
78.9313,32.3903,59.2461,23.6765,66.98,6.6725,79.9871,peach
101.0706,56.7773,85.3328,19.9744,66.1604,5.5154,69.4282,potato
73.5568,46.9622,125.2984,17.2983,58.0864,5.7033,156.2825,potato
140.0,40.3388,76.7179,26.9687,67.0043,5.9038,96.9804,bell_pepper
49.7355,29.5971,88.3166,23.5908,50.8394,6.2874,56.8282,peach
96.3316,35.4492,96.7099,25.1813,80.3636,5.7203,129.1897,tomato
102.4865,70.435,70.859,32.9471,60.3001,6.2179,122.1232,bell_pepper
50.9469,49.5288,106.0499,23.487,69.237,6.0021,57.1982,potato
99.1562,62.7236,106.1624,15.8237,86.8877,5.6843,129.5784,potato
116.3584,48.7048,92.2999,31.0997,95.7377,6.8814,61.4222,tomato
113.7182,40.9393,40.4561,20.8495,74.1374,7.2187,43.7062,maize
140.0,57.3939,83.2923,26.1603,70.494,5.9087,118.795,bell_pepper
90.9302,74.3385,111.9451,27.2659,62.2771,6.1827,120.535,tomato
69.4092,44.2737,77.3981,21.4229,64.5027,6.8874,47.0504,cherry
122.9218,48.9841,101.2776,28.2511,69.189,7.0579,69.2636,tomato
62.5538,47.3602,136.1863,16.3647,76.6017,6.6481,95.0867,strawberry
63.8951,38.1616,36.6902,25.3548,62.1472,6.1462,107.5796,maize
20.4263,61.1701,56.9869,25.6832,58.1181,6.6506,41.0342,grapes
30.4556,38.9213,47.9279,26.1924,43.2626,6.7546,79.3855,grapes
32.2791,120.668,149.211,13.6702,70.5673,5.6046,113.1192,apple
92.0684,59.4399,46.3819,15.3732,75.5079,6.7998,114.1217,cherry
65.9146,39.5524,48.9157,23.547,67.2599,5.8832,88.1693,maize
49.0806,45.7428,40.1691,24.3269,67.682,6.4896,94.64,maize
89.2395,46.1426,97.4899,21.3055,73.0849,5.4918,119.4169,potato
115.8074,48.9768,33.5243,24.0729,40.9939,6.0164,106.6879,maize
64.0878,62.6312,71.4004,17.6306,66.2058,6.0059,118.335,strawberry
85.9703,52.6257,50.1861,21.6638,60.2076,6.537,51.737,peach
109.8661,60.6293,91.7515,24.1365,63.2715,7.1362,116.6009,bell_pepper
6.454,42.8379,60.3727,28.3504,66.7752,6.4291,80.495,grapes
86.4258,43.7938,100.1677,17.1213,48.3224,7.2737,87.7895,cherry
87.1414,39.2424,39.1408,30.6173,66.095,5.9396,109.0573,maize
112.2732,49.1381,131.7747,22.4488,61.8858,6.1425,115.1539,potato
58.3355,44.7817,118.5485,22.0836,74.4137,6.0135,122.5472,strawberry
15.64,144.4959,160.7732,20.5455,63.6204,6.7421,185.8495,apple
97.7492,42.1573,32.2233,23.2737,74.1841,6.1681,74.3362,maize
95.008,39.8511,67.6493,26.9853,76.4376,6.6573,170.2965,maize
68.269,64.862,74.8315,22.7713,78.7448,5.4952,67.3329,potato
35.6068,124.7553,144.1698,17.501,51.5644,6.2739,36.3116,apple
3.7131,54.9701,72.8102,26.9356,49.3904,6.4903,83.1868,grapes
65.2969,25.9549,59.4878,10.2552,82.3208,5.4539,96.397,strawberry
83.014,56.4546,26.9543,22.1478,54.5665,7.1877,137.1184,maize
102.4837,60.7678,88.6761,20.8968,66.2909,6.1647,124.0246,strawberry
91.4089,55.4378,41.5028,22.0095,62.3499,6.406,104.1837,maize
48.1301,120.1053,140.9872,18.0847,73.5489,6.1203,135.7587,apple
85.6219,54.7672,79.9076,19.2721,78.7899,5.8553,88.2561,strawberry
74.4148,50.7803,42.7195,23.0021,61.6406,6.2126,45.751,maize
85.0376,42.8451,38.5242,26.7785,76.06,6.0991,80.9188,maize
48.0784,54.7712,79.8187,19.7642,80.1992,5.7119,135.0678,strawberry
84.6606,55.4885,109.2728,19.2558,64.5275,7.6917,52.5597,peach
100.7426,59.2275,44.0321,33.7715,75.3121,6.5009,74.5971,maize
66.8005,41.296,43.5432,20.92,60.108,5.9186,108.6223,maize
109.3644,50.3712,67.0517,27.0918,78.6694,6.0887,100.0489,bell_pepper
8.832,50.8842,56.6994,28.072,63.1987,6.0186,85.5847,grapes
41.216,35.7317,68.3111,22.1341,41.2497,7.1412,16.455,grapes
121.6825,29.0566,109.3483,17.2197,69.78,5.5762,64.8718,potato
102.6032,74.8212,95.2122,22.1568,82.3614,6.8185,98.6139,tomato
136.6792,46.6088,87.3073,19.6835,60.8859,5.9831,92.2932,potato
103.6807,59.3843,69.0385,28.721,74.3835,6.4347,79.66,bell_pepper
133.7369,55.5926,62.4346,22.4296,76.8813,6.7692,81.3618,bell_pepper
92.7857,51.92,44.1071,24.0414,71.4342,6.727,137.8875,maize
84.4536,38.8897,101.2675,19.5782,66.9396,5.4019,116.2742,potato
33.6498,121.0057,154.3466,19.5299,66.6909,6.1539,112.0167,apple
46.2631,44.0032,48.8647,19.2214,57.6418,6.5007,102.1877,grapes
93.6949,60.9323,81.707,14.4726,60.6529,5.7868,121.4594,potato
80.083,41.1943,108.8373,27.0146,46.5283,6.2461,53.785,peach
74.8018,55.5823,68.3441,20.4504,82.5487,6.5871,101.7403,strawberry
84.2609,25.4006,99.4358,17.2208,65.7668,5.5929,82.6299,strawberry
82.9978,51.6599,45.1596,23.1496,59.9506,6.3106,145.5421,maize
83.5409,43.1925,85.435,15.0766,65.8709,5.5022,94.2941,strawberry
78.4562,33.5012,69.3351,17.934,74.5731,5.7849,53.016,cherry
100.3264,42.4916,110.8623,22.634,66.056,5.4886,74.5725,tomato
97.0331,52.2458,79.3513,18.4892,55.8684,5.9327,82.4953,peach
98.0586,55.8598,46.9308,17.6808,57.0652,5.8883,35.9859,peach
67.0049,46.5949,26.0936,18.0951,71.9187,6.0829,134.3191,maize
16.9682,61.5594,45.9662,27.8509,67.0001,6.0781,84.5041,grapes
49.6115,123.1804,145.1132,13.2577,58.7466,6.2516,124.244,apple
36.5874,136.0124,144.5881,17.4838,50.0248,5.9318,69.727,apple
36.0008,70.0343,48.7251,13.9955,78.8413,5.2372,98.3923,strawberry
107.5333,75.9714,91.1351,22.5453,81.2753,6.7111,99.843,bell_pepper
111.3359,76.2632,69.4878,22.1364,75.1772,6.4492,78.239,bell_pepper
95.8542,57.0986,118.3818,22.2464,76.4133,5.9421,100.1599,potato
94.8737,50.9027,76.1567,21.664,61.6703,6.0984,83.0623,tomato
55.8316,43.3957,71.7474,21.7181,55.4632,5.9091,64.3815,cherry
81.5959,46.6988,27.74,11.008,57.8136,7.1095,63.6753,cherry
140.0,50.1064,73.2419,24.2618,52.962,6.1725,81.4565,tomato
66.6962,31.0722,86.7479,21.7473,50.2153,6.68,111.9728,peach
80.7693,34.2712,49.8347,21.1224,61.9133,6.5652,102.7414,peach
46.5682,47.7557,63.288,22.7362,49.027,6.5197,80.4153,grapes
50.9673,61.535,62.1687,19.0735,64.4819,6.0603,85.2038,cherry
45.5714,48.7098,116.6108,18.071,68.027,5.789,93.7778,strawberry
56.0845,59.6781,77.8297,19.4688,57.2464,5.6002,51.2101,grapes
25.3404,124.898,137.4242,15.9819,72.1332,6.0851,62.0284,apple
5.8711,47.0509,30.6591,25.8845,48.5817,6.1394,109.6105,grapes
140.0,44.9678,49.0933,28.8353,60.2105,7.4516,98.6807,bell_pepper
4.1305,42.7152,48.6035,25.6861,78.0973,6.3487,27.4562,grapes
118.0094,56.4169,85.1679,30.2029,67.6858,6.4359,87.8849,bell_pepper
80.4175,43.7236,75.1462,17.8156,45.2253,6.6069,76.6989,cherry
74.9413,45.1065,76.8143,24.1183,74.5622,6.4045,96.4939,bell_pepper
21.9657,127.7306,144.8656,19.0968,63.439,6.3076,117.6501,apple
84.8475,52.6682,44.4112,16.8575,77.3609,6.1164,104.9734,strawberry
85.4114,66.3079,120.4468,18.831,69.7654,5.3707,117.6078,potato
37.8558,46.173,60.254,21.3926,47.3573,6.1875,48.8632,grapes
99.0641,46.1404,49.5252,21.1821,63.8126,6.8872,99.9176,cherry
32.5913,107.9171,119.0725,19.4161,72.2294,6.6535,139.577,apple
90.3405,43.0192,83.4692,25.5936,81.0989,5.6365,86.0934,tomato
87.7295,60.366,61.6918,17.3217,88.7372,7.3235,113.664,cherry
140.0,66.1034,58.585,26.1058,62.424,5.8306,130.6565,tomato
111.9052,65.5514,44.1328,29.8969,64.5902,6.7945,92.8232,maize
51.9642,47.1186,67.3885,25.7602,60.2697,6.5563,91.9613,grapes
58.7939,15.9144,74.8693,13.7415,59.3129,5.5337,63.4566,cherry
94.4162,38.2528,86.7541,21.7496,81.2266,6.1412,99.0067,bell_pepper
62.3704,33.1609,65.563,20.2122,69.4188,6.6066,85.4213,cherry
114.8592,59.9257,74.3179,13.9858,74.5985,6.1001,94.297,potato
22.2707,27.7801,42.2244,26.7325,49.0709,6.2507,135.8563,grapes
5.014,120.7465,154.1603,22.9192,63.4847,5.9618,146.8171,apple
73.3413,23.1611,125.0201,18.4608,78.4997,5.8085,108.1165,strawberry
111.5837,34.1372,90.8621,20.2523,72.0398,5.8003,122.307,potato
23.2701,126.3246,157.8211,17.6523,52.8394,6.2899,126.4923,apple
38.3828,107.811,148.3064,14.0735,60.1772,5.4489,92.3215,apple
125.7155,55.1429,68.3845,22.8947,80.1258,5.4915,73.451,bell_pepper
67.4501,45.6204,63.7425,28.863,52.0949,6.6108,33.5267,peach
41.4381,55.3503,50.3042,14.3097,47.6411,6.3745,95.0904,cherry
115.1989,60.4949,98.8259,16.1254,67.4131,5.6464,86.8751,potato
25.5252,51.2137,55.9913,24.4601,59.2469,6.9937,14.394,grapes
89.9863,22.2811,71.4715,23.6798,67.2751,5.3974,104.2781,bell_pepper
58.8422,36.6309,106.6317,16.4634,78.8159,6.0896,123.5083,strawberry
105.9421,36.1868,100.0679,24.7356,70.2199,6.56,42.9274,tomato
29.386,50.4568,41.5972,27.7964,62.5161,6.2635,60.187,grapes
122.6532,58.9405,120.2794,19.4761,68.3188,4.6595,129.5456,potato
115.3391,34.2938,65.5763,25.822,56.8457,6.4246,120.3258,bell_pepper
29.3652,123.4884,145.5878,15.1542,75.2124,6.2708,109.218,apple
103.4932,47.3954,102.6304,25.1147,72.557,6.5551,61.9636,bell_pepper
75.1384,48.8125,61.2881,21.5807,60.69,5.4081,56.3336,strawberry
47.1745,45.3588,93.2187,18.9492,82.123,6.0653,108.6644,cherry
74.3717,43.4215,26.0589,21.6558,49.2576,6.6504,202.4606,maize
79.985,54.2757,84.9,17.1981,55.2182,5.9059,62.4129,cherry
90.3933,53.8546,43.8742,21.9248,62.1634,6.4515,103.701,maize
44.0308,55.5708,67.7632,15.889,83.889,6.4805,94.3164,cherry
96.1547,49.9378,43.6321,21.2601,57.8103,6.8293,127.6506,cherry
26.9884,22.1987,51.467,17.7141,62.0742,6.8466,70.5911,cherry
82.8595,64.1462,59.3507,26.3583,54.2185,6.6052,134.0156,maize
6.5886,66.619,54.1115,23.2929,59.9935,6.1528,43.93,grapes
99.0968,36.4987,38.482,23.25,67.5109,5.5267,137.8911,maize
119.1784,56.7364,83.0344,17.3731,54.9428,5.9815,141.7043,tomato
7.7074,29.7899,64.8737,26.9778,29.4404,5.3438,74.862,grapes
140.0,74.1041,70.5172,22.6595,77.4177,5.9057,123.1564,bell_pepper
116.4346,43.0135,69.6385,22.4119,59.2118,7.0985,82.171,peach
126.0949,48.0865,74.4725,18.5841,70.7117,6.2581,106.5269,tomato
90.6632,27.4726,32.4364,27.915,81.7798,5.8961,94.1408,maize
133.2886,56.467,103.7083,25.5746,50.2359,7.0302,136.4391,tomato
83.4542,62.0556,58.6124,23.1184,62.5081,6.4172,102.5923,cherry
33.6898,61.7584,22.6355,26.4155,57.2944,6.8275,216.5974,maize
110.7707,62.539,76.4558,32.156,79.983,6.2529,88.6743,tomato
68.26,120.4135,146.7789,14.6366,55.7643,5.557,152.1183,apple
85.7365,34.4555,130.6753,21.2585,58.6805,5.5932,86.6167,potato
85.2657,45.8621,112.8385,22.4576,65.4689,5.1181,90.0897,strawberry
56.3705,42.9924,118.181,15.8702,72.9403,5.5958,77.8737,strawberry
91.5332,70.0824,67.6266,27.6903,66.5894,6.823,100.0518,tomato
99.4924,33.2537,82.5292,24.1074,68.6352,6.1799,137.9652,tomato
93.3023,33.7212,117.2334,13.9182,69.1645,5.5374,84.38,strawberry
30.8067,125.0937,170.7985,17.6867,88.1765,6.0535,91.3629,apple
7.9392,59.7648,62.3482,30.5835,50.8983,6.0523,71.0483,grapes
120.4549,48.8251,86.0241,22.8208,66.3641,5.3733,118.9223,tomato
43.8542,37.2344,48.111,19.28,52.5324,7.1804,81.2157,maize
11.5245,125.537,148.6318,13.7981,80.6578,5.9575,99.5523,apple
82.8155,41.6326,82.753,17.0427,37.6432,6.1247,61.2766,peach
73.1549,51.6273,82.1296,18.5821,63.4309,5.8339,91.1342,strawberry
132.7734,54.2335,89.719,26.7808,72.2708,6.3825,52.6013,bell_pepper
81.3322,53.7404,94.9161,19.2738,65.0562,5.8347,53.6192,peach
27.7353,134.2864,154.1649,18.9962,77.1517,5.9249,96.2492,apple
5.7202,140.3317,154.4034,14.3838,63.3754,5.6757,119.1926,apple
95.5832,36.9931,78.9171,19.9788,80.275,6.1879,101.3639,peach
99.5857,43.2737,118.6345,21.7833,89.1599,6.3385,102.4484,potato
92.3623,63.771,102.344,15.6574,60.0947,5.7638,118.249,potato
70.6046,39.2647,40.8631,24.8273,64.3132,6.5504,80.6019,cherry
82.5361,58.6882,70.2027,21.0866,67.5417,6.4187,75.8992,cherry
27.6075,142.2648,150.6366,19.3899,74.1045,6.3429,108.9557,apple
105.5887,55.5476,74.2414,31.0274,54.2981,6.4328,87.0723,peach
25.5422,51.1716,50.8056,20.7696,64.0103,5.7423,76.7595,grapes
64.7676,41.388,42.0358,21.2196,60.7728,5.9168,113.4571,maize
20.8605,50.0345,62.4596,25.152,74.321,6.3603,46.8405,grapes
5.5112,139.3191,160.7714,15.9438,69.5932,6.2467,99.0335,apple
61.7186,40.1932,59.1325,14.5146,70.7668,6.6343,86.0004,cherry
28.5985,126.3632,139.818,17.5428,73.7061,6.1789,54.4349,apple
86.5645,48.6543,62.0163,19.9993,80.4628,5.2413,100.4368,strawberry
67.548,52.5599,35.9011,23.3475,71.9834,6.1402,131.3206,maize
74.1135,39.0405,75.0472,22.0014,72.891,5.8518,83.5455,bell_pepper
23.8971,119.2264,171.4548,21.7064,77.6048,5.9826,93.6311,apple
30.9013,54.3095,41.1543,26.3849,57.2421,6.0413,61.4567,grapes
101.0579,32.0063,70.0441,14.6512,78.8105,6.6593,62.5536,cherry
26.3182,34.7901,72.3492,23.1798,62.298,6.8615,30.9129,grapes
100.9228,42.8617,75.7184,24.2512,87.2321,5.5015,124.2864,bell_pepper
119.1795,56.9998,113.2362,27.3556,67.7166,6.1524,83.049,bell_pepper
80.2733,56.5002,40.4104,22.5152,63.0234,5.9274,117.1735,maize
120.1555,69.3431,128.7283,29.2593,61.6127,6.4058,146.1432,tomato
125.704,40.6961,86.182,21.4009,88.5945,5.5054,104.5136,bell_pepper
43.8504,121.9881,150.4409,19.9744,72.2472,6.6203,68.2923,apple
69.6189,51.1189,71.1263,24.3627,78.9905,6.0198,92.9946,bell_pepper
61.9851,60.5041,93.9024,20.0043,70.1813,6.1653,77.9088,strawberry
81.5214,45.5047,28.73,23.155,76.7614,6.4796,57.1627,maize
30.5578,31.5265,80.5208,14.69,67.2175,5.7343,108.2501,strawberry
82.7755,61.0308,61.5828,21.6881,69.89,5.3684,136.4615,strawberry
23.849,34.5566,50.0877,26.9867,63.7768,6.6155,104.3531,grapes
107.8268,41.0216,93.8075,22.4457,66.7131,5.9605,72.9824,bell_pepper
14.4701,44.6739,62.3469,20.252,44.8966,6.0306,38.0324,grapes
103.2022,44.251,71.8741,28.0836,38.1166,5.266,69.6859,peach
83.4243,23.3391,77.0492,21.2752,70.4863,6.497,59.3591,cherry
106.1013,50.6808,87.4236,15.9321,74.763,6.5276,101.3065,cherry
69.0514,31.6406,68.4111,19.3054,90.1783,6.7161,66.1026,cherry
28.3527,112.9136,144.8868,16.9982,78.131,5.9859,104.2236,apple
33.5645,121.5486,145.8134,16.9696,86.3589,5.9143,143.9112,apple
7.067,116.8196,146.446,18.7177,66.1237,6.4249,113.3232,apple
99.6244,42.3303,99.0236,16.9351,63.0834,5.5573,148.8385,strawberry
140.0,69.1345,107.9689,21.1345,70.4033,6.3388,94.4833,tomato
131.0232,44.7372,93.0544,24.5508,96.0074,5.79,82.3513,bell_pepper
16.226,137.281,133.5807,15.9917,70.7901,5.7083,104.0959,apple
15.0412,121.4869,160.1295,23.894,78.222,4.898,90.74,apple
51.0802,53.1089,84.157,17.0035,76.8108,6.5048,99.0006,strawberry
17.466,132.5587,145.7994,18.5221,70.4186,6.1683,85.4636,apple
31.8418,46.4112,54.5121,20.3348,43.0731,6.2875,53.2843,grapes
19.0455,58.2581,44.2103,22.5909,63.4211,7.0585,46.1924,grapes
31.3583,123.7753,157.3585,16.2052,79.8833,5.891,161.6492,apple
118.0647,57.7036,64.79,27.4011,62.5932,6.3127,120.7531,tomato
96.2282,28.4182,103.1986,22.4129,72.4974,6.4159,58.9267,peach
86.5102,42.8832,31.3246,24.912,53.8367,6.5619,195.4197,maize
109.6392,37.6888,65.797,19.2314,70.8481,6.0589,72.4826,strawberry
74.9761,41.8951,38.1066,18.3736,56.7051,6.4354,82.4276,peach
59.8379,35.5651,34.4303,22.943,52.6204,5.866,75.8913,maize
119.6586,55.6626,66.6969,25.6489,60.4109,6.5896,134.1926,bell_pepper
60.6379,48.919,88.434,19.5732,76.3481,6.3499,98.6758,strawberry
3.772,125.0558,159.8586,19.3425,80.6285,5.3855,130.1441,apple
39.7852,117.8825,155.0857,13.2892,65.6789,5.7317,131.7915,apple
95.7852,44.8853,44.3547,27.1688,72.7753,6.3173,81.7968,maize
43.6771,34.3905,44.5723,24.0388,57.6187,7.1532,35.3136,grapes
121.008,59.5054,44.521,27.1119,63.7378,6.6187,111.2785,bell_pepper
110.1319,37.9905,108.1768,21.597,84.6187,5.7997,129.2131,potato
42.6385,52.2358,68.4266,21.8383,34.0898,7.2745,78.3483,grapes
55.2373,62.9607,37.9807,24.1794,53.4258,6.6191,82.2229,maize
46.979,125.9926,152.5991,16.4087,78.7342,5.9036,135.5279,apple
84.8537,55.4517,59.7615,18.9353,80.3413,5.8714,82.7963,potato
23.5592,121.2815,138.794,16.4417,62.5385,5.5262,121.2766,apple
103.8651,31.3871,127.2262,26.7814,75.551,6.5631,60.3175,tomato
106.6763,69.5028,109.4326,28.1093,62.6107,6.5698,123.1419,tomato
77.9887,36.7727,54.4005,24.9876,68.6316,6.4992,110.3026,peach
51.1699,132.3241,146.4407,19.5439,54.7948,6.2215,141.2793,apple
57.4712,48.4551,112.0044,22.0329,83.488,5.7006,89.646,strawberry
32.8234,129.5245,146.8662,12.7465,79.3024,5.8231,105.5669,apple
102.0273,71.3666,40.3514,21.1148,57.8381,6.0575,101.4212,bell_pepper
80.9872,50.0418,41.3576,11.8394,47.8192,6.2083,69.6945,cherry
31.8823,42.5945,45.0859,22.6811,47.492,6.1912,73.7097,grapes
89.3737,60.6156,36.0756,22.1093,66.6111,6.5838,76.918,maize
32.9519,127.7201,167.6184,16.9089,71.759,6.3259,149.7422,apple
97.1854,41.112,106.2974,12.0742,67.4539,6.1412,88.5315,strawberry
32.4728,54.1744,54.8148,23.3254,41.8358,5.8037,77.2267,grapes
98.7385,52.8894,70.9539,22.1123,77.5468,5.8107,51.3554,bell_pepper
69.3937,52.2196,82.3797,20.3827,76.884,6.0739,71.372,strawberry
69.077,25.4019,60.7869,15.7115,73.3331,5.547,121.5734,potato
76.7959,67.8457,92.266,13.5901,69.0152,5.917,103.459,potato
94.0121,48.3555,27.911,26.2392,64.9229,6.9023,81.9787,maize
93.3737,50.0116,75.1317,13.6107,58.4056,6.7954,60.1891,cherry
123.8967,71.2809,92.0485,20.843,54.215,5.7806,177.5643,tomato
11.7484,53.9327,61.1273,22.0465,59.3952,6.3521,64.3146,grapes
84.1956,62.1662,83.0224,17.8149,75.5867,5.4574,64.8482,potato
21.6915,130.6917,143.874,16.3462,63.8724,5.4705,93.9877,apple
92.6126,43.1508,106.3197,20.7211,60.8995,5.7746,134.5805,potato
64.4898,61.6541,38.4303,20.5429,75.234,6.7319,126.4133,cherry
99.8342,57.2636,74.552,22.5327,86.2206,5.618,118.5072,potato
7.2293,139.204,147.0921,16.7854,69.0449,7.0508,130.1578,apple
28.8338,115.2384,161.5074,21.3916,72.265,6.2063,131.4516,apple
16.3437,43.1828,56.6413,20.0313,55.885,5.7389,33.5856,grapes
90.8674,47.9649,100.1969,23.0945,80.8973,5.9773,127.0611,tomato
128.89,45.9661,63.3889,27.0271,68.3447,6.6479,83.7781,peach
87.1996,64.9966,94.4163,14.234,88.1038,5.1316,105.204,strawberry
29.7707,145.0,156.1431,15.176,82.2655,6.3339,147.1511,apple
102.0365,84.1332,88.8442,19.5432,77.5832,5.9042,138.3136,tomato
42.4531,31.8129,92.7411,14.0306,65.3181,5.2194,63.9749,strawberry
43.3038,29.9424,48.923,22.6473,53.4848,6.9874,40.2529,grapes
133.7046,70.2046,86.2821,28.8758,69.9775,6.1358,81.2476,tomato
66.9994,52.3359,51.2865,22.9417,47.0358,6.4888,53.2553,grapes
91.3069,75.1793,42.2385,28.6188,58.0052,6.3661,126.1263,maize
63.7162,40.7675,16.3237,17.5234,77.2943,5.8527,98.9899,strawberry
90.2246,47.043,90.4786,21.3898,62.1114,6.3374,151.2986,tomato
21.4733,117.3008,144.2193,16.7924,75.5516,6.1598,113.4527,apple
33.5178,116.1407,134.3301,15.7446,85.6957,5.7405,118.0381,apple
93.0254,36.9076,71.6306,26.1942,47.9261,6.3639,58.1992,peach
91.6605,84.7599,85.0291,27.9942,63.0619,5.7016,119.7357,bell_pepper
72.9324,44.7749,96.847,17.5621,82.477,6.4083,144.8585,strawberry
29.9113,33.4909,61.3161,25.9925,61.8211,5.8054,100.4921,grapes
140.0,67.5993,77.3222,26.5775,60.9088,6.5375,119.7532,tomato
68.0584,59.3112,93.6152,28.343,80.155,6.4027,98.4646,tomato
71.6042,43.8665,109.7858,20.3109,66.1506,6.1791,73.4938,peach
19.0699,42.3494,110.3411,17.337,58.9225,5.2951,86.4669,potato
91.0308,75.7979,25.8637,23.4514,65.2461,6.2201,140.2784,maize
25.6153,143.3047,147.6123,29.1135,76.8765,6.0946,144.7206,apple
74.3476,40.5865,57.8373,15.2978,84.9427,7.5232,67.573,cherry
140.0,31.9579,89.5746,17.3227,41.6589,6.0769,64.1051,bell_pepper
47.8263,48.0157,99.7659,15.0795,63.1,5.3747,105.2487,strawberry
85.8841,17.1023,119.3727,31.7257,70.0635,6.75,131.269,tomato
113.9054,40.6543,75.8992,27.4515,60.1042,6.6572,106.6992,peach
37.275,45.7172,61.018,21.1487,46.9388,6.183,50.9836,grapes
29.7852,113.4794,146.3632,17.0659,78.414,6.0038,102.504,apple
97.4384,46.787,78.6431,29.6558,73.4833,6.1801,81.1691,bell_pepper
49.8991,44.1762,84.7642,16.6887,59.6065,5.7571,94.4886,cherry
53.248,59.1691,107.7557,25.4747,85.0143,5.5385,102.2726,strawberry
77.777,79.6708,71.4208,23.9237,77.5839,6.0453,111.842,bell_pepper
87.0032,60.9971,70.7051,22.9617,46.4736,6.1129,65.7019,peach
4.0414,113.9373,152.5057,18.4603,53.3223,6.4433,167.8396,apple
37.0556,128.4528,151.2679,16.2272,73.5819,5.1593,128.2685,apple
113.5729,56.6379,64.5766,30.1002,68.1543,6.051,122.434,tomato
87.3488,70.0666,115.3954,26.3373,72.3846,6.5177,128.764,tomato
5.8126,127.7909,151.5295,17.0143,65.8321,5.6385,126.3846,apple
104.9159,61.1869,119.3305,17.4814,70.8495,5.3647,121.2822,potato
127.2039,30.0575,69.7888,27.7638,65.2482,6.6304,114.9688,tomato
140.0,45.1163,75.8322,16.5858,65.3181,6.0192,116.8661,potato
100.045,58.1128,87.0805,26.629,78.8175,6.2224,64.4312,tomato
92.3601,46.4322,78.9557,23.7344,60.3992,6.3354,111.2571,tomato
63.4076,38.4808,64.0577,20.2196,72.7759,5.0179,98.5264,strawberry
50.1707,115.5673,160.2502,14.9343,71.9802,6.4184,133.5641,apple
107.6897,28.2037,52.7283,23.2632,71.3078,5.8429,105.0767,maize
76.0706,33.1866,59.2262,31.3894,69.4661,5.8915,77.8956,maize
60.3541,38.7603,50.4766,19.3247,50.7755,5.8911,94.575,peach
140.0,45.0614,41.3496,23.5246,62.9413,6.6532,62.6417,bell_pepper
107.4415,54.9211,69.2585,15.5737,66.1952,6.3478,59.9225,bell_pepper
140.0,65.3462,119.916,19.1871,63.0048,6.0539,87.0789,potato
56.9751,59.3414,39.9321,22.5555,69.2201,6.4634,76.5715,grapes
106.9574,51.3983,41.578,20.4471,64.8199,6.0221,65.8308,potato
137.0289,62.8648,93.4927,24.1796,75.8645,5.8108,126.2139,bell_pepper
37.2252,110.7113,145.0483,16.2705,83.1699,5.8573,138.2304,apple
103.6572,61.6567,82.8222,30.4181,86.9475,7.1714,57.3183,tomato
12.621,55.1582,53.33,17.7483,72.2697,6.2161,74.8865,grapes
80.3521,61.0825,101.5646,15.819,60.0025,6.6587,101.1845,cherry
110.3018,48.8036,96.848,27.4828,65.1643,5.6441,134.3055,bell_pepper
81.7022,35.509,67.5631,19.2412,54.2115,6.8103,99.7111,peach
4.0021,130.0267,152.4315,13.7881,65.9174,5.424,97.1674,apple
125.619,55.6407,113.6784,20.4638,63.45,5.8308,155.5149,potato
26.4354,115.4561,149.7858,12.55,48.7977,5.6283,95.1077,apple
43.4363,43.1806,32.2685,18.4436,64.8556,6.0982,81.3217,cherry
93.9093,55.8126,60.9962,20.207,64.1368,6.5953,64.1614,tomato
111.7428,53.6226,130.8263,20.5857,65.2555,6.6001,90.3804,potato
60.8621,49.7844,115.6626,16.7438,79.6443,5.2781,59.7865,potato
130.7268,32.2141,58.2132,28.8291,91.0454,5.7956,77.7494,bell_pepper
89.5079,62.239,50.9765,24.7195,52.3131,6.658,56.4848,peach
118.1697,54.0209,48.6989,26.8284,72.0836,6.2267,115.9952,maize
10.2854,118.4745,158.2662,18.5764,55.4805,6.25,135.4417,apple
7.8407,135.3384,145.8992,16.738,74.6968,6.8168,162.8089,apple
108.9063,55.3354,91.2876,24.9223,62.0769,5.9068,90.5649,bell_pepper
90.6748,78.8887,102.4704,25.2788,72.3183,6.335,119.8355,bell_pepper
103.7378,49.051,66.6469,22.9656,85.6321,6.8351,92.0579,peach
63.0006,49.0149,134.3333,22.6625,75.8017,5.8052,121.1645,tomato
109.4575,39.6412,93.0026,19.4801,86.1873,5.5524,125.8687,potato
94.7505,62.5961,78.2756,20.6066,50.9102,5.8391,54.5121,peach
61.8984,50.4353,37.7179,28.2658,68.3594,6.9311,79.572,maize
131.06,51.0919,83.643,22.8765,73.3065,5.9156,45.2978,bell_pepper
59.1582,45.5895,112.6151,27.7421,71.7224,5.8843,73.3809,tomato
101.196,39.5688,127.923,15.1361,70.7925,5.7494,105.3419,potato
113.5463,66.0744,153.0421,23.2702,76.8303,6.7401,101.7081,tomato
98.2903,59.7804,37.2962,24.1338,67.554,6.5986,99.1771,maize
41.9251,121.505,138.158,17.5592,69.0523,6.2861,130.7085,apple
10.3731,127.0267,137.8982,21.1766,61.2361,5.4331,115.6903,apple
96.0436,55.629,91.0051,25.3663,60.4045,7.0055,43.8726,tomato
56.8849,47.2898,54.53,24.6262,63.4208,6.0479,164.5799,maize
111.209,46.682,24.8871,18.5849,66.9801,6.1794,74.2133,maize
125.0668,58.6594,82.9893,21.9236,60.007,6.4667,79.6392,bell_pepper
73.2755,51.0328,115.3625,21.5581,74.7073,6.053,110.5023,bell_pepper
52.9679,140.288,157.5153,21.5753,67.2444,6.0521,103.5747,apple
98.2695,56.7059,84.3785,20.5283,74.251,7.4828,95.0564,bell_pepper
75.7726,39.6796,61.9541,14.6662,66.2333,6.1728,123.9067,strawberry
81.5571,31.9238,77.4519,19.8081,55.7651,5.686,61.8592,peach
52.6967,44.6046,95.8239,21.5457,69.2775,6.1098,78.1112,peach
97.298,45.4275,73.6066,15.262,79.4756,5.6939,134.0415,potato
79.5706,43.4285,32.8276,28.2064,42.3707,6.6888,91.5665,maize
77.7504,51.187,91.4984,21.1826,47.0536,6.5356,65.4675,cherry
80.4366,59.928,71.5197,21.556,68.1829,6.2756,112.304,cherry
96.6274,36.8258,121.1637,26.7197,63.653,5.6034,119.0257,tomato
74.2809,52.7084,116.0274,16.1416,81.3607,5.436,135.9913,potato
84.9479,53.9757,61.61,11.4346,55.3861,6.3726,107.367,cherry
19.4324,136.7129,127.2491,15.0774,68.2698,6.1937,158.8833,apple
56.1477,48.7528,77.6789,21.8139,64.1426,5.7641,99.9531,strawberry
117.1221,29.1799,88.685,19.221,77.8864,6.6175,70.586,tomato
139.5296,51.7994,85.8204,23.3886,92.5244,5.8683,132.9876,bell_pepper
46.9463,47.4433,60.8849,22.4158,55.5268,6.722,37.2271,grapes
119.6994,64.007,107.9472,22.1491,70.566,6.2328,94.0367,bell_pepper
97.5142,51.0936,90.7596,22.6959,70.041,5.3719,64.0634,peach
75.1923,61.0685,102.6989,27.298,67.1585,6.5148,73.5433,tomato
116.4787,54.3289,108.5115,24.941,62.2167,5.4754,80.8964,bell_pepper
105.1168,67.3291,85.8536,26.9151,57.8582,6.1188,83.3375,bell_pepper
93.9261,31.6545,69.4673,24.8566,55.1029,6.0817,65.7258,peach
76.842,53.7421,53.7456,19.919,67.1235,6.13,35.8883,peach
125.9071,45.7773,56.0815,30.2837,79.2714,6.0153,99.9551,bell_pepper
82.6015,48.6505,74.1054,21.9114,70.9474,5.2709,70.4724,strawberry
78.8154,57.3605,83.3908,27.2184,73.9448,6.4885,122.766,tomato
90.418,27.9936,32.7871,28.0534,81.1673,5.8918,92.6239,maize
110.6205,59.5446,91.2844,27.5055,80.4587,5.7599,148.068,tomato
31.1097,34.7098,56.9771,20.9325,45.1717,6.4444,55.205,grapes
35.8286,117.6898,172.9735,13.3731,57.6259,5.3299,115.7943,apple
139.9286,49.9833,101.7676,28.7749,78.9022,6.7792,126.3272,bell_pepper
37.9169,39.2302,106.0724,12.2461,95.2686,6.0834,51.5371,strawberry
94.4789,59.4339,109.5273,21.9317,64.5018,5.7545,185.1823,potato
118.0661,103.98,85.5107,25.0782,72.6366,5.7393,101.8351,tomato
119.1348,42.5731,113.2689,17.6548,59.6413,6.5147,134.7595,potato
47.0668,132.5431,135.332,16.4517,79.5627,5.7867,143.2349,apple
121.4244,76.069,64.2412,17.1103,72.3671,6.4641,61.2218,bell_pepper
94.6093,56.8984,73.0445,20.379,58.7857,6.7706,115.0324,cherry
67.8246,42.393,41.1913,21.8046,69.6327,6.5309,65.786,maize
130.3888,41.029,99.036,25.0631,78.2332,6.4761,83.2579,bell_pepper
114.2664,60.7063,80.8651,20.9458,75.9403,6.1928,121.5654,bell_pepper
79.4748,52.262,82.647,31.3531,82.5294,5.7942,68.1482,tomato
69.5862,71.465,49.5734,17.0358,70.0312,5.8587,23.3471,cherry
27.6092,36.1347,68.288,25.0623,47.0133,5.7111,43.6798,grapes
4.9668,55.4076,61.5128,21.4883,59.8723,6.4988,54.8327,grapes
140.0,68.5308,66.4947,28.3369,76.1859,6.143,62.4964,bell_pepper
70.7225,59.4603,86.0072,16.338,62.9962,5.3156,149.8598,potato
92.0706,37.7792,62.1412,25.6658,42.4312,7.2394,72.8123,tomato
76.2495,72.164,142.9439,24.5941,69.4393,6.9625,57.3119,tomato
26.0134,115.9348,147.7995,12.5917,48.6944,5.5648,96.7048,apple
35.1651,130.0059,147.5543,16.0445,77.0422,6.1428,49.297,apple
127.1414,39.7661,133.8679,28.4408,88.4386,6.8888,111.7689,tomato
13.2421,47.111,56.4666,21.1302,69.687,6.6188,89.4419,grapes
33.5393,22.5659,66.74,22.3347,54.4252,6.264,35.3005,grapes
123.4311,46.5027,51.9746,25.0676,70.0684,6.1271,62.8698,peach
64.6599,41.8779,53.7543,23.9218,68.8519,6.5612,115.9859,peach
25.669,124.7541,140.4066,24.1872,70.5289,5.8068,115.0875,apple
102.6729,51.5358,85.8359,25.6718,77.098,5.3516,112.2977,bell_pepper
69.0941,26.2341,106.6552,18.48,71.7612,7.0071,91.4207,cherry
3.2164,123.7846,140.8448,17.6755,82.1472,5.924,118.8512,apple
12.8017,119.7326,158.0043,19.0464,78.1602,6.08,142.2507,apple
64.6883,50.6459,80.2995,17.5513,86.6218,5.9088,74.2323,cherry
40.0954,47.8815,60.1221,26.0044,52.6757,5.8716,48.6697,grapes
89.4221,33.0788,26.2217,20.1005,79.8432,6.062,137.0489,potato
42.9229,33.5456,101.1258,21.3067,73.3326,6.0993,82.7188,strawberry
110.3059,38.0455,111.6845,21.6051,77.3396,6.7269,61.4395,cherry
18.3805,144.5601,138.6069,20.4954,62.6769,6.8573,143.6001,apple
9.1723,50.4785,55.5375,27.808,62.4866,6.0428,86.7819,grapes
29.473,125.0955,140.024,17.5672,73.68,6.1713,55.139,apple
101.6093,67.4018,84.7972,23.9496,77.4334,6.0244,87.9236,tomato
5.5755,128.1846,137.2134,13.0479,72.5948,6.4992,106.1537,apple
53.6078,41.1386,82.9632,17.8392,66.3963,5.9772,89.7409,strawberry
80.2504,52.2858,36.4489,25.9332,59.3453,6.6125,120.8555,maize
96.5734,46.1389,123.3168,23.1955,76.5218,6.1106,82.2461,potato
47.5666,29.1158,125.4022,17.1324,78.5546,5.9476,99.8143,strawberry
95.9984,50.3381,44.8986,23.8217,71.0145,6.3679,74.3364,maize
88.5647,51.2261,71.1828,16.3239,67.6346,6.1031,83.0184,cherry
91.6169,74.2165,127.5421,26.5687,75.2199,5.8628,120.6437,tomato
58.1071,45.2006,67.1574,18.3229,68.638,5.6197,112.101,strawberry
140.0,49.321,120.0207,25.8723,62.1156,6.8043,164.6156,tomato
5.6396,127.8754,139.3001,13.2596,72.9052,6.5397,109.9026,apple
61.2328,45.6133,81.0266,26.2793,69.4909,5.8728,95.5791,peach
16.5853,51.6798,71.3595,26.7247,47.2615,7.0102,67.147,grapes
74.3251,40.497,35.0291,20.0909,51.0753,6.3108,86.5979,maize
33.4157,71.6075,45.9684,21.3212,56.5263,6.8767,18.2614,grapes
30.8096,114.4272,134.0772,13.3599,89.1381,5.6341,118.0835,apple
86.7123,43.6762,61.5413,29.9126,65.3271,6.4547,91.809,maize
72.7004,65.7758,106.6143,31.8985,51.9527,6.4184,56.8027,bell_pepper
61.3188,35.3222,48.8325,15.8445,56.7132,6.6973,73.8336,peach
91.5809,43.9732,34.706,30.5836,74.427,6.7742,126.5149,maize
31.2484,51.7492,56.8573,19.5394,72.8316,5.4363,128.4327,strawberry
75.4579,43.7059,42.7237,19.2857,70.4623,6.629,70.674,cherry
114.5959,27.9856,83.2607,22.9758,64.5648,6.9247,128.5736,bell_pepper
116.5953,24.2774,93.1813,18.9965,74.9205,6.2806,99.6723,potato
29.0945,53.1489,66.9794,18.9925,59.3615,7.114,117.9569,grapes
101.0123,50.4368,78.1822,23.4522,59.3338,6.17,72.373,peach
91.4138,41.0553,59.3782,21.3797,62.608,6.4297,68.7189,maize
81.2329,38.242,60.3661,14.0011,51.8324,6.3144,99.6076,cherry
118.7921,57.9953,87.2231,19.2872,73.0361,6.2015,94.3408,potato
124.486,47.496,77.1068,19.4963,78.0222,5.6399,81.4597,potato
61.7191,56.8447,110.591,18.3564,62.1659,6.3112,85.9453,cherry
58.6923,44.3859,98.0266,17.9064,72.464,5.0674,84.2899,strawberry
63.2889,46.8515,94.3839,16.3166,85.0886,5.4519,95.4435,strawberry
68.7095,46.7415,73.1106,22.7535,74.1392,6.3334,103.4234,cherry
13.0255,34.1714,38.0659,25.4859,66.585,6.4975,54.6332,grapes
94.1455,29.8331,93.1015,26.1542,50.1704,6.4336,104.8837,peach
84.7323,38.0317,97.995,16.7569,58.9877,5.9097,85.9397,strawberry
100.1047,55.6623,53.031,21.2977,74.5852,7.1706,98.8071,maize
86.2748,64.2733,74.0251,23.5989,51.038,6.0353,84.8511,bell_pepper
82.1607,46.8615,63.2894,22.1739,62.5917,5.5897,118.5401,tomato
96.3665,49.2194,76.4835,14.9062,43.0407,6.3015,101.2784,peach
47.6148,38.1892,51.8555,22.1234,57.777,6.9147,151.0362,maize
34.9028,130.1375,149.9078,16.0596,77.086,6.1395,50.3235,apple
77.4821,29.4043,52.0796,21.7382,77.3417,6.329,81.3584,maize
13.6206,49.1552,60.8425,20.5351,61.1374,6.4926,62.3612,grapes
12.5226,139.0432,139.3237,19.8677,76.588,5.5911,102.8158,apple
93.3872,40.1721,83.5871,22.1345,65.5234,5.6662,98.2785,bell_pepper
24.0412,50.1789,65.1157,27.8716,68.6987,6.8314,132.5122,grapes
29.9195,30.6148,59.7738,26.9234,48.331,6.2765,86.1505,grapes
80.6963,61.9444,67.4247,25.5771,75.1477,5.1915,126.5528,bell_pepper
90.8963,43.8455,30.1671,25.8888,64.9654,6.7422,132.9283,maize
126.6097,48.4186,80.4151,26.7913,56.8636,7.3267,96.7325,bell_pepper
104.1264,68.2035,74.0724,24.108,77.5394,6.3043,96.0062,bell_pepper
117.4628,39.8286,129.503,26.5181,64.7495,6.0369,89.7884,tomato
19.3478,61.8497,47.3727,27.3693,67.3638,6.0853,85.4963,grapes
118.0088,28.7095,59.6847,18.174,57.885,6.1724,102.0947,cherry
86.7774,44.6663,85.1615,19.8851,70.2215,6.1503,106.7072,potato
91.8796,37.4359,39.9144,31.4428,69.0293,6.8993,52.1709,peach
49.8708,55.708,33.4306,21.1613,58.9686,6.5622,63.9005,grapes
72.5354,57.852,111.5311,29.7639,90.8593,5.2537,62.8186,tomato
27.7422,112.4972,149.5233,14.1974,88.1915,6.3563,122.37,apple
33.2339,55.3974,61.3792,22.4907,80.8229,5.7987,98.832,potato
49.0231,31.5066,92.2064,17.5255,75.826,6.0379,143.5476,strawberry
69.981,57.6112,78.5481,15.6319,45.3305,5.8008,98.7224,cherry
19.8302,54.3602,52.3282,30.4757,51.7025,6.2354,77.6988,grapes
115.7442,37.9721,77.3256,24.0948,69.1372,6.2471,75.6711,bell_pepper
63.0698,36.2189,53.4059,23.3917,60.3631,7.2449,73.2607,cherry
117.0008,83.8602,85.1456,30.0846,69.0425,6.6889,124.8981,tomato
76.1667,28.7365,51.379,20.1382,54.741,6.498,66.5314,peach
56.1528,42.8633,32.3004,19.0173,57.8098,5.9782,123.5669,maize
32.8446,64.7758,58.4513,21.9108,55.6175,5.6037,56.1533,grapes
100.2321,54.0223,78.3667,22.6117,54.629,6.1599,95.7746,tomato
65.3444,52.3721,114.7746,21.9282,74.3029,6.076,122.3822,potato
82.7467,58.1053,28.0705,25.9729,57.6429,5.743,65.0267,maize
135.1262,11.6929,74.5722,18.5187,63.5327,5.5286,145.5266,potato
83.0218,53.6413,71.1454,19.768,80.9621,5.944,70.6238,potato
63.1939,59.8338,115.363,13.4964,70.0104,6.0627,91.3705,potato
8.8359,60.3208,64.2127,30.7092,49.8771,6.0721,77.6697,grapes
138.5536,86.6217,60.6255,30.1542,78.604,5.7928,84.8269,bell_pepper
29.6368,56.8627,34.4635,26.0145,53.6135,5.7589,73.1522,grapes
73.4774,25.87,93.6842,18.657,62.7893,5.5041,97.7966,strawberry
90.4662,37.4201,72.0424,16.3681,55.6202,6.6439,73.102,cherry
59.3744,52.0233,45.3004,24.9835,60.3517,6.7459,49.1634,maize
83.9938,50.8649,63.9269,25.1538,43.3091,6.5326,109.3737,maize
77.1272,48.8531,102.5486,24.3425,87.1962,5.5726,88.655,strawberry
101.0227,51.0078,52.9462,23.9348,52.3586,6.7597,91.661,maize
135.2295,65.1231,81.7055,25.0747,65.0779,6.3507,110.5542,bell_pepper
98.56,58.16,88.7181,17.8623,66.3986,6.0628,111.5751,potato
82.3256,40.6916,77.0778,16.5852,57.0866,6.5409,72.3527,peach
80.9639,38.8479,84.2534,24.2562,63.0773,6.1087,108.3008,strawberry
84.6045,53.8935,47.1525,22.1855,69.7818,6.112,85.4708,maize
53.2024,51.0837,81.7647,23.3211,62.1442,6.6685,96.5503,tomato
140.0,35.027,71.3076,21.3526,79.0518,6.5607,75.4272,tomato
5.2285,67.4426,50.8837,27.7833,48.8716,6.3617,104.0548,grapes
17.9131,58.02,51.743,25.8889,54.4232,6.4048,36.1104,grapes
7.8258,119.8492,152.0587,13.4259,70.021,5.8867,148.9517,apple
71.9705,48.0493,114.1637,15.4847,80.5405,5.9611,154.94,potato
95.8842,46.9886,52.7115,30.805,62.2655,6.7019,36.3135,tomato
118.5907,47.5307,47.3535,25.2764,72.0994,5.92,100.0649,bell_pepper
80.392,44.092,52.8533,18.7592,69.7188,6.219,13.3616,peach
86.4454,72.4308,86.8312,12.9486,76.358,5.311,78.3411,strawberry
49.4089,23.8573,57.9229,21.624,61.4664,5.9931,72.9743,peach
95.7205,37.0911,56.5055,13.391,65.9345,5.7045,64.2568,cherry
21.8003,145.0,149.3689,20.4149,57.0493,6.2523,102.0429,apple
67.0049,41.7004,81.609,22.8473,74.1861,6.1126,91.2541,bell_pepper
89.8325,48.6344,47.9519,21.1128,64.9661,6.5711,134.3915,maize
105.8258,74.0851,77.4739,28.3596,72.5677,5.5152,77.4497,bell_pepper
4.3116,135.4496,138.6488,19.291,69.3362,6.3828,105.4755,apple
110.2521,60.8605,58.9643,20.28,58.5268,5.898,100.7374,cherry
15.4288,114.29,150.367,16.7257,65.0149,5.9874,85.2865,apple
73.2871,35.6571,76.2018,21.6986,60.394,6.8161,49.9207,peach
95.9438,45.2417,73.8041,17.6013,71.5843,6.8281,76.6853,peach
117.3929,48.3192,67.7859,24.7259,60.3523,5.8336,78.4311,bell_pepper
72.7507,32.3685,75.98,19.7888,51.7528,5.9356,18.6411,peach
92.7656,43.2179,100.5676,15.6635,65.4285,5.381,87.7794,potato
48.967,42.4013,77.3407,21.1844,69.8139,6.8105,65.8405,cherry
29.9858,121.4717,146.0231,22.7704,70.628,5.8001,80.7077,apple
73.2548,56.0481,84.7401,13.0672,82.2476,5.8787,33.7094,strawberry
52.5886,138.8378,158.7932,21.7479,66.3099,6.1023,106.3802,apple
56.5478,50.2469,79.9213,19.5008,90.9957,6.35,90.1073,strawberry
82.7024,59.7064,91.9475,14.8937,91.9646,5.5996,65.5657,strawberry
82.9743,62.0688,44.7448,25.8088,67.1913,6.4891,77.4175,maize
85.6963,30.7549,87.7027,27.6722,58.3792,6.1236,103.2794,tomato
71.9003,47.1599,43.9078,28.5662,62.731,6.7645,149.926,maize
105.5565,46.9118,69.3307,18.6519,75.3389,5.8216,57.838,cherry
86.5728,61.5161,60.5003,24.9334,48.5527,6.247,55.9563,peach
117.6381,74.5229,86.6179,28.518,90.2268,6.3036,126.3002,tomato
65.7194,40.7105,65.7856,15.3692,76.6718,6.3785,64.4714,cherry
78.7644,33.4254,45.6645,26.1013,60.4605,6.1984,123.6268,maize
113.9072,59.6278,103.1886,20.8865,65.5588,6.7313,124.9174,tomato
124.8665,43.4524,74.5674,19.1221,47.7862,6.7756,63.3675,peach
71.5628,68.4059,86.934,19.4053,73.5121,7.4978,61.3177,tomato
14.0729,135.1296,145.1369,20.464,74.5487,6.0378,141.7234,apple
39.6267,56.7494,75.2075,25.5266,46.9036,6.454,116.7857,grapes
102.5042,56.2026,62.098,21.9481,51.3027,6.4464,91.4459,peach
53.1956,64.425,52.1047,31.364,52.8545,6.947,108.4024,maize
97.7356,71.1817,49.5429,28.3799,57.057,6.4839,73.639,maize
121.2972,61.2644,71.6281,21.1381,57.0205,6.5719,123.2297,bell_pepper
83.1427,44.8785,38.193,23.0268,72.515,6.4468,111.5966,maize
82.4042,33.2865,36.2583,22.9307,65.19,6.5751,153.3177,maize
88.7297,52.0277,75.2565,18.2579,66.204,6.3528,75.2671,cherry
21.3802,63.6145,68.9171,26.0003,62.7827,5.8511,62.774,grapes
139.6659,23.6508,93.1539,24.4767,60.5008,6.0149,60.6244,bell_pepper
51.6152,36.404,70.4723,27.8459,56.6922,5.2884,28.3878,grapes
9.2947,132.6743,154.6329,15.3657,59.7504,6.7638,143.7858,apple
26.9586,43.6263,103.5189,20.1418,70.6857,6.2373,130.3753,strawberry
75.004,66.6228,54.2708,22.9015,72.2959,6.1575,96.2822,cherry
82.8171,63.7118,63.2598,15.4193,54.9665,6.4987,62.7351,cherry
104.479,30.8806,77.2579,16.1335,69.6721,6.887,71.4276,cherry
44.7808,141.664,137.0713,16.5965,61.8918,6.2325,155.5858,apple
106.4686,54.925,80.943,21.1802,57.9823,5.9592,70.6095,tomato
90.1143,45.0951,64.9519,26.6136,64.3619,6.0543,93.5882,tomato
20.6565,50.1648,71.4083,25.1246,46.272,6.1166,32.186,grapes
7.922,120.6783,159.1152,15.4755,75.9551,6.0932,127.4969,apple
6.218,49.9734,60.0184,23.1045,58.3039,6.4685,104.9028,grapes
32.3448,73.3293,54.5451,29.9523,50.5781,5.7778,140.5213,grapes
92.5584,67.8634,34.7579,23.8109,69.3667,6.4161,86.0916,maize
88.235,45.538,50.4455,26.5937,61.8967,6.5352,148.3868,maize
76.294,31.2082,66.5856,19.2907,72.6782,6.533,54.6501,peach
90.1512,50.4479,42.3318,27.7736,59.3145,6.1867,51.5544,maize
56.1561,29.7656,41.9486,22.998,63.2783,6.3792,81.2189,peach
117.0452,57.6912,70.0167,31.9766,63.4584,5.6608,135.9395,tomato
91.7338,34.6957,72.1864,16.2664,55.6384,5.9828,73.0639,peach
25.9882,42.9194,52.065,26.4382,49.5034,6.7046,149.2233,grapes
18.8205,145.0,151.7564,15.5332,55.2998,6.4668,109.3472,apple
56.3109,31.1758,127.4818,13.828,74.7083,5.2591,124.4775,strawberry
3.4342,120.107,163.96,16.1707,84.4969,5.8907,109.8247,apple
84.7574,49.0044,28.8137,22.3669,62.5652,6.5997,121.1093,maize
95.8285,30.0124,56.0795,33.223,90.4743,6.2786,64.3832,bell_pepper
71.4757,60.1697,111.7619,19.7102,70.4015,5.0754,121.027,potato
88.5454,38.7467,78.2478,13.6899,60.5146,5.9766,41.7819,potato
34.7563,52.9202,41.1386,20.36,58.1091,6.608,80.9742,grapes
16.3513,19.8393,54.6399,24.8214,48.4206,6.2645,90.4963,grapes
45.3955,121.0943,151.5555,19.8467,72.2834,6.6157,67.6715,apple
89.6599,48.3881,70.311,24.022,70.5244,6.7706,71.6314,tomato
40.1193,105.5054,150.7128,17.6,55.3216,6.5029,119.5417,apple
77.7366,51.2523,52.2003,23.4356,59.5431,6.5096,94.6251,cherry
93.9395,24.2489,81.8094,17.4852,65.0214,5.877,66.6832,strawberry
111.7939,66.2205,45.2011,23.8247,92.4025,6.2822,99.1466,bell_pepper
85.8856,24.0699,48.2166,21.3145,59.2586,6.6552,113.0638,maize
112.8173,43.5957,84.1819,21.0661,68.8089,6.2256,55.0725,bell_pepper
80.1746,39.7903,73.975,17.2917,60.1145,6.3349,109.658,strawberry
25.3769,144.5841,145.2745,29.0453,77.6979,6.1296,146.0186,apple
75.2337,62.3389,58.2272,22.3575,64.5024,6.4623,113.9921,peach
85.9074,58.4017,82.7525,23.6697,82.7333,6.8278,29.5292,peach
80.2281,61.4298,82.5406,22.3041,55.6431,6.394,44.196,peach
71.7319,52.9409,87.4242,20.1175,51.1208,6.3514,98.4235,cherry
87.8053,17.7477,138.1612,19.5128,62.5153,5.6193,107.2083,potato
70.5471,26.4527,66.5106,17.1769,82.4548,5.1207,76.9957,strawberry
97.1147,48.5409,77.6749,24.1288,84.2511,5.6638,136.2672,potato
55.7248,35.1233,32.7888,19.3771,77.2701,7.3074,85.8965,maize
101.0045,30.4081,67.4582,20.0507,51.1922,6.0787,65.9978,peach
8.9665,135.0819,145.9386,15.6567,65.0386,5.0594,158.4703,apple
92.8427,40.7803,69.5653,25.125,87.5735,5.6756,114.7237,bell_pepper
80.0296,21.8841,78.1552,28.6956,79.4228,6.1479,95.2488,peach
44.6567,35.6408,76.6937,18.5419,70.8505,5.3115,91.8877,strawberry
52.6907,49.1856,46.3944,25.5809,69.8743,5.6363,57.5588,maize
34.6768,131.7219,148.6586,16.098,76.4938,6.1013,51.0098,apple
73.8652,64.7496,76.8675,15.0281,84.5207,5.7547,112.6819,strawberry
90.6485,64.4738,96.6998,22.6756,70.2332,6.3183,97.541,tomato
83.3156,32.9698,81.9242,18.377,68.0653,7.0357,65.3806,cherry
5.8152,57.9557,62.1722,24.2998,42.6102,6.096,117.1104,grapes
136.8734,30.458,87.8585,25.3389,71.6242,6.1584,43.8545,tomato
32.6765,30.9927,61.3248,25.7594,61.9928,5.8482,101.1543,grapes
5.1777,39.7023,49.6481,22.5609,52.7544,6.2665,27.8585,grapes
59.6013,33.1169,90.9735,14.0138,79.0781,6.1386,126.907,strawberry
4.856,109.8555,156.9848,13.1152,64.8647,5.971,130.5358,apple
77.4986,63.2577,77.5654,18.4573,70.6262,5.3744,127.9136,strawberry
97.0004,51.0047,69.1531,16.7806,80.7627,5.8023,115.9851,strawberry
88.301,20.7962,62.6816,19.4478,50.865,6.0343,69.1128,cherry
22.0113,41.2907,66.0187,25.5766,51.692,5.8878,13.1922,grapes
112.7439,49.4996,101.486,21.5697,82.6663,5.2929,101.4685,potato
33.5479,48.364,71.9426,20.4429,75.6285,5.4943,73.1568,strawberry
47.2236,134.3139,144.9056,19.0577,62.8916,5.7365,120.5044,apple
55.0556,138.2415,152.0991,17.5286,77.2428,6.2272,106.5276,apple
122.3384,71.432,96.3781,20.9374,60.1256,6.2799,83.3961,cherry
107.6966,73.5525,90.574,11.4951,65.4776,6.4199,52.098,potato
12.9884,122.8246,160.9825,24.4069,79.3841,5.8121,107.5645,apple
86.4257,42.5447,103.3121,17.0378,77.0072,6.8018,108.8068,potato
46.2808,55.8863,54.1606,20.1593,72.2332,6.1403,56.8726,grapes
49.7366,106.3651,145.6512,16.2276,75.0136,6.6034,116.0894,apple
61.3099,35.9184,45.4985,17.5612,63.8966,6.0049,107.5209,maize
110.0592,57.1151,94.81,31.1347,67.2039,5.6096,99.2471,bell_pepper
3.6104,51.7159,46.9813,19.9103,45.4204,6.3094,98.0305,grapes
116.7444,35.1887,72.7713,26.5375,60.4368,6.4611,140.6655,bell_pepper
42.7421,56.3567,75.7545,25.3328,47.0373,6.4538,116.27,grapes
77.7546,27.8731,50.0568,20.2705,62.0397,6.6851,62.5981,cherry
19.7246,44.0649,62.318,23.4683,63.8507,7.0996,73.3807,cherry
47.956,58.5775,80.981,16.4455,76.0809,5.3077,89.6787,strawberry
79.9646,47.6672,77.9629,31.7286,50.7572,6.4329,128.1344,tomato
51.469,44.482,86.0667,19.58,72.3169,5.9768,84.5389,strawberry
66.7634,32.8087,55.2477,22.6049,63.0164,6.5143,107.5639,cherry
23.7846,65.6008,63.6281,23.0741,51.9952,6.6269,117.8281,grapes
108.8737,68.4525,46.6562,22.8173,87.7238,6.2388,83.6542,maize
64.361,59.9214,46.729,20.0438,75.5377,7.2764,140.9274,maize
80.1809,50.2395,89.3816,28.1829,68.3887,6.1014,70.136,bell_pepper
20.8849,128.2749,142.3047,14.7733,86.8021,6.2035,177.0025,apple
79.0883,37.1636,53.8229,18.4168,50.5571,6.0358,150.2489,cherry
102.7238,29.9113,74.9349,17.4934,74.2814,7.1309,81.2138,cherry
34.2612,135.0781,131.5034,13.108,55.4518,5.8359,57.6239,apple
83.9767,53.3383,123.6997,23.1764,88.9884,6.849,8.6992,tomato
31.672,32.2578,55.1699,15.6465,76.3724,7.085,70.6748,cherry
15.3186,47.3358,47.2996,22.0069,59.1941,7.1343,58.6282,grapes
108.7612,45.2833,45.5444,21.5538,60.9427,6.4374,58.5303,peach
50.3016,43.7048,72.2363,17.9511,85.8406,5.651,65.896,strawberry
5.2576,105.532,159.2336,11.3112,65.541,5.6456,81.314,apple
140.0,56.1093,94.2175,36.8507,77.2865,6.5944,106.5868,tomato
127.1149,73.1225,108.389,16.1881,65.0746,5.8829,124.6477,potato
120.1435,59.9836,80.5207,20.955,70.4468,5.404,79.7328,bell_pepper
63.8859,32.058,92.3591,23.8895,61.9617,5.9163,50.2256,peach
89.2563,32.762,146.3388,27.9174,67.9521,6.0248,95.6287,tomato
84.9525,23.9974,45.3165,15.5506,79.4542,5.8158,66.1181,strawberry
91.4001,42.5871,36.3946,17.4082,73.9704,6.5591,99.4741,maize
140.0,43.7938,107.6996,26.9104,79.7906,6.7101,78.1789,tomato
60.221,41.7643,65.2936,13.5746,69.7487,6.4721,87.2945,cherry
46.7275,60.8757,48.3041,21.8508,48.4165,5.7893,105.1202,grapes
32.3198,118.4521,173.7886,13.3034,56.8517,5.3627,117.0363,apple
86.851,67.572,114.8166,26.6902,76.9998,6.0592,87.0228,bell_pepper
55.825,136.6116,152.9015,17.542,77.3406,6.1892,104.187,apple
21.7497,125.1937,146.3132,18.8323,45.7558,6.2608,165.9369,apple
109.96,59.1741,48.3308,30.2254,72.0,5.9591,70.1275,bell_pepper
48.4386,32.4058,85.0243,18.0974,79.7212,5.821,115.3438,strawberry
71.2735,58.3364,52.0758,26.2233,56.622,7.0088,145.3837,maize
80.0262,58.439,64.0846,24.1199,67.7545,6.8094,75.5764,peach
19.9168,109.5573,140.7328,21.4551,61.3045,6.3085,136.7671,apple
80.0427,38.4226,64.159,25.6042,64.9844,5.6596,97.9734,cherry
92.1322,24.4297,86.652,18.3008,75.5407,6.5212,100.8957,strawberry
26.1422,45.3025,41.9263,24.802,73.9061,5.9828,52.1172,grapes
75.7315,46.6017,68.2866,11.7291,84.1257,5.8633,102.9737,strawberry
4.676,127.8842,143.06,14.3302,59.4926,6.3013,209.8207,apple
139.3355,70.0756,86.364,24.6233,65.7799,6.0432,86.1799,tomato
104.246,54.1564,125.6696,32.545,59.1635,6.3014,73.9878,tomato
98.9714,49.3175,84.5524,22.3675,62.7351,6.7388,77.7944,bell_pepper
136.7296,53.3202,92.6403,18.1265,83.1333,5.9072,30.7642,potato
139.6756,37.204,96.1604,22.6862,75.5484,5.9797,114.8116,bell_pepper
20.9289,126.5524,165.1308,16.2985,74.4045,6.3604,101.7284,apple
63.552,29.9718,103.2951,15.1329,64.502,6.7024,95.7544,cherry
73.0018,59.6833,105.7509,13.5854,73.0078,5.7944,103.2519,strawberry
53.0657,64.8294,74.0842,19.899,65.9357,6.3136,102.7615,cherry
15.4002,45.2422,84.9461,14.1453,80.2922,5.9859,94.5091,strawberry
21.1623,60.8216,50.3379,30.81,35.1155,6.4346,68.5614,grapes
80.1039,46.5706,109.1649,20.5204,52.3673,6.2374,76.8425,peach
107.1291,44.1366,124.659,25.9095,83.0364,6.0548,91.2964,potato
23.4353,107.9981,160.359,14.1852,82.9964,5.9692,68.7775,apple
93.6526,38.0494,58.6439,25.6475,61.4571,5.2236,89.7756,peach
123.0825,58.4604,78.716,23.2528,64.9949,6.5727,101.3585,tomato
4.5519,49.0166,52.8901,23.7611,58.913,5.6253,30.8586,grapes
47.6161,34.24,106.9932,15.9978,63.1484,5.4635,47.781,strawberry
102.86,75.2716,58.5082,27.8675,69.8377,6.4364,114.1466,bell_pepper
56.1063,36.5888,32.6173,19.3195,77.1023,7.403,87.9742,maize
93.2532,40.9093,62.2231,20.044,60.2374,6.4529,92.9869,peach
31.3263,113.8278,141.493,17.3353,80.4989,6.1205,96.8596,apple
116.0712,74.9257,103.238,28.4125,76.2481,6.5331,85.7273,tomato
65.513,59.1202,47.196,20.0708,75.3364,7.3349,138.7501,maize
77.6019,52.3203,88.5237,19.8464,74.098,5.8492,69.7463,cherry
125.7305,62.7169,54.0836,23.457,70.6749,6.2587,106.5763,bell_pepper
4.1478,124.9854,141.4524,17.37,81.3427,5.8896,117.8176,apple
17.7637,61.4586,56.136,24.9148,48.0147,6.7258,116.7321,grapes
115.4384,54.8529,58.6316,24.531,60.5536,5.0706,85.8982,peach
98.0889,49.1615,56.5249,25.547,35.3564,6.9385,114.9608,bell_pepper
91.5345,56.1687,103.0575,14.9857,85.1841,5.3305,138.8656,potato
72.8334,31.7605,83.0235,15.3975,60.9418,5.1632,74.9807,strawberry
99.4676,37.3573,76.1685,20.65,89.1445,6.4819,83.4065,cherry
6.2329,118.3107,145.7632,20.2138,65.1755,5.7696,86.5779,apple
91.8557,53.6547,44.8008,23.5537,58.6645,6.4592,94.7583,maize
92.5343,62.0597,59.3941,15.6977,75.4886,5.5722,141.8217,potato
14.7601,37.931,69.9893,20.6836,69.4859,7.5046,66.5983,grapes
43.9093,52.0669,64.9335,16.6261,60.5921,5.9396,55.3342,cherry
11.8402,125.8691,148.4496,14.0045,81.1435,5.9184,99.3419,apple
69.4775,48.2949,94.2632,29.0839,58.5124,6.5976,95.003,cherry
124.918,51.1261,91.1173,27.9763,73.7164,5.882,84.6009,bell_pepper
58.0921,114.3506,158.358,20.946,76.5721,6.8734,150.1382,apple
71.8216,22.8996,80.9424,10.4546,69.8379,6.1698,109.6838,cherry
67.1238,52.3046,103.2515,24.3981,65.0871,6.5434,96.3436,tomato
113.3735,56.1119,45.2173,17.002,75.4295,5.6481,100.1892,strawberry
118.8793,40.8093,85.0546,22.7525,57.6216,6.5375,63.052,peach
138.239,65.0536,97.1028,30.8706,66.9752,6.3862,119.4895,bell_pepper
5.9476,113.6377,152.615,16.711,67.0088,5.9691,196.6538,apple
76.7085,59.6369,107.6177,15.9847,69.1186,6.8195,125.0325,cherry
74.9993,63.8129,88.9413,20.906,64.3421,6.7068,42.6598,peach
102.1344,65.1166,69.4396,20.2929,77.283,6.4497,95.5439,strawberry
137.2265,48.7158,132.1432,28.1497,65.6879,6.4061,38.325,bell_pepper
26.5315,121.3637,147.9029,17.8015,54.0755,6.4165,127.7641,apple
103.3301,84.4884,24.641,19.2513,77.552,6.4575,83.0496,peach
25.5346,122.8372,136.274,12.4448,68.0358,5.9758,89.4307,apple
110.5983,62.776,71.9413,24.3061,87.7274,6.615,57.5189,bell_pepper
129.2283,46.049,77.8582,23.6936,45.5928,6.1549,112.8551,bell_pepper
132.4953,57.6295,73.5916,26.7692,81.2129,5.7621,121.4571,bell_pepper
111.7262,66.4941,134.618,25.0331,67.0756,6.0649,111.459,tomato
87.6975,37.9829,79.7515,21.9866,65.3774,5.9888,60.2032,peach
62.9978,45.6871,92.4043,21.7781,63.5992,5.9927,162.6211,potato
79.6965,54.4651,54.4139,23.9666,59.705,6.3779,61.1586,peach
6.5318,119.0809,162.9624,16.2505,84.5426,5.8749,111.2066,apple
54.4123,46.1891,75.8939,16.8832,72.7754,5.5309,84.1399,strawberry
41.0925,58.8613,50.157,23.6705,32.3141,6.1534,111.0412,grapes
76.5315,26.2851,61.7225,19.4833,56.8481,5.4672,38.5585,peach
116.1561,45.4703,36.9509,27.3053,58.5262,6.1593,105.0187,maize
122.9593,49.5191,66.2055,22.1593,74.3257,6.5034,147.616,tomato
107.3388,76.0405,79.6392,31.3074,54.3474,6.1054,79.5774,tomato
63.642,35.4122,60.7733,23.0642,68.3317,6.437,38.1832,cherry
118.9276,37.4905,135.9575,20.8479,67.669,6.0977,114.3055,tomato
10.5606,129.4913,136.4745,14.055,81.2488,6.2403,84.0755,apple
31.6796,115.3274,134.9962,15.6951,85.8865,5.7775,119.166,apple
118.2278,51.7103,98.3942,25.7257,67.0474,6.2855,72.2838,bell_pepper
84.3546,45.8485,38.0267,23.1805,72.7064,6.4337,115.6271,maize
48.7126,42.9551,18.3879,27.5045,75.4865,5.7775,14.5382,tomato
76.0499,61.1952,51.362,19.9279,47.0462,6.0898,72.3908,peach
84.6538,57.0978,116.2121,25.8953,77.3271,6.7047,123.9396,bell_pepper
130.3947,36.7628,62.5809,23.1014,63.4008,6.5721,145.2939,bell_pepper
28.1979,141.5377,149.6925,19.3401,74.2269,6.4068,107.7243,apple
59.9093,53.4183,44.8195,13.0896,74.9114,6.1803,95.6767,strawberry
91.1738,68.6485,96.0193,22.1862,66.9525,4.9471,64.5739,bell_pepper
65.4742,70.1254,89.4844,18.356,69.1537,5.6246,126.0138,potato
86.8719,33.9828,79.0305,16.8303,80.4518,5.9542,116.203,cherry
140.0,55.1033,46.9547,22.5013,72.129,6.661,52.9543,bell_pepper
140.0,52.1233,69.2393,30.7871,72.4074,7.0387,123.7497,tomato
18.3952,55.8466,43.4725,25.6088,60.6722,6.4085,72.0159,grapes
95.6069,40.3677,114.3972,21.033,44.4147,5.9443,111.2574,potato
67.2421,30.5791,120.4495,17.3867,81.7185,6.142,106.7679,strawberry
72.1478,53.1765,62.7253,16.0259,75.0354,6.5636,95.2399,cherry
105.6542,44.7356,79.629,26.9351,75.5245,6.2151,103.0248,bell_pepper
59.9981,34.4686,32.4164,22.6382,73.7418,6.6125,125.4134,maize
52.5679,114.429,138.6293,13.728,75.7707,5.7333,130.4444,apple
67.5385,34.2872,88.4873,20.4263,63.9657,7.2555,105.9963,cherry
86.5871,44.3284,85.4265,24.9977,60.8094,6.5219,95.7908,tomato
90.2219,62.0024,103.4742,30.4984,61.5335,6.5508,108.3675,bell_pepper
70.7092,36.5064,86.6223,18.328,75.5712,6.5732,88.0339,cherry
75.2425,18.7017,84.3162,22.5175,59.7564,6.5845,87.2584,peach
72.9616,49.3477,67.4302,12.6038,71.1494,5.9759,66.7736,strawberry
90.6806,64.3852,73.6933,14.9386,80.645,6.3411,46.8725,potato
112.4592,65.444,62.6357,27.6775,70.2399,6.2,79.4565,tomato
5.028,133.3383,150.1827,14.8037,62.1157,5.6471,145.4044,apple
29.7738,125.1719,144.0262,15.1528,75.0089,6.3311,112.3748,apple
55.6108,53.6704,53.4444,23.6431,68.2849,6.2574,73.0991,maize
57.8532,39.7503,85.6411,18.891,73.8956,6.209,63.3066,peach
59.9105,38.7418,69.9848,24.6772,62.6683,6.5306,106.6859,peach
43.6945,43.2442,74.5299,23.1835,67.3614,6.5889,102.3331,tomato
71.8431,49.8759,145.9677,15.1218,65.3555,5.2912,85.9597,potato
16.9117,49.0509,57.7563,21.785,45.6339,5.9958,22.2372,grapes
87.2879,45.1571,25.0892,25.6387,70.3355,5.7133,142.3464,maize
59.2531,55.2909,103.161,19.0252,58.27,5.6464,134.4481,strawberry
60.8895,110.3265,175.0122,20.7743,93.7253,5.6097,128.5165,apple
73.6804,49.3773,53.8332,13.6914,79.8579,5.682,83.4172,potato
38.2977,117.9833,155.0435,13.2775,65.8018,5.7678,132.0693,apple
101.9395,64.544,117.8485,17.0672,62.539,6.3483,103.8032,potato
99.2214,53.6522,56.9317,20.0832,69.7042,6.0972,62.7266,cherry
65.1295,37.76,89.4506,14.5038,95.0449,5.6617,83.1742,strawberry
49.1146,51.8333,118.1602,23.7816,70.9674,5.5537,111.5836,strawberry
134.8686,47.3973,107.1631,26.6793,71.7276,6.1227,36.3953,bell_pepper
70.5506,56.2484,78.9508,18.6612,73.9142,5.1546,81.5106,strawberry
81.6629,32.8236,57.0607,20.6203,82.8579,6.192,106.998,strawberry
67.4904,63.4607,46.1199,24.7118,56.78,5.7525,68.3883,maize
71.5064,41.6226,53.0988,11.78,78.2506,6.1071,74.3252,strawberry
49.676,41.3344,88.3865,21.4826,80.7699,5.9158,70.6709,strawberry
11.0772,144.638,146.8079,18.7057,76.4654,5.9459,117.8938,apple
104.2099,44.8101,37.8608,27.0646,60.2188,6.3983,50.143,maize
104.8409,93.9968,90.6859,21.1519,74.2507,6.4813,81.7438,tomato
71.172,36.9729,93.3231,23.3968,79.3903,5.9687,90.804,strawberry
102.3443,37.2646,98.8562,18.7928,64.4402,5.6455,96.8421,potato
89.1512,29.5278,42.9788,15.9811,74.2532,6.9518,79.6658,cherry
84.8825,62.0472,56.9111,19.9348,70.7967,6.8236,71.7111,cherry
37.8547,35.9498,61.9634,29.7995,57.9597,5.9512,76.4696,grapes
66.1947,63.1109,92.3636,19.3361,58.5987,5.205,121.6463,potato
59.1619,51.4476,73.25,18.0642,81.503,6.084,76.3342,strawberry
85.3478,47.9327,75.2477,17.4515,65.0955,6.3052,84.7763,cherry
68.0281,78.877,45.4562,25.0162,69.7739,7.1432,134.0364,maize
75.406,56.1128,35.2378,22.9251,62.7507,6.9491,35.8357,maize
101.7745,49.9016,112.9099,18.9955,83.5382,5.7566,87.7883,potato
43.1687,43.1832,69.8309,19.9557,75.7746,5.9368,102.4285,grapes
44.2821,131.0016,148.8829,21.1349,75.4181,4.7044,87.6176,apple
80.3895,49.5357,38.8432,24.932,88.6121,6.3239,91.9974,maize
94.5844,50.6826,60.8239,27.4953,59.6948,6.8535,13.2416,tomato
110.3442,65.2144,103.6259,28.0997,53.0579,6.602,93.8647,tomato
30.6795,28.5201,68.9228,20.9118,50.9837,6.4105,71.3917,grapes
132.7586,60.6901,78.5474,22.6196,78.5762,6.2247,125.7846,tomato
140.0,51.3235,101.4907,30.3646,60.8702,6.6899,74.2473,bell_pepper
23.4872,124.1623,136.6661,15.9946,72.0867,6.1375,62.0186,apple
68.2666,23.2651,46.3369,17.4733,65.9055,6.2528,107.3631,cherry
66.306,48.0221,76.1583,17.952,85.7386,6.6961,91.8709,cherry
53.9168,43.8239,39.1725,18.338,89.6396,5.088,92.0956,strawberry
105.7312,50.7799,71.7063,28.5012,73.466,5.8043,101.9308,bell_pepper
103.3186,28.3268,72.4077,24.8492,52.5755,6.4859,59.483,cherry
43.1462,56.4018,75.2608,25.7671,47.9699,6.4534,115.1274,grapes
124.6912,54.4449,58.6032,23.563,61.527,5.6039,108.0841,bell_pepper
42.0762,36.1156,46.7844,19.1077,52.7736,7.1867,84.3725,maize
91.5097,20.3339,102.8072,27.1874,37.6681,6.0892,88.9689,peach
121.4374,77.8921,106.84,28.5647,81.222,5.8287,63.2276,bell_pepper
114.633,46.1611,70.3689,25.9272,69.7552,6.7364,83.6008,tomato
112.9671,60.4132,63.1814,24.7902,44.5652,6.6419,117.7043,peach
140.0,33.412,50.567,28.8728,73.4034,5.3349,94.1546,bell_pepper
120.0639,57.9206,113.4829,27.7654,70.5819,7.6913,70.9612,tomato
62.3647,48.2931,77.0887,20.8514,48.525,6.0252,78.3402,cherry
69.4493,54.703,78.1727,16.4051,71.1275,5.9686,111.145,strawberry
110.3547,36.963,95.469,22.1996,56.8453,6.336,72.1536,bell_pepper
12.0118,22.68,72.4468,23.1582,64.1062,6.0695,42.14,grapes
134.7126,48.9459,103.0237,23.461,67.5754,5.9414,113.7119,tomato
79.2967,33.319,45.8053,26.0093,60.2665,6.1792,124.1713,maize
4.7087,44.5763,52.6723,22.4706,59.388,6.0078,80.9489,grapes
43.1895,105.5834,161.8084,17.3313,63.3327,6.1052,80.6433,apple
70.8622,48.6231,126.6099,22.3935,62.9482,5.6037,89.0062,potato
117.187,68.4242,87.9668,15.469,70.4261,5.7892,109.0213,potato
82.096,52.7983,103.6138,27.3655,67.0868,5.7808,145.4919,tomato
99.032,40.3752,121.6889,16.1905,88.9253,6.2169,115.1661,potato
4.4039,134.5561,138.4905,19.6415,69.5219,6.3466,105.2307,apple
65.4696,57.5601,57.588,18.3956,60.3605,6.4026,102.9005,cherry
75.3879,52.6805,59.0248,17.2254,74.5135,6.0249,91.2045,cherry
30.3713,120.5652,146.2659,15.5515,71.9919,5.5035,128.8127,apple
19.44,42.5139,76.3437,17.477,70.5996,5.7919,105.6043,strawberry
3.7006,56.17,55.2642,18.3409,48.7589,6.4003,47.2471,grapes
79.9078,46.273,60.3348,16.1437,68.6999,5.8288,81.8695,cherry
41.3505,58.9026,72.5967,23.6547,72.6186,5.5197,85.7504,strawberry
48.9224,40.8756,52.0399,21.9184,57.4287,6.9079,154.3458,maize
53.3133,38.8206,48.2946,15.2718,74.8776,7.1552,85.0197,cherry
87.4077,33.832,94.1213,22.4868,71.3504,6.6323,49.2059,peach
98.1379,46.0586,72.7199,15.4063,66.7464,5.5002,74.0006,strawberry
47.1808,35.7622,103.8964,21.9152,71.9747,6.0803,104.012,strawberry
73.8029,52.3387,101.2596,20.7093,59.4049,6.9537,76.8026,peach
118.8844,28.7397,73.5358,18.2792,77.1454,5.6936,91.0618,strawberry
33.8854,66.0068,59.5168,26.4534,56.9021,5.8902,63.996,grapes
107.7611,40.7535,93.7882,21.3021,94.2326,6.372,46.1969,strawberry
42.9123,128.8003,150.5258,21.3061,75.2273,4.7292,87.5292,apple
100.5705,34.8146,74.3966,24.3462,81.5139,5.3109,62.8141,peach
17.4428,44.8857,50.6064,24.0683,60.8192,6.2765,145.5882,grapes
136.7551,56.9732,80.6243,24.5057,77.4504,6.257,91.9322,bell_pepper
31.1171,36.4722,53.9134,30.7612,52.0165,6.2134,88.9271,grapes
53.2732,0.0,62.9271,20.9381,69.3111,5.9995,73.5284,strawberry
101.9934,80.1027,68.8586,23.5581,76.7229,6.59,131.2016,tomato
29.7929,112.6973,142.096,17.5621,81.2494,6.0949,95.0967,apple
94.3809,47.2321,109.7829,20.9956,71.037,6.5662,118.7953,tomato
126.7422,44.3865,66.5097,19.5123,75.3228,6.6132,107.9036,bell_pepper
15.6465,45.3289,39.9773,25.9556,42.8447,6.9488,46.749,grapes
95.2657,71.1041,61.7726,19.8596,59.3852,6.6034,56.2879,bell_pepper
7.8431,36.4219,63.9579,18.0256,53.7075,6.6228,18.0486,grapes
52.1192,126.5628,148.2816,19.0348,92.3749,5.9613,154.3997,apple
98.0238,85.8895,82.6131,18.6926,65.8904,6.8549,93.3475,tomato
35.4675,38.7722,51.9049,27.0322,47.3756,6.2787,87.7928,grapes
24.3972,50.702,60.933,25.2921,50.2147,6.3312,88.4672,grapes
67.4009,38.2013,80.727,16.792,90.7035,5.5902,83.9083,strawberry
69.6929,39.4829,42.198,26.0166,76.3846,6.5113,90.1904,maize
110.4791,59.117,93.679,15.9567,73.9679,6.21,85.3109,peach
91.3261,43.7347,104.2849,19.1524,90.6696,6.3433,74.0821,strawberry
97.7014,72.9798,96.9261,23.1317,85.3519,6.7272,99.9704,bell_pepper
65.112,51.3498,50.9632,23.8497,63.7256,6.5821,31.853,maize
11.1857,124.0773,147.4295,22.5667,66.3568,6.3161,140.2744,apple
84.3075,61.9929,117.8874,23.5121,78.841,6.3825,44.3965,tomato
5.1403,36.6145,56.0917,24.2839,48.2066,6.3761,48.4888,grapes
106.1627,59.2756,72.8243,17.4801,77.9225,6.2348,75.957,cherry
33.2885,64.1581,58.3859,21.9106,56.6508,5.4888,54.3464,grapes
120.6722,42.052,85.0151,21.209,64.2511,6.1473,122.9331,bell_pepper
123.2866,49.7667,133.9276,23.1469,56.31,6.6592,116.5048,bell_pepper
111.5354,53.2317,70.4649,26.7989,78.72,6.0244,106.3274,bell_pepper
28.2093,45.279,51.2073,29.9539,50.1728,6.5073,76.4061,grapes
97.4907,35.4161,74.6075,23.7022,67.2284,7.0339,71.657,cherry
111.4211,45.381,60.3838,20.5764,66.4169,6.86,71.1426,cherry
56.0067,35.9179,61.8947,21.36,49.3227,6.2875,54.9029,grapes
36.9585,66.3426,62.7383,23.711,69.6828,6.039,29.1289,grapes
86.1022,57.1485,49.1753,16.1045,60.4427,5.9973,122.0786,strawberry
24.4796,47.5328,35.0557,24.3163,60.4747,6.2798,41.8375,grapes
89.824,38.0782,66.6265,18.6617,79.3357,6.3199,98.5637,cherry
55.2752,26.137,29.2724,19.6503,72.5028,6.2805,99.4526,peach
90.3016,44.745,48.7589,26.3789,67.9944,6.2489,91.4139,maize
4.9756,61.5388,74.8865,19.3828,63.9534,6.228,112.8274,grapes
100.8552,61.5587,101.2945,25.464,71.0257,5.6519,82.3773,bell_pepper
68.4732,48.6576,111.1168,19.7415,70.3304,6.0682,97.3558,strawberry
80.5631,48.8795,99.9894,29.4815,78.8511,6.1342,138.125,tomato
79.2941,36.3891,98.9266,19.6275,86.1254,6.401,92.2586,strawberry
140.0,58.4936,82.9511,25.1925,53.2555,7.0328,92.6217,tomato
71.0952,42.7506,83.9355,20.4415,82.5514,5.8507,88.0496,strawberry
91.1545,36.8797,64.122,14.8772,69.2855,5.8195,117.7984,peach
111.1418,27.5462,78.0083,27.4791,60.1691,5.2764,97.0246,peach
66.7117,40.3387,43.508,21.3695,60.5407,5.9242,109.3164,maize
106.3144,71.5615,87.6904,25.6487,84.9356,5.548,115.2393,tomato
54.7504,138.0904,152.9073,17.8538,77.2517,6.1716,106.316,apple
128.5989,61.0302,128.459,16.8533,74.5317,5.6837,162.2709,potato
58.5562,38.8125,39.8993,25.2164,68.3233,6.8345,146.0841,maize
98.3784,59.27,101.8603,18.6059,71.9799,5.9717,81.2366,tomato
107.0674,54.1876,124.2914,21.055,61.9272,5.7409,87.1496,bell_pepper
63.996,41.4659,81.263,25.3606,63.3722,6.006,57.481,cherry
87.2233,40.7081,88.9629,12.6847,59.3612,6.0958,114.3622,cherry
105.7345,55.8674,69.1215,25.8119,73.7868,6.7443,48.7754,tomato
48.7568,51.0582,98.8368,15.982,71.2178,6.1156,115.2878,strawberry
97.5618,47.3495,55.3206,20.3184,69.1419,6.5017,102.8346,cherry
140.0,55.7034,63.9902,25.8386,88.0951,6.7264,109.4816,bell_pepper
121.0936,67.3652,105.6874,11.9976,58.0422,5.2358,59.8574,potato
91.098,52.3089,114.2448,19.9564,78.3221,5.085,91.8456,potato
92.651,56.3903,117.5323,14.5437,63.8357,5.7588,137.9965,potato
83.3833,46.5864,50.2071,18.1728,75.2799,6.7681,146.5965,maize
4.8903,119.3703,145.5117,19.0903,67.2715,5.361,92.8443,apple
75.5163,51.0776,45.1132,19.1123,76.6391,6.0823,39.0409,cherry
71.1277,35.111,126.2084,18.6576,75.8505,4.9487,93.6153,potato
70.4262,20.222,37.029,25.6806,66.4228,6.4753,150.0546,maize
114.5013,31.1318,67.9534,26.8343,44.7612,6.2157,78.1063,peach
51.4623,122.8721,145.2809,13.3375,58.6483,6.2324,123.2221,apple
75.5644,77.7349,36.3603,24.2276,49.4933,6.6615,132.6084,bell_pepper
98.1468,45.2076,68.0034,27.4113,88.9728,6.1902,101.2639,bell_pepper
71.7855,51.6362,55.2779,19.376,60.6191,6.5311,86.711,cherry
76.4298,47.6328,96.0586,17.3806,73.1021,5.9354,131.6127,bell_pepper
38.5161,40.7892,51.8949,26.2974,62.5556,6.328,57.3725,grapes
104.456,22.2583,106.9958,13.4962,79.557,5.0991,117.6347,strawberry
26.4715,111.954,138.7736,16.8472,72.5977,6.2778,101.641,apple
83.1119,57.9267,86.2793,15.5876,67.4406,6.4624,112.0007,cherry
108.5085,38.0786,95.1431,23.0628,76.7689,5.7933,126.504,potato
117.3219,34.6678,132.9739,17.9835,67.0129,5.6593,70.0069,potato
25.6813,123.0807,142.5516,20.0494,68.9862,5.9085,112.01,apple
42.0539,140.2522,149.0808,15.8108,55.9766,6.7476,161.0221,apple
104.107,61.2906,134.7659,16.3115,68.828,6.0636,103.7297,potato
60.5776,51.6924,93.904,22.5611,33.7703,6.0405,98.3127,peach
77.8788,55.3504,95.9358,16.5345,89.0341,5.9409,69.5402,potato
57.2024,67.8114,52.6192,18.7917,47.7155,6.5668,83.8831,cherry
9.258,129.4428,152.7749,22.8784,78.0658,5.5304,91.5295,apple
75.7189,36.6153,72.7969,13.678,58.2931,6.3033,57.6391,peach
64.4375,30.7788,48.4142,13.3743,50.3174,7.3346,67.3099,cherry
104.3324,83.3186,105.2708,27.7493,63.387,5.7556,44.8191,bell_pepper
7.5518,71.1884,57.365,24.637,53.0768,6.6844,83.8729,grapes
93.8244,27.7181,95.8703,14.076,85.5709,5.7042,104.1425,potato
98.6375,44.1295,73.9614,22.1294,70.5119,5.6963,90.2538,bell_pepper
81.0407,52.9278,45.5279,22.7324,53.1508,6.4807,97.4269,maize
106.0411,45.0887,101.079,24.4788,61.576,6.3857,78.382,tomato
74.1187,21.874,58.1475,27.3377,59.889,6.1192,51.3993,peach
117.6259,56.5004,70.8373,18.7734,62.937,6.5545,105.0422,tomato
80.5244,54.4716,58.306,22.9167,73.6856,5.398,109.5099,strawberry
70.7306,36.1607,88.5107,19.8312,62.5923,6.5739,121.0397,peach
102.772,23.4369,69.2631,25.8913,72.4063,6.557,122.1946,tomato
134.6608,58.97,53.5972,28.4563,64.5629,6.0152,81.5421,bell_pepper
77.1455,43.9844,102.6534,13.4452,74.3412,5.9027,63.1434,strawberry
34.0022,50.424,81.9301,16.553,72.1487,5.9144,94.121,strawberry
108.5688,40.1685,116.0158,15.6534,66.1047,6.271,100.1214,potato
91.9346,86.1672,72.8605,23.4587,72.8928,5.7803,82.955,bell_pepper
123.6818,61.789,56.838,29.245,93.9936,5.8235,113.8652,bell_pepper
124.6837,61.8341,95.0678,20.7272,66.8285,5.2214,102.1829,potato
80.7254,45.0571,58.3167,19.0187,59.8917,5.5171,93.9142,strawberry
4.6809,127.6318,151.5227,17.0852,65.4726,5.6431,127.7669,apple
59.6437,42.6341,76.5149,21.3981,57.6074,6.3069,77.18,peach
32.1318,59.4763,56.9961,27.1242,53.7584,5.9976,103.0203,grapes
75.9666,57.3368,99.1226,25.3493,59.9222,6.7423,98.8526,tomato
92.1307,66.9282,69.78,15.8706,75.8619,6.2361,106.4611,potato
85.3544,51.4909,53.6583,16.5124,77.9221,6.1273,57.0931,peach
115.2393,66.6776,92.6812,28.5045,72.2198,5.7098,75.9213,tomato
71.3549,57.4353,71.6875,21.3674,53.8779,6.4129,32.5096,cherry
34.104,127.5448,157.0106,20.2369,89.7291,5.5665,123.4652,apple
102.851,57.4253,53.8008,27.3366,70.7755,7.1313,127.0641,bell_pepper
61.0941,46.555,70.7655,17.9068,80.1954,5.7654,80.8662,strawberry
131.3621,39.8597,41.8388,23.9033,67.5074,6.1617,99.1676,bell_pepper
59.9603,60.9516,94.8794,24.3126,50.5738,5.9683,25.8643,peach
76.858,40.516,20.6573,27.8959,58.6165,6.1604,63.8057,maize
53.2272,42.851,84.8759,18.6984,85.328,4.6949,62.3803,strawberry
23.5375,133.1325,160.4365,16.6996,69.8465,6.6354,65.1168,apple
118.3559,36.3177,113.4659,19.3063,100.0,5.9134,121.7869,potato
92.9764,45.1933,80.3669,20.5495,59.5046,6.6364,82.5277,cherry
110.5714,46.7301,101.5967,24.0941,62.8551,7.2626,80.2056,bell_pepper
103.8935,25.5897,93.6152,20.0555,67.668,4.8014,115.1347,potato
96.8667,57.6658,36.0124,24.9312,72.9171,5.9215,104.4678,maize
92.53,40.1371,33.4901,26.9636,75.3092,6.9944,170.8155,maize
68.8572,37.355,59.7145,16.9377,69.3794,6.9512,90.2146,cherry
88.6651,57.2197,65.9221,18.1357,70.5748,6.8142,88.6444,cherry
80.6349,38.0792,111.996,19.5743,86.0703,5.4439,141.6626,strawberry
79.7524,11.9351,81.6499,12.6357,64.2163,6.9581,79.4519,cherry
75.4457,52.8371,113.0042,18.911,69.9715,5.6459,83.4588,strawberry
88.2412,53.7069,117.937,27.8531,75.7763,5.7963,37.2337,bell_pepper
105.1333,71.602,111.8786,17.1461,70.1689,5.0796,101.6853,potato
78.6387,67.8846,72.23,18.9595,73.5549,5.4677,112.1405,strawberry
91.0091,38.4397,86.0923,21.4693,58.7667,6.2707,89.9013,cherry
32.8212,126.2385,171.2201,17.5914,88.0396,5.996,91.2037,apple
61.3577,52.2869,89.6276,21.8267,64.5599,5.297,71.3807,peach
116.2849,54.4404,88.5898,22.4163,78.9744,5.6634,75.308,bell_pepper
23.8388,33.2598,56.9314,19.9548,71.5458,6.0926,67.1223,grapes
86.7224,69.545,84.8573,24.9752,74.6315,5.9815,106.9197,tomato
114.8501,56.9039,41.3875,24.4897,54.5737,6.5965,60.6435,peach
90.5255,52.5994,98.1965,22.8404,65.5711,4.9308,97.6227,potato
52.6275,31.5297,82.8423,25.0728,81.3306,6.2631,105.2508,tomato
134.8868,64.7216,80.9657,24.9553,83.6544,6.5295,72.4178,bell_pepper
73.3801,40.9222,86.7496,12.9692,94.5967,6.0053,79.7025,strawberry
122.2819,44.0939,81.7326,18.3984,37.6545,6.1932,69.1621,peach
54.2856,60.855,119.1938,14.0586,80.7361,6.566,100.2709,potato
45.4406,120.8325,141.9487,18.2198,73.5496,6.1372,133.148,apple
12.5168,35.9634,60.9852,23.1271,25.0503,6.4819,104.0881,grapes
111.3825,37.5232,102.2323,28.9633,78.1337,6.4812,116.5727,tomato
108.6983,53.3546,70.394,18.8169,48.5531,6.3979,131.0109,bell_pepper
26.3232,41.8474,41.9138,15.8012,89.0707,5.2098,71.2661,strawberry
20.9836,138.4266,165.1429,16.7387,76.2043,6.8254,77.2084,apple
67.1051,55.4624,43.3297,19.8764,63.4185,5.8382,104.928,maize
104.6884,52.1392,86.8858,18.8411,82.533,6.7586,92.0969,cherry
140.0,55.9413,96.9393,28.1569,52.4127,6.5406,64.5512,tomato
19.5781,60.5223,50.8756,30.5606,35.0131,6.4251,70.5548,grapes
24.28,50.7462,50.6819,21.1058,64.3337,5.751,74.1704,grapes
45.459,63.5251,44.5363,23.8683,50.0697,5.5374,49.042,grapes
101.5543,86.5748,114.0653,23.9965,51.8244,5.9327,98.3754,bell_pepper
13.4976,132.2838,164.4836,21.518,68.6247,6.2242,143.4104,apple
6.3318,110.5853,155.9273,21.5793,58.8654,6.3739,116.6667,apple
54.3206,41.0885,36.5749,23.1135,76.9917,6.1937,109.1281,grapes
23.2484,30.8601,60.3691,24.584,52.8133,6.2959,102.8282,grapes
34.1095,131.0312,145.5638,12.9447,78.9811,5.8613,104.5912,apple
117.3903,66.285,54.7739,25.821,77.1608,5.6106,75.5622,bell_pepper
72.8537,41.9333,60.4562,15.5878,55.3109,7.5276,128.179,maize
117.9847,49.9214,97.8074,24.1778,63.142,6.3572,103.3341,tomato
29.9742,44.957,61.5905,18.1676,88.473,6.3144,93.0234,cherry
71.1689,56.7192,94.6328,17.552,65.5208,5.2137,115.4517,potato
45.1662,23.798,102.028,21.3268,57.9295,7.0248,119.19,peach
45.6025,52.4507,47.8003,23.4331,53.9457,6.4486,55.2666,maize
112.7305,45.1975,47.8061,20.5943,41.0451,6.1258,87.1605,peach
140.0,72.43,65.7384,19.2028,77.7427,6.3322,135.5248,tomato
20.1379,127.8774,162.5408,16.6904,75.9879,6.6044,70.5186,apple
120.5258,37.1843,73.253,27.4855,84.8842,6.5809,108.0708,bell_pepper
90.5608,37.9167,60.4786,19.6663,61.9488,6.0763,67.0318,cherry
26.0364,121.0071,147.2493,18.0755,54.8927,6.4725,129.8861,apple
100.186,45.2446,88.7402,24.4728,85.699,5.8718,127.4778,bell_pepper
104.6483,25.3784,55.4339,22.7953,54.8768,6.8574,104.2789,peach
48.5957,30.4182,66.9494,20.1801,72.7156,6.7303,63.6851,cherry
42.1164,120.0335,128.7829,17.6029,72.4864,6.0798,91.6711,apple
111.7674,65.9721,55.1453,32.3159,71.4139,6.3295,66.8631,bell_pepper
123.9052,70.3568,131.8628,28.1839,76.539,6.2531,85.0379,tomato
6.8981,41.6143,50.4192,22.5594,52.1192,6.3199,28.5228,grapes
7.6359,30.8272,62.943,32.4505,59.6481,6.5055,38.4698,grapes
62.9869,39.7163,71.6314,16.6893,50.2866,6.0403,49.1488,cherry
138.755,45.0548,98.4261,22.3787,64.1238,6.1799,94.1692,peach
97.8252,42.7857,108.6535,24.9362,86.4842,6.2212,59.4942,tomato
110.2998,39.2254,103.6531,21.6442,60.8779,6.1736,107.2855,tomato
119.8452,27.3135,135.2729,16.0972,56.2167,5.7291,71.595,potato
89.2421,45.5659,49.1369,23.6217,42.7254,7.0724,78.6515,peach
76.9527,44.2805,107.5134,21.8888,59.649,6.5717,75.3664,peach
75.7931,28.3205,86.3746,25.5045,43.279,5.6121,82.0074,bell_pepper
103.8533,32.2134,47.0878,16.0028,86.5984,6.903,78.3203,cherry
80.6313,60.6298,63.7986,20.4906,53.2096,6.356,70.7317,peach
38.8856,47.2302,64.0689,27.8813,48.4884,6.2827,62.7088,maize
64.4371,51.4333,71.3193,15.4585,74.5615,6.3657,55.4814,cherry
74.6514,71.8841,35.226,21.158,84.7838,6.1512,105.9714,cherry
120.0585,62.2748,77.9611,26.3775,74.9168,5.8436,103.6241,tomato
64.122,64.2083,96.9633,21.6506,59.6684,5.7265,63.3073,peach
121.8073,56.7205,124.3938,25.5038,56.1883,6.954,126.3799,tomato
97.1496,52.9964,62.6642,14.9561,84.721,6.6554,91.6102,cherry
36.9166,132.5336,152.521,19.7272,69.2301,6.1862,127.1206,apple
93.8207,43.3695,96.0214,20.2434,52.1629,7.3014,63.1968,peach
67.4685,49.5383,103.4252,22.2918,69.7263,6.2746,112.6883,potato
109.0339,43.9579,72.6369,23.7523,71.05,6.5665,103.7832,bell_pepper
94.7379,78.2018,114.2603,18.6191,71.7823,5.6968,81.9598,potato
123.9214,60.7613,147.2909,18.9913,62.242,5.8787,91.4345,tomato
14.9705,137.2804,153.0855,17.5996,82.326,6.7739,107.538,apple
140.0,40.9931,116.3466,24.7984,73.1267,5.2873,107.8837,tomato
36.4578,120.4328,159.1081,22.8626,67.7402,6.5614,124.3214,apple
61.158,40.4555,95.5738,13.5079,64.9611,5.804,106.2597,strawberry
4.0534,42.4301,48.7746,25.5346,78.2262,6.3374,29.5339,grapes
74.5156,55.234,40.5814,20.9914,66.7695,6.5199,136.3886,maize
42.0261,120.4718,139.1458,17.6451,69.0958,6.2247,133.6323,apple
63.5398,51.9514,119.2192,12.8964,66.8729,5.924,106.6404,potato
37.0236,52.0066,108.7738,21.1714,76.4179,6.7468,69.3154,tomato
79.7709,43.363,101.9387,23.3922,82.7756,5.5744,74.3232,strawberry
79.2373,48.4202,45.1556,20.9456,66.4898,6.4547,66.3958,peach
82.1341,51.6024,106.6451,15.9114,75.8807,5.6945,106.9919,strawberry
89.8308,54.5184,79.6584,19.6314,52.857,6.4997,73.4284,cherry
102.0927,75.4388,86.4215,20.7304,78.7523,5.8204,103.6307,potato
138.0666,54.9815,70.4969,28.802,88.5728,5.9299,75.8919,bell_pepper
50.2517,124.0698,166.1965,19.5205,80.4507,5.8986,59.8238,apple
67.8797,59.6567,89.9821,21.0426,83.1307,6.6936,68.1058,strawberry
70.7865,59.4964,26.3775,20.2445,70.91,7.0931,124.6598,maize
65.9848,52.7119,79.7978,25.5093,81.7046,6.1321,85.8893,strawberry
113.3086,51.1457,57.4555,23.0976,68.2013,6.2488,68.9713,bell_pepper
5.2202,49.8601,33.5073,22.8477,40.5934,6.5524,46.2258,grapes
110.1232,45.0004,94.9491,12.0645,71.2385,5.608,23.4488,potato
50.8139,53.8874,51.6795,17.0789,55.5428,6.4777,69.9764,peach
90.9673,71.6839,135.7454,21.0361,71.5589,6.1855,113.0543,potato
65.8568,37.8719,87.148,23.3466,54.6837,6.7753,81.1272,cherry
47.7389,44.1812,79.875,19.7169,63.8162,6.1599,66.8928,cherry
96.3177,55.461,46.6719,23.8502,60.1585,5.6112,116.8832,maize
74.7895,59.9798,125.3017,23.144,58.4957,6.4283,113.7788,tomato
41.7188,39.3067,78.1721,21.1357,59.0086,6.0435,65.5862,grapes
126.3862,71.2358,120.2463,30.4614,72.0186,6.2521,87.8288,bell_pepper
105.1364,40.4059,44.3366,23.7676,55.868,6.1299,154.1778,maize
77.8335,39.9846,103.0334,22.0305,72.16,6.3206,63.4687,potato
102.9178,40.7465,35.3323,25.11,80.8583,7.0861,117.3009,maize
118.5135,40.4237,93.4154,26.6737,68.2486,5.2008,110.2517,bell_pepper
123.608,53.6088,110.7962,26.8187,61.1872,5.9833,124.2024,bell_pepper
93.7712,53.6894,94.7298,25.4037,55.1169,5.5494,89.8845,tomato
47.0868,59.7448,49.5359,21.9646,48.0258,5.8337,102.0274,grapes
79.1348,44.765,56.6796,25.9793,84.983,6.5148,92.5011,maize
111.3027,62.2813,70.6478,21.6404,50.1265,6.073,66.4242,peach
72.1556,59.0456,93.0541,15.698,68.2238,6.0238,71.4796,potato
121.3712,42.0361,109.8399,22.809,62.0723,6.615,107.831,bell_pepper
102.4373,56.3277,96.3113,18.2479,93.6324,6.106,126.8949,bell_pepper
77.779,55.5192,76.9961,23.6613,67.4809,6.1697,106.1868,bell_pepper
140.0,32.0533,80.4286,27.6788,70.8462,5.9445,97.5783,bell_pepper
87.1628,56.5756,95.9098,16.9408,64.0449,5.8921,96.6574,strawberry
120.197,27.4195,114.6321,27.9387,64.0454,5.966,93.8837,tomato
71.5113,40.511,73.4396,18.7377,55.2481,6.0456,79.1548,peach
78.6319,84.3973,121.2984,22.2612,61.5065,5.0148,111.3604,potato
120.3887,63.4804,77.8708,27.4399,60.1419,5.6556,48.654,bell_pepper
94.0206,35.9001,52.546,14.6531,76.6073,5.9576,84.7383,strawberry
41.4104,141.4179,147.9233,16.0539,55.7841,6.7478,162.5021,apple
140.0,50.5166,83.9597,20.5307,49.6988,6.1026,81.8784,bell_pepper
131.3272,61.8948,94.6418,21.9006,70.9166,6.2163,67.3898,tomato
16.1481,107.6562,155.7428,15.3202,62.2188,6.283,89.5129,apple
91.3757,45.0574,44.549,22.7589,70.3161,6.5536,91.107,peach
92.2013,52.2194,65.7477,22.7218,61.1328,5.2222,70.1441,bell_pepper
35.4749,56.2086,76.727,24.3998,56.5601,6.4999,107.3554,grapes
41.1032,34.9786,70.9069,20.6196,91.6339,6.5895,88.2154,strawberry
44.9289,50.4524,73.3021,20.9687,59.3548,6.0206,94.1226,peach
56.0467,26.8673,85.4661,21.9416,66.0514,6.1145,116.7525,strawberry
63.8664,50.1663,73.4015,15.4231,72.5417,6.5088,71.7964,cherry
90.8518,44.0276,86.1197,14.0379,78.3572,5.371,119.3851,strawberry
123.6634,49.4567,103.6214,26.0694,71.9587,5.762,131.9843,bell_pepper
35.674,54.7074,63.5184,20.0155,48.1607,5.7222,92.3461,grapes
2.222,128.5328,127.4928,15.9504,77.6404,5.1479,137.4043,apple
98.6293,33.356,54.1425,22.6529,52.3641,7.0282,101.1835,maize
88.7321,30.4863,88.7058,17.7494,77.2447,5.3846,44.7108,strawberry
72.608,51.5445,94.4895,17.1398,71.9979,5.7911,93.1502,strawberry
43.2403,115.2807,150.8511,18.6808,85.2945,6.2929,122.8678,apple
94.3554,58.6089,57.3838,27.188,88.8926,5.9104,38.6431,bell_pepper
63.7902,75.948,119.3179,28.366,72.8103,5.7299,34.5519,tomato
66.7308,35.7988,83.0821,17.7356,71.0624,6.1153,71.3797,strawberry
45.0104,52.5833,66.9548,19.9923,45.9563,6.0495,65.6473,grapes
25.905,42.8275,45.5992,22.2008,39.5391,6.1033,65.8149,grapes
8.4787,36.869,62.5994,17.9832,53.6267,6.5988,15.1373,grapes
4.9067,136.7021,137.3855,20.8776,64.2443,5.6944,176.9105,apple
24.7689,33.8763,37.7591,20.9285,53.8798,6.0298,106.2217,grapes
30.3309,113.8884,157.8737,17.9281,70.619,5.849,102.3311,apple
19.5455,123.7422,154.7963,21.4677,62.2847,6.0338,83.6054,apple
96.7778,42.1392,68.9386,20.5154,74.0974,5.926,70.6353,potato
66.5327,51.4099,25.4641,21.6903,68.6251,7.1325,69.8074,cherry
105.9264,64.8916,89.3506,25.3769,53.5758,6.3521,68.7653,bell_pepper
97.6206,72.1635,118.5324,20.7881,70.0847,5.9641,117.2688,tomato
15.4641,47.0503,47.3804,22.0827,58.9826,7.0951,58.6031,grapes
101.8532,23.8702,75.3028,20.141,46.6046,6.0767,53.1938,peach
123.706,61.6332,63.5946,25.2123,66.8601,5.4973,101.5692,bell_pepper
71.3514,32.3679,94.5156,20.1534,64.9476,5.9055,53.6704,cherry
94.7199,37.2387,93.534,19.8798,59.3882,5.7428,82.4506,peach
4.6695,51.4892,39.1432,23.5137,47.9409,5.3804,118.1208,grapes
56.6703,32.3312,94.781,19.4251,63.8936,6.5136,100.0769,strawberry
64.0509,42.4819,40.7938,29.3998,70.1363,6.034,79.781,maize
53.1764,114.9015,151.6665,22.1591,75.7355,5.6863,84.8749,apple
80.4922,43.3885,68.2041,17.1382,71.3442,5.5683,97.3044,strawberry
98.1097,60.6025,47.9318,25.8544,69.9469,6.7145,40.5587,maize
51.0751,53.9008,62.349,14.3101,74.1069,6.1338,123.1822,potato
23.1136,66.6287,66.6653,25.7607,63.2745,5.8223,59.3431,grapes
3.5452,126.4901,128.605,15.6153,77.245,5.1075,138.3857,apple
122.2568,71.7141,84.7329,21.8815,67.9675,5.7242,124.8805,tomato
85.5506,33.756,55.9783,17.716,69.2121,6.7662,54.9714,cherry
116.1195,49.2272,81.3917,25.4606,77.5581,6.2481,69.9111,bell_pepper
3.8095,48.5316,55.2435,22.5203,50.5239,6.2377,100.3584,grapes
5.842,66.3918,55.8933,19.403,60.0148,6.3553,60.3467,grapes
97.8254,55.3707,126.1295,18.4565,67.196,5.9612,110.7284,tomato
120.0648,83.8149,94.2311,26.4559,55.5875,6.4436,89.9643,tomato
47.925,49.2146,140.9294,16.5138,69.9989,6.1213,88.2102,strawberry
88.798,20.6359,93.0931,26.0884,51.1045,5.9807,76.0371,tomato
126.1239,64.1995,41.2107,25.0414,65.0627,6.4699,87.4421,bell_pepper
106.305,61.846,110.2481,11.8033,69.0259,5.39,125.0832,potato
68.1357,45.9203,98.8219,20.2861,62.3678,6.6327,72.7941,strawberry
51.0529,55.8967,104.2542,18.7597,78.3726,6.2988,86.1717,strawberry
140.0,54.346,85.0885,15.3182,67.5053,6.3691,64.5225,potato
92.2029,51.9634,116.1919,19.5869,64.1128,5.6255,132.4641,peach
95.7893,51.7864,95.0701,29.8991,64.5682,6.9308,116.6358,tomato
140.0,56.6353,98.2921,25.0215,58.6535,7.2475,102.9723,tomato
62.1748,38.2457,63.781,21.8632,81.619,6.4725,73.2321,strawberry
69.7749,56.1416,102.6314,23.8464,86.5239,6.1742,104.2811,potato
4.8112,51.4161,69.7399,26.9926,50.1581,6.0664,35.8817,grapes
101.6196,69.6414,58.5321,26.3912,55.6297,5.8725,70.8774,tomato
13.5321,54.3787,59.8335,21.9784,59.1596,6.2961,68.0309,grapes
87.9258,45.0472,54.9339,26.0571,56.1106,5.9739,120.8353,maize
98.5104,28.3762,79.7623,27.4318,68.8987,6.0801,74.0484,peach
76.9238,62.6882,65.8031,20.7693,61.3092,5.8464,78.464,cherry
67.756,36.7858,103.74,15.8125,55.1377,6.3463,85.9792,strawberry
43.9824,56.2759,23.0292,24.9705,63.3633,6.4436,72.8828,maize
20.2592,56.8093,48.0368,24.8647,56.2723,6.8587,89.2926,grapes
18.5823,49.7965,59.501,24.8709,63.5666,6.2061,119.3291,grapes
104.9431,49.1016,89.1548,23.3981,57.9895,7.0695,102.0117,peach
17.5965,62.4097,55.2703,24.6982,47.9346,6.7046,120.3803,grapes
48.471,107.3221,146.8228,16.1517,75.7261,6.5859,119.6268,apple
46.6374,33.6632,69.3286,11.8739,68.1473,5.8078,55.2986,strawberry
85.3444,60.205,106.3983,17.8091,93.3922,6.7585,114.2127,tomato
140.0,57.7974,56.6456,27.1182,65.8939,6.4416,90.6526,bell_pepper
96.2021,30.7607,36.1216,21.4191,65.3554,7.0908,176.4946,maize
98.7196,62.3092,80.6322,19.922,75.3965,6.1311,88.0399,strawberry
47.8578,49.8127,61.9816,21.9971,54.976,6.7008,39.3538,grapes
37.4716,38.9104,49.8834,27.1463,47.5291,6.314,83.5262,grapes
11.3897,125.2563,148.6516,14.0963,80.0671,5.9415,96.8998,apple
25.9083,120.942,149.0415,18.2321,54.002,6.3686,125.8333,apple
87.1274,52.58,57.0914,25.1699,70.4266,6.6516,66.2262,maize
23.2981,110.1709,168.3475,17.8057,84.9436,5.7065,143.0195,apple
43.2937,44.2454,63.2305,24.7655,50.3282,5.7501,72.8937,grapes
64.2581,26.6461,91.9309,26.5755,64.3191,6.1773,66.0052,peach
114.3458,72.4376,85.9113,18.2397,60.6253,5.8117,86.5978,peach
85.2127,44.1757,55.6474,26.8667,50.5758,6.3412,58.3862,peach
85.53,41.1359,81.7665,21.0227,91.7156,6.3712,110.4489,strawberry
74.6088,44.5644,85.1127,20.1191,87.0871,5.6016,105.1632,strawberry
77.9964,44.2153,51.0739,24.0317,38.2148,7.3055,65.992,peach
104.3355,79.1625,90.5497,20.5594,67.5694,6.5586,66.5411,potato
105.5063,73.5017,95.8387,24.7971,58.4282,6.1809,110.9424,tomato
103.7178,73.3506,32.3354,20.9081,56.8819,7.0434,140.7701,maize
71.8347,50.878,98.4289,21.2362,63.8112,5.3319,143.0316,potato
24.8143,51.7928,50.8067,25.0912,48.5769,5.8481,39.2949,grapes
92.8309,37.9372,34.085,22.6871,57.6189,5.4726,95.9627,peach
43.263,51.5445,83.6962,27.3765,72.6893,6.3711,56.2126,tomato
93.8292,82.3267,39.6681,23.6095,71.4358,7.021,137.4803,maize
55.481,59.3223,83.7514,26.3098,76.0266,6.226,110.1683,bell_pepper
92.8072,59.0537,76.1239,23.71,63.2667,5.5221,109.9848,cherry
32.756,42.4707,51.3681,28.1891,56.6171,6.1467,66.0207,grapes
124.3664,51.0593,87.8179,26.8984,84.6652,6.1369,101.8983,bell_pepper
66.1708,41.4472,68.7172,21.7419,53.2706,6.4111,91.1251,cherry
80.6693,42.6672,38.3155,24.2505,72.5291,6.4081,116.5275,maize
89.2234,55.4223,104.8312,19.4167,53.655,6.7018,70.6381,cherry
90.4354,36.8858,82.1352,21.9807,61.3624,6.4595,65.8271,cherry
136.4571,57.3416,47.5115,33.4182,87.8287,6.1298,85.6853,bell_pepper
53.1963,36.1667,45.4459,28.8069,67.8514,6.6524,101.8318,maize
16.9072,47.1713,53.1538,26.0006,43.6999,6.2114,108.9972,grapes
32.9113,65.2932,59.0368,22.0212,56.2204,5.5717,58.8921,grapes
37.5396,145.0,157.1403,19.133,80.8454,6.2899,69.8538,apple
5.9525,52.8477,69.8707,26.8016,51.3549,6.125,35.7608,grapes
43.9461,48.8928,65.7334,21.7897,60.5043,6.2635,43.5164,cherry
104.1745,41.3271,96.1015,23.7313,63.4272,6.1675,84.0741,peach
84.4041,70.1477,88.923,25.0201,47.2183,5.8648,84.8968,peach
102.7842,43.1384,107.8093,16.4374,67.607,6.411,137.8847,potato
60.3317,60.7493,85.0608,18.1111,68.028,5.9056,71.0903,strawberry
137.8109,77.9401,91.1313,21.7772,63.8518,6.7105,93.0059,bell_pepper
120.7169,72.7604,111.7194,15.5641,66.6533,5.4099,80.5503,potato
133.4105,40.2572,75.4651,28.8465,88.6352,6.2097,92.958,bell_pepper
55.794,55.7775,76.9805,23.5551,70.1216,6.0954,68.5883,cherry
78.2819,43.6538,57.1974,25.8203,85.2795,6.4891,91.7032,maize
94.3863,59.6945,33.232,21.3288,69.1013,6.3212,38.4074,maize
20.9346,47.9222,52.759,24.4084,47.6866,5.7241,78.9085,grapes
20.936,30.6108,69.708,13.9364,53.9118,6.4271,13.768,grapes
8.3911,61.2634,64.1247,30.8065,51.033,6.0668,75.8307,grapes
140.0,39.6485,43.0749,19.5004,66.1026,6.0978,88.4563,maize
86.2372,39.4913,99.3538,22.3435,53.9831,5.6466,44.8816,peach
14.8488,137.8096,132.513,15.8291,70.0446,5.6539,105.7587,apple
94.4627,32.5181,71.6802,12.6466,54.6952,5.7791,72.8172,cherry
31.3229,62.2288,52.1527,27.3026,56.3024,6.7799,113.4749,grapes
51.1533,29.8959,85.44,16.2726,82.9709,5.6702,93.5369,strawberry
15.3555,122.7473,142.048,17.2872,79.6166,6.3226,133.8202,apple
90.4282,63.819,100.0058,20.4641,74.2356,6.4035,103.6183,strawberry
6.6962,45.4234,61.1157,20.6035,58.7422,6.1208,29.8382,grapes
111.394,42.1635,148.3942,16.1967,66.8362,5.7904,134.5016,potato
70.9441,51.7327,43.4967,19.5092,95.2607,5.6617,108.7797,strawberry
91.3931,50.5143,78.9676,12.9376,74.0787,7.0934,107.245,cherry
60.6493,27.2115,30.8526,21.8144,50.3558,6.1211,32.7157,maize
140.0,66.1517,103.3677,20.7547,72.7107,6.9651,83.5824,tomato
72.2281,62.6176,84.5509,18.7383,48.5588,6.0934,92.6198,peach
101.0828,45.8683,63.3254,15.176,67.3967,5.8186,118.6262,potato
117.3216,76.8132,65.8766,19.0098,59.2169,7.1454,58.3217,tomato
105.3976,37.0987,71.5283,20.2678,63.8879,5.68,89.6056,peach
97.417,44.9951,75.8377,24.7569,45.8443,6.277,106.7876,peach
120.2504,58.3608,96.5037,20.4633,69.9403,6.5489,85.5251,bell_pepper
17.4836,44.8356,91.3928,23.5763,56.6321,6.5559,103.0236,peach
4.2559,46.3906,57.299,19.6682,60.3557,6.7695,122.8306,grapes
130.8121,16.8897,82.2595,29.2202,79.2626,5.846,104.1822,tomato
40.7135,44.7705,52.5658,21.889,70.6876,5.7823,87.0045,grapes
96.6875,51.2163,45.1132,20.6566,67.3086,6.496,52.6125,peach
106.483,54.2576,75.7926,23.7579,80.9472,6.3712,75.6471,bell_pepper
58.5844,65.8893,46.0715,22.8727,56.2086,6.1909,64.5298,maize
4.4365,114.9331,154.3919,18.5154,53.8474,6.4098,166.0436,apple
61.0395,31.9055,34.2746,20.8012,72.0203,6.5229,143.257,maize
83.403,41.7869,84.6421,19.3917,74.3034,6.0633,144.0384,strawberry
115.3269,78.0034,90.1668,26.2306,77.2043,5.5935,79.43,bell_pepper
86.1595,50.428,41.1739,23.803,70.6658,6.159,71.125,maize
35.4308,44.2094,62.2859,20.5655,57.9272,6.4944,97.0551,grapes
97.9293,55.3244,81.1933,26.8944,61.4654,6.7226,99.5464,tomato
47.3796,46.9751,28.2018,28.4208,66.5845,6.0451,80.3105,maize
100.8972,31.7766,49.8612,23.7729,55.0651,5.6296,98.1575,maize
88.896,55.6071,86.7681,21.4866,69.8378,6.6962,63.7657,peach
20.9951,54.0437,47.278,27.4109,47.6697,6.1291,45.9825,grapes
50.6343,51.5032,91.151,28.6018,70.3755,5.6107,80.9316,tomato
37.5385,50.5634,52.5236,24.1058,52.4059,6.9548,78.5807,grapes
118.901,35.1794,100.7119,15.2219,87.2949,5.3002,135.6235,potato
10.7877,115.0819,154.3181,19.8864,70.9552,6.454,78.6098,apple
64.343,66.6436,108.6144,22.8269,78.9453,6.2736,98.8263,tomato
140.0,48.0628,78.1555,23.2823,49.5555,5.8452,70.9147,bell_pepper
18.965,57.4608,75.1538,22.1092,45.9225,6.2976,42.817,grapes
101.5344,32.9171,107.1362,17.7041,87.7754,5.7377,87.4925,potato
76.4471,42.3815,62.9827,20.3581,63.2958,6.7659,122.8425,cherry
86.32,48.0265,39.2174,22.7318,65.5927,6.4397,68.4907,maize
46.7094,47.7095,26.7857,28.7021,66.3302,6.0551,81.7091,maize
97.0075,39.562,79.0399,16.3405,79.9579,5.189,105.1762,potato
128.7702,56.6402,114.3474,22.479,62.5755,5.9356,106.7137,tomato
110.8662,44.281,139.5113,20.7777,63.6547,6.1427,76.2859,potato
95.8744,37.8073,76.9962,18.433,66.641,6.6613,109.5577,cherry
18.724,145.0,151.359,15.3652,55.9301,6.4968,108.1985,apple
79.0764,70.2471,109.9122,19.8409,68.7963,5.2186,115.9564,potato
77.9662,54.691,73.5802,25.3969,64.4739,5.6345,103.6036,tomato
18.3111,122.8759,139.6513,19.9708,72.3743,6.2169,117.1207,apple
58.5651,67.8074,59.7925,16.4083,58.1073,6.76,116.2071,cherry
74.7288,68.9069,67.0677,14.5795,61.8039,7.3465,65.5757,peach
5.8981,31.4016,31.1803,27.5705,64.5969,6.1757,24.5912,grapes
47.2417,121.1622,140.269,17.7338,74.3722,6.1387,132.388,apple
87.3994,51.8281,70.5229,22.8031,43.3843,6.927,85.8291,peach
109.4323,81.6913,56.9078,21.8084,67.2382,5.1922,102.6264,tomato
62.8923,34.9764,81.4781,18.4459,84.6296,6.1679,108.3938,strawberry
4.2205,135.1024,137.5857,19.4099,70.0775,6.3973,106.6975,apple
81.6741,30.6384,95.8487,29.4938,63.2466,6.021,74.121,peach
89.9444,20.9715,94.9033,19.8947,64.5533,6.4578,67.6334,cherry
44.8162,55.2962,67.1371,25.7138,55.0984,6.4855,61.0053,maize
4.7575,48.7701,54.6179,23.894,59.2227,5.5932,30.6383,grapes
99.6921,27.2748,108.591,22.6352,48.7439,5.8442,80.0521,bell_pepper
108.0269,52.2159,95.9599,19.7043,65.9498,6.1428,120.7502,bell_pepper
90.6217,54.0864,112.994,16.8227,73.7491,5.9565,134.6608,potato
129.5295,86.7496,95.7009,17.2966,68.7274,6.1672,104.6932,potato
104.4839,34.9357,78.2449,21.7627,40.0492,6.0827,99.283,peach
85.8734,58.5681,51.0905,25.8994,58.7513,6.3826,93.1694,maize
96.1728,54.3345,34.2602,24.4006,84.8659,6.4003,81.0131,maize
115.1143,51.4624,73.295,26.3276,66.3003,6.0382,71.1698,tomato
124.4395,55.9109,70.1857,23.2273,70.6702,7.0213,127.4371,bell_pepper
121.6076,78.0812,58.2207,21.7996,46.6665,6.0299,95.5128,tomato
72.5318,56.2084,19.2174,25.371,78.9754,6.9862,117.4036,maize
79.9074,61.1399,93.196,24.1554,60.9499,6.4043,74.8757,peach
38.7809,36.3653,61.795,29.7472,58.7495,5.9196,76.2101,grapes
46.1022,46.3759,53.9957,24.442,54.5281,6.7203,48.4474,grapes
115.0368,46.4387,126.7322,20.3824,65.4975,4.99,118.0832,potato
106.8231,46.3921,103.7505,17.3881,63.7349,5.8916,87.4831,potato
49.3667,45.789,101.258,19.1289,64.325,5.7187,94.6997,strawberry
52.5879,58.9886,87.6781,17.4041,56.0907,5.3916,103.2465,cherry
115.3375,53.1721,109.524,19.9815,88.6233,6.1632,102.0526,potato
23.2879,110.3095,167.2878,17.9121,84.3469,5.8271,142.9269,apple
76.7692,63.7057,124.3426,22.9097,67.1733,6.5439,118.2214,tomato
77.5918,50.8878,78.2224,21.6813,73.8734,6.3939,104.2146,strawberry
96.9899,54.1844,90.9169,18.9666,61.1547,5.0815,96.594,potato
94.3333,58.4002,79.4763,28.7043,56.3259,5.7141,90.7993,bell_pepper
54.4368,70.8356,129.5085,20.771,71.6221,5.4849,77.9856,potato
66.2,54.9844,60.8435,23.8797,73.045,6.6722,111.9998,cherry
23.9629,108.6065,158.9057,14.0528,81.7768,5.9835,70.1815,apple
68.5582,35.6187,81.5839,18.9237,78.7512,6.0573,74.4406,strawberry
53.2124,79.3214,106.8983,17.9856,68.6774,6.2812,88.1439,potato
101.0809,26.641,41.0017,22.8011,63.7088,6.2081,111.3925,maize
59.2983,39.7676,41.3767,25.0776,67.7211,6.8855,146.2336,maize
101.1213,81.992,116.1553,21.1274,75.4516,6.483,85.2744,tomato
86.0896,37.2774,74.6623,23.3938,60.9294,6.436,82.2402,peach
66.8014,85.1579,97.2829,20.845,62.2417,6.1407,162.1517,tomato
99.6131,51.2795,90.1545,20.3414,63.9586,7.3119,74.1742,bell_pepper
96.1725,33.2401,128.1097,24.7393,81.5252,6.2634,113.3449,tomato
88.4297,61.3472,137.2305,15.1055,72.5632,5.9629,140.7027,potato
86.5054,77.1178,108.2164,14.6196,51.82,6.5793,126.3528,tomato
60.348,46.8016,93.588,15.1697,69.0212,5.6941,71.1532,strawberry
88.1506,73.8414,112.4992,22.7047,69.2561,5.7818,55.1363,bell_pepper
86.6196,63.1822,92.901,26.3938,76.356,5.8715,97.5748,tomato
106.7048,16.7218,90.6422,27.1537,55.1187,6.3731,87.4768,tomato
91.96,38.6551,77.4888,16.2774,65.7182,6.1039,92.8778,peach
87.415,48.7372,105.5594,14.8336,54.8104,5.7154,94.5898,potato
19.0041,41.9981,57.4196,21.9823,60.0538,6.1573,14.5764,grapes
39.2902,141.871,149.2045,18.81,78.2753,5.9616,121.6266,apple
67.9386,55.558,43.2355,19.8122,63.5352,5.7818,102.1707,maize
78.452,57.829,81.9789,24.6013,52.984,6.5737,43.2879,peach
104.4548,33.1334,90.8708,25.4743,69.3044,6.4963,91.8172,peach
109.5978,57.8424,86.9602,19.4483,43.2554,6.4718,74.131,cherry
75.7746,46.4222,109.4357,18.7151,74.1473,5.9773,109.1827,potato
23.2655,111.9698,132.4638,14.1499,54.0473,6.262,129.8485,apple
4.9704,66.0555,56.9359,19.5751,59.7682,6.3615,61.2242,grapes
105.5636,43.3577,104.4464,22.8249,66.6398,5.948,75.0306,tomato
10.6612,116.4994,149.9077,20.3406,74.4342,5.6732,140.5428,apple
16.8114,120.918,148.601,20.89,65.3616,6.0569,128.4859,apple
5.8942,114.0133,157.7528,20.2028,75.3253,6.0445,106.1039,apple
116.246,40.7422,97.7516,17.2003,63.2362,6.5006,58.4285,peach
84.5305,58.4759,40.4204,29.3417,63.8638,6.3273,101.6914,maize
80.1919,73.8041,95.8533,19.5326,76.2678,6.8871,51.7164,cherry
118.1298,57.4055,68.9563,29.4095,66.1233,6.4831,116.4633,bell_pepper
102.536,38.8086,63.8989,16.1043,54.9094,6.3271,83.5534,cherry
39.5898,66.1146,51.4178,19.5568,63.4318,6.6861,93.5667,grapes
92.3458,74.9889,83.7799,20.6592,62.148,5.194,61.3366,potato
90.6198,51.8965,75.4847,25.5005,55.6338,6.6378,85.7527,peach
62.0524,82.0205,113.5019,23.7355,63.896,6.2265,98.8607,tomato
124.0128,38.2722,119.4778,16.6551,66.2043,6.244,120.0449,potato
50.9896,49.4554,76.0679,22.0438,84.5693,6.1539,69.511,strawberry
11.6014,33.5958,39.0163,25.6773,65.8833,6.5176,51.2428,grapes
4.8759,52.4405,33.1477,22.8585,40.0084,6.4892,47.0251,grapes
53.803,113.6762,152.9877,22.3145,76.0939,5.6004,85.2584,apple
88.8674,47.1516,103.7946,18.4556,65.0154,5.9641,130.3826,potato
125.9121,44.3658,99.4023,16.5343,84.9405,6.1508,127.2367,potato
122.6686,30.7642,114.1736,14.9243,74.4422,5.3669,81.4198,potato
120.8168,60.5543,71.3283,29.3451,66.4944,5.3816,26.8127,bell_pepper
93.3207,75.6034,115.1885,26.4333,85.4858,6.0978,80.6348,tomato
70.2008,39.2334,26.0116,25.164,57.6243,5.9338,81.5855,peach
129.6396,42.9508,89.1057,30.2416,58.6442,6.3406,103.3869,tomato
84.6105,56.0799,68.1592,14.5674,76.1459,6.3213,40.6228,strawberry
70.9255,46.0394,93.3002,19.4579,48.8635,6.4198,110.8143,strawberry
70.8001,56.3455,105.2309,20.9516,73.0981,5.1001,118.6797,potato
16.2726,139.6226,163.4348,20.4564,62.4187,6.0146,103.1138,apple
84.1686,54.1492,108.1553,14.4288,61.1644,7.1867,76.1568,cherry
61.5158,145.0,158.9089,21.7992,74.0958,5.8097,173.3496,apple
68.8522,86.2775,83.1557,31.9259,67.8952,6.214,114.7998,bell_pepper
140.0,52.1888,46.9112,26.1588,55.4791,6.238,87.1361,maize
59.0967,43.0036,74.1206,17.6982,84.382,6.5638,111.2065,strawberry
83.8539,56.9528,91.9858,19.9664,79.5803,5.4909,83.7432,potato
109.1095,48.9293,137.0648,14.2454,57.7062,5.9001,95.4029,potato
112.4956,37.964,117.2205,15.9086,66.6672,5.7569,49.7416,potato
51.7275,53.754,128.6075,23.0332,82.4483,6.3147,46.1213,strawberry
74.8469,62.9881,121.6251,17.6995,78.2498,5.6348,119.7242,strawberry
19.9987,137.4552,154.3178,17.5727,69.7205,6.029,131.9867,apple
77.8238,47.4288,87.2369,22.7996,70.3374,6.0506,102.2737,potato
90.2002,50.9462,43.323,27.8703,59.4788,6.332,51.1188,maize
109.509,71.2317,52.3546,25.3759,59.8167,5.8415,116.5055,bell_pepper
63.8908,34.3162,77.0839,21.6362,69.9416,5.3275,90.3684,potato
92.216,59.8428,83.4602,17.1198,59.083,6.4946,87.0301,cherry
98.9197,50.3488,101.0884,21.8203,71.1923,6.1906,59.921,peach
45.9519,33.6721,71.9862,18.8803,64.3307,5.8103,91.7026,strawberry
93.0483,52.0845,76.974,16.5028,68.2108,6.4999,101.0675,cherry
97.3761,59.366,98.7535,25.9196,62.8157,6.7749,42.68,peach
134.0907,52.1504,66.1734,29.814,65.98,6.8744,48.6949,bell_pepper
31.4173,72.6225,59.5387,22.5968,49.4929,6.2291,40.1241,grapes
48.1031,72.7727,95.4041,19.5183,61.1482,6.8528,70.9676,peach
68.9418,60.2192,127.9388,25.6286,65.8319,5.9645,64.5952,bell_pepper
82.7192,27.4656,121.8401,20.1492,74.9287,5.4567,113.4867,potato
39.186,115.7592,151.783,19.3522,75.2925,6.1309,136.4563,apple
41.7522,56.5784,93.2166,16.1037,75.1432,6.3737,134.4761,strawberry
81.9981,26.8643,68.3884,17.8423,62.2825,6.523,87.536,cherry
46.8079,48.3454,62.455,22.4826,49.5652,6.5622,80.7303,grapes
52.874,35.512,54.7139,22.5684,82.0801,6.3021,116.5756,strawberry
120.2601,58.3718,76.2047,29.332,82.8882,6.2851,115.6437,bell_pepper
69.0944,59.8471,76.0297,17.9954,67.244,6.4418,105.6018,cherry
105.2253,38.1728,34.1014,19.9524,72.0258,6.6901,58.8695,cherry
64.4484,70.0999,33.9069,18.4132,48.3625,5.7196,75.578,peach
86.1065,51.6111,104.6559,22.8798,79.6167,5.5549,96.3235,strawberry
95.9654,37.0213,72.9499,18.2416,78.6542,6.0358,92.5795,cherry
122.0192,51.4336,47.4358,20.0697,65.6777,6.607,94.724,maize
69.4679,19.6351,115.3929,23.105,75.196,5.9655,81.9114,strawberry
106.4711,33.1092,141.9747,17.5583,62.3718,5.5769,131.1185,potato
130.0385,66.5284,93.2208,23.2404,65.3963,5.7459,109.2429,tomato
85.155,63.7624,124.9964,17.3755,71.1031,5.7183,127.5696,potato
76.665,27.7545,101.539,28.3441,67.7226,5.902,164.8485,tomato
75.7596,64.7355,88.2086,24.1138,72.1884,5.8838,93.3485,potato
61.576,56.4047,68.6879,18.2741,68.0964,6.061,101.4846,cherry
67.1182,49.1902,87.6166,17.1865,77.6326,5.9607,50.0593,cherry
100.9373,30.8145,84.2735,19.0404,77.4358,6.1225,118.641,potato
101.0762,47.928,38.3215,27.1682,64.7442,6.0149,44.3153,maize
121.179,30.8333,80.3946,31.4275,70.6633,6.4106,130.9157,bell_pepper
27.658,45.8916,64.5765,23.9155,51.2562,6.7142,77.0317,grapes
104.6583,39.2201,98.6765,20.1785,56.4451,6.4692,67.9185,cherry
99.8575,51.8645,108.8027,19.1747,71.8318,5.7414,75.9846,potato
61.4252,52.4288,75.8043,12.8595,71.4616,6.229,92.3516,cherry
67.1237,45.9469,57.7182,13.7821,82.4418,5.8388,76.5617,strawberry
71.1822,59.6398,38.5472,23.4157,61.643,5.6316,64.6239,maize
80.8444,32.0848,67.8653,18.8446,61.7552,5.9955,43.9801,cherry
23.9168,135.1324,161.6642,21.835,74.3705,5.6616,145.4887,apple
17.5478,113.3273,136.8643,18.6896,79.5376,5.2453,123.1772,apple
61.8903,49.8911,76.7993,17.8587,70.1164,6.0646,93.3535,strawberry
123.8868,60.2151,86.3663,30.9538,61.9124,5.562,48.951,bell_pepper
89.6662,45.026,59.1861,22.3789,61.026,6.6726,77.845,cherry
30.5403,35.3838,68.7701,18.8431,74.7747,6.5327,69.2978,cherry
92.3263,64.4401,79.2773,21.0373,73.9087,6.1328,45.7173,peach
23.0848,48.6119,93.1375,23.0077,79.5384,5.7774,114.162,strawberry
35.8735,110.4113,149.6348,14.9541,58.7313,5.2366,96.7178,apple
105.5241,58.3368,103.7731,19.9391,67.0762,6.3922,79.5516,tomato
10.3997,46.9213,82.0943,24.8435,43.1686,6.1124,43.7823,grapes
70.644,47.959,100.5347,22.2326,75.2788,5.8826,96.1875,peach
111.2877,31.5071,112.875,23.1066,74.2265,5.6093,125.1427,potato
37.9906,21.4081,107.505,18.2618,60.3285,6.0381,95.4502,strawberry
72.0529,33.4003,73.1421,15.1536,73.9421,6.2905,84.7511,cherry
97.9254,36.796,77.6529,25.3732,63.5175,6.3392,124.6118,cherry
90.0184,71.3867,99.6161,24.6713,82.4517,6.0191,43.3825,tomato
48.0037,42.1709,61.8022,15.1657,84.8665,5.8568,85.4185,strawberry
109.6738,48.0196,102.6998,18.1898,73.8709,5.7113,95.3804,strawberry
69.4094,52.4564,49.0433,22.6934,61.4314,6.4222,123.7967,maize
85.6978,22.1171,66.9056,28.7273,65.5568,5.8919,57.9066,peach
41.2706,42.8987,70.4955,20.0361,76.5625,5.9442,99.0253,grapes
121.1214,73.1866,107.2792,20.7205,71.3007,6.4002,103.1163,tomato
9.7889,123.0134,139.8428,20.9084,83.0605,5.4066,123.2436,apple
5.831,132.2258,142.8941,16.1361,87.6346,6.2205,138.6218,apple
80.7962,46.1583,79.4896,29.6734,64.7062,6.1602,97.7958,tomato
76.5608,63.7874,43.6188,28.1378,66.7614,6.7686,131.7033,maize
110.6673,65.9524,122.4841,25.2214,65.1564,7.8555,145.5947,tomato
122.0525,54.1445,64.0592,18.4351,50.8968,6.3639,81.1637,cherry
103.5834,25.0758,109.5255,21.0299,52.6098,6.1265,108.5294,tomato
59.7292,23.229,101.9794,21.5963,82.0944,5.5011,76.5013,potato
113.9689,60.584,60.1799,26.9188,66.84,5.3064,128.9398,bell_pepper
89.7471,46.9411,66.0343,24.4233,63.5639,6.3064,82.5785,cherry
69.5045,48.0741,95.3738,16.3777,53.8788,5.7595,116.0993,strawberry
87.0185,66.8013,89.1595,31.2421,64.6805,6.1834,139.4441,tomato
42.9304,49.132,61.8704,27.3775,50.3583,5.9949,154.8829,grapes
75.4323,63.4223,47.8985,27.9529,67.2795,6.4154,71.5218,maize
116.8652,36.1322,86.3809,19.9287,58.9688,6.6539,59.1001,peach
52.1826,48.7366,115.3295,20.2904,56.4321,5.9073,91.0651,strawberry
66.5025,67.663,72.6974,18.1475,69.3091,5.2413,131.6219,strawberry
43.9095,63.1927,45.6314,24.05,50.641,5.5429,46.0254,grapes
50.4853,106.007,146.3523,16.2181,76.3038,6.5724,119.1158,apple
83.2221,44.7442,50.0847,18.3485,75.2716,6.7471,146.5214,maize
77.7172,39.8406,71.4258,17.8911,80.6413,7.8195,127.6917,cherry
27.1778,109.8053,169.5445,22.3268,70.8875,5.4036,173.1777,apple
70.1863,31.9503,109.9055,14.8531,69.8681,5.7425,58.4498,strawberry
56.4447,54.4788,66.3949,21.4168,53.3076,6.535,77.1727,peach
61.1513,83.711,96.2104,26.5613,62.6144,6.0475,84.7394,bell_pepper
75.8931,23.5307,87.07,18.7151,86.0732,5.8696,80.3899,strawberry
46.465,49.2709,41.5602,24.3025,84.449,6.887,132.5957,maize
5.6947,134.782,165.8019,12.7905,66.2623,5.6851,148.6904,apple
32.9888,47.0525,46.1699,26.3564,71.0384,6.2592,15.0924,grapes
67.8955,28.5066,52.5243,15.1892,64.1239,6.0625,58.021,strawberry
100.0808,46.2779,102.6252,19.036,58.0924,5.7353,78.7931,potato
108.6095,61.8427,94.5958,19.051,54.4922,6.7192,110.0205,peach
81.4434,34.0025,97.2601,12.1154,82.3774,6.0089,85.8578,strawberry
56.9853,49.2374,104.5939,22.2437,69.8523,5.2208,103.9246,strawberry
126.8834,29.6628,92.4455,23.9894,64.603,5.0251,91.443,potato
136.2202,19.9022,67.9909,23.3214,67.5325,6.2173,88.5798,bell_pepper
90.8864,48.3104,95.5566,17.6269,64.4821,5.9737,62.0466,cherry
82.636,68.4764,75.0143,20.0202,73.8702,7.4779,106.9074,cherry
46.7399,119.8117,140.7197,17.0293,64.4893,5.7171,157.986,apple
73.0434,56.8409,124.1682,19.6928,69.3676,5.3334,77.0542,strawberry
50.9565,35.7773,45.9754,22.7148,76.676,6.578,40.4789,grapes
139.8729,27.3431,74.9466,30.5666,70.3615,6.4142,58.4072,bell_pepper
115.8026,38.1301,100.097,17.2473,71.2303,5.6265,81.2895,potato
61.5046,31.1991,79.3316,14.3094,62.696,6.1019,73.2364,cherry
20.619,121.5085,165.7214,18.7826,56.5009,6.1982,100.2595,apple
40.0352,20.4139,52.2871,17.3038,100.0,6.7579,90.1978,strawberry
59.7342,30.069,43.3098,21.7467,48.9003,6.9136,74.6445,peach
95.038,84.2852,29.8137,21.8234,69.5713,6.5403,172.248,maize
58.3908,62.8774,88.4024,25.445,84.4145,6.0019,65.6639,strawberry
130.4306,60.4122,103.1125,25.7544,57.5469,6.3076,124.1538,tomato
44.1743,59.673,41.8465,26.4151,55.9305,6.6336,69.9534,grapes
130.7747,58.3795,78.8735,21.0174,90.6575,6.384,103.474,bell_pepper
96.6572,53.2969,87.084,27.8471,87.3165,5.4263,130.561,tomato
84.9955,78.5424,61.4709,29.7528,77.7203,6.5667,93.6743,bell_pepper
140.0,57.1857,120.6367,26.2524,77.3968,6.7233,67.6227,tomato
44.2135,46.0616,83.0286,22.6276,51.9409,7.0961,86.2196,peach
93.4585,69.8809,52.1285,25.3546,76.5232,6.2037,109.7485,bell_pepper
71.9522,45.946,46.1065,26.7739,41.2359,6.0762,110.0604,maize
73.3824,28.5777,173.971,16.9677,67.391,5.4068,103.9339,potato
84.0796,36.828,87.421,24.5757,62.0099,5.7604,92.5491,peach
47.8902,46.882,80.9766,21.0055,77.4664,6.1669,81.3483,cherry
84.607,15.5645,48.181,16.8587,87.3151,6.433,73.8554,cherry
78.9042,43.9234,57.2473,26.1879,84.0653,6.4743,90.1746,maize
140.0,41.543,96.9664,15.7942,66.6864,5.3255,140.8517,potato
132.3891,46.2828,74.0278,24.5862,67.0249,6.5612,104.4965,tomato
27.1795,59.1099,64.7581,26.3753,63.675,6.029,91.2315,grapes
11.4934,123.5575,153.0146,18.4221,69.3797,6.6031,188.0256,apple
65.1826,49.5809,100.2182,22.229,61.6692,7.3048,119.9505,peach
9.9132,128.9714,152.8677,22.8454,78.6022,5.5705,91.8614,apple
22.1489,135.4955,164.1708,21.9015,74.4049,5.6697,146.1329,apple
61.9734,72.8805,58.843,12.3997,63.0293,5.6955,87.7543,strawberry
66.9498,33.1467,40.6796,25.1942,49.9488,6.7305,133.1925,maize
83.7608,49.3851,53.9371,25.6842,64.6966,6.8297,192.7166,maize
30.132,122.7681,146.9423,17.4067,69.3678,6.097,123.2053,apple
97.5752,59.4741,69.1186,15.1868,71.8312,6.2195,99.9484,potato
84.159,51.1528,85.7181,25.5337,65.3347,5.9661,115.4558,bell_pepper
55.2686,45.3677,130.5911,13.8017,69.5304,5.7545,91.4931,potato
87.2779,62.4094,55.9326,21.8078,75.839,5.6638,132.1589,bell_pepper
48.5426,41.0631,57.2422,11.4701,79.587,5.8325,90.0951,cherry
71.226,30.745,61.9288,18.4682,53.3146,5.7887,74.157,cherry
106.0878,33.0673,71.7451,15.4345,70.3936,6.7374,97.1309,cherry
106.7454,52.3741,55.1728,30.0851,64.8029,6.3023,75.6339,tomato
107.6375,38.0399,64.9522,18.2767,70.6665,5.818,28.8755,cherry
69.026,57.1579,93.9644,24.9659,70.1352,5.8253,71.4116,peach
9.5526,34.3083,52.6395,21.5534,61.2876,6.1233,98.2993,grapes
112.5557,45.5708,99.446,17.619,72.0928,5.946,91.905,potato
83.5764,44.6086,44.3179,25.6308,82.9571,6.7708,140.6715,maize
90.5555,43.0744,89.0108,29.1538,66.5047,5.5232,85.3029,bell_pepper
77.1354,45.5457,62.0309,20.0987,76.2942,6.6572,90.736,strawberry
98.9022,60.7791,111.5926,28.4006,61.6785,5.8583,43.8027,bell_pepper
138.8862,39.364,42.355,19.2936,66.0243,6.0559,89.2992,maize
65.7363,51.3022,44.0042,15.974,62.0186,6.2047,106.0858,cherry
62.7603,36.7131,89.4959,17.4938,58.3727,5.546,80.607,strawberry
113.9797,15.963,88.5981,20.3551,94.7075,6.9057,92.8967,tomato
91.7495,42.4657,46.5629,17.4432,55.4078,6.0857,98.9962,peach
118.0735,23.4696,70.5723,15.7134,75.8852,6.7251,85.0324,potato
90.3267,44.1356,31.0444,19.5851,66.9174,7.0125,111.0112,maize
26.0695,36.5326,59.3776,24.0164,64.6036,6.6215,102.0086,grapes
116.1214,38.4532,110.7177,22.3664,69.7824,6.8138,125.0742,tomato
100.2027,70.072,138.1609,16.1396,72.9929,5.3465,153.056,potato
91.2773,41.3752,41.9297,22.5634,79.2519,6.5964,127.8809,maize
111.9553,38.2425,80.5613,13.6509,79.9311,6.3123,85.8387,peach
88.5142,50.4075,39.4559,31.1672,76.6118,6.1237,96.5552,maize
56.0069,34.8208,75.2792,19.7605,63.5719,6.1161,93.4344,strawberry
14.8282,32.2027,52.9636,21.5733,56.66,6.5557,117.7082,grapes
5.2369,116.4059,148.0766,19.5862,70.7246,6.3402,64.1291,apple
78.4049,70.0078,82.1769,15.9438,100.0,6.1803,115.4536,strawberry
134.6035,36.9298,93.5839,19.915,55.9666,5.8544,76.1825,potato
70.003,39.9715,55.2332,19.6156,51.1397,6.384,40.8943,cherry
79.6155,64.2195,103.3508,24.4142,65.2626,5.7133,151.6838,potato
89.7637,64.8549,91.5776,28.7327,69.9319,5.9293,88.721,tomato
93.8463,37.9171,63.5984,18.7025,61.0165,5.2619,73.555,cherry
70.6486,46.144,48.2344,16.7358,55.784,6.4706,64.4299,peach
87.4242,45.1304,90.9145,14.9374,72.6452,6.13,69.7268,strawberry
69.4038,45.6457,59.9722,15.6778,57.2331,6.8146,96.5651,cherry
140.0,54.0117,98.4902,22.494,62.1642,5.8427,76.8942,potato
76.0553,73.3736,86.485,24.1072,60.4693,7.5059,79.6425,peach
106.6876,44.4392,70.7715,23.1931,59.3985,5.6603,99.6223,peach
56.2495,47.8252,79.3352,18.3946,78.6256,5.267,82.9819,strawberry
26.8288,41.7005,44.9547,22.1396,40.0987,6.1607,66.8281,grapes
56.5687,37.3504,53.9596,24.2026,69.0184,6.2483,79.726,maize
73.4586,46.9713,32.0657,20.2765,64.5481,6.0937,79.681,maize
122.54,69.8769,32.0812,25.1296,79.2043,6.1392,113.2761,bell_pepper
60.8913,39.5768,110.9908,18.3752,78.9462,5.4315,61.2402,strawberry
32.7404,45.2686,79.6578,20.2494,49.1692,6.0225,86.1357,peach
58.3631,38.3805,65.2968,18.9338,61.3808,5.3809,78.366,strawberry
42.452,44.8236,84.5995,15.1183,57.5421,7.3365,71.7574,cherry
71.4971,41.5418,83.4432,17.6555,80.3703,6.4344,74.7127,strawberry
104.5187,42.565,71.4533,13.5131,74.3402,6.4375,92.5034,cherry
65.2111,44.174,83.1673,24.223,68.5454,6.7676,58.0907,tomato
87.4963,76.1322,132.6319,19.2434,72.5349,6.6984,148.3401,tomato
66.4159,50.9742,64.9711,23.137,70.0299,7.1545,96.5496,cherry
26.349,49.9741,66.8978,21.2777,68.8136,6.2483,74.5208,grapes
7.6849,144.8279,144.7198,14.0939,73.06,4.8875,80.082,apple
31.6422,72.6598,59.2458,22.7479,49.7353,6.2209,40.9024,grapes
69.1864,40.6539,78.3338,17.7653,80.3489,6.3693,128.2417,cherry
67.0276,25.3065,55.1885,21.0807,76.8488,6.5203,90.708,cherry
82.9598,55.3417,64.6273,30.9962,63.048,5.5133,77.8224,tomato
112.4419,42.2136,145.836,25.615,78.4839,5.9198,130.3974,tomato
38.6877,136.4839,148.8422,18.2315,68.0748,5.9649,89.6862,apple
68.6675,40.0038,95.8385,20.0672,68.8411,5.9005,82.2457,strawberry
115.6987,72.951,96.4864,25.6354,64.4371,6.2406,91.7275,tomato
55.559,29.1655,43.7167,14.0494,56.6863,6.2688,58.7729,cherry
66.9032,59.4437,31.4996,22.0418,60.2184,6.3492,118.4874,maize
112.4056,73.3413,74.6989,19.1709,52.6017,6.5252,113.8283,tomato
69.7756,50.6866,39.5793,17.2743,58.4052,6.6426,110.6587,peach
92.7277,21.2276,39.7003,18.8147,78.4904,6.2426,80.9995,cherry
31.1797,49.1376,42.5732,19.4178,60.543,6.3889,84.9906,grapes
98.8545,44.5841,70.4217,27.0492,83.3079,6.8911,41.5944,peach
140.0,48.1115,136.3829,20.8181,70.8298,6.3576,136.5991,bell_pepper
122.6516,68.524,34.278,26.3942,65.442,6.3815,147.1162,bell_pepper
62.7042,41.5689,91.6013,15.1721,63.3125,5.412,49.3424,strawberry
125.4689,63.8238,88.3502,22.3991,78.6561,6.0448,120.0753,potato
3.533,47.5845,40.7565,27.8147,46.3058,6.6363,67.8878,grapes
87.8353,53.274,75.2479,20.1051,51.7763,6.5369,80.8855,peach
89.7189,45.0581,58.3992,18.8173,68.8141,6.4612,60.146,peach
76.7291,42.4882,52.7998,23.1494,74.781,6.5681,90.8845,maize
59.315,44.4438,64.6058,20.9793,51.138,6.2843,26.1478,cherry
108.2863,39.6886,52.9498,19.9335,74.3879,6.2262,66.3848,maize
21.1702,60.5064,55.7453,25.611,57.0164,6.5847,38.816,grapes
26.0735,46.1449,43.8498,24.2573,51.9182,6.2101,72.6639,grapes
24.2389,65.1411,70.9858,21.8371,51.0488,7.444,48.4833,grapes
64.0121,61.9958,84.7686,20.9987,67.3459,6.3488,94.6535,peach
70.9685,49.1012,84.4751,13.7277,68.283,5.0172,100.9808,strawberry
18.4975,126.4526,158.8613,12.0485,79.7656,6.3914,95.3597,apple
48.9458,32.1787,80.0292,20.8287,67.8985,5.0854,114.2381,strawberry
65.5718,63.8694,54.5161,16.2397,78.5525,5.9989,122.2701,strawberry
8.9386,114.9752,154.0695,15.8415,55.9666,5.7656,109.2121,apple
112.8204,56.5298,67.1391,24.5898,55.9662,6.3037,74.2556,peach
58.0103,42.8469,46.333,21.8966,70.4677,5.5604,78.2427,strawberry
47.0036,131.9483,151.7877,16.3389,85.6538,5.5971,120.3859,apple
140.0,42.5136,85.1585,28.2304,74.4979,6.0874,115.1155,bell_pepper
89.9812,40.815,74.0924,22.1306,62.0369,6.351,95.0672,bell_pepper
121.4145,64.3977,110.0378,22.3357,79.9023,6.1141,137.0364,tomato
38.2789,120.24,158.0098,22.7045,68.2233,6.583,123.6498,apple
68.8293,54.871,112.83,14.9998,49.1701,6.0429,89.3244,potato
26.3866,46.1006,42.7407,24.6427,73.3425,6.0375,52.358,grapes
116.5729,51.0494,93.0382,24.1499,60.1782,6.8351,47.5475,bell_pepper
85.5303,53.0835,59.2458,17.7717,60.7201,5.8817,69.1689,peach
79.3622,15.6303,84.1598,23.605,61.5211,5.4595,54.9126,cherry
88.1845,47.6019,82.0088,18.4481,52.2423,5.5092,65.6567,cherry
71.2349,64.3512,80.9783,14.3516,84.0307,5.2855,90.6246,strawberry
88.9259,44.9491,33.3021,19.4412,66.7746,7.1039,111.3579,maize
90.0873,27.8583,96.6292,23.3496,64.5263,6.1163,143.2,bell_pepper
86.4941,37.8615,88.8516,18.8508,60.3986,5.7608,76.0665,peach
67.7263,52.705,98.7545,26.0702,63.6736,6.5798,86.2211,tomato
81.6289,57.2342,88.2352,25.9106,62.6404,6.1966,69.2958,peach
92.3286,54.0006,70.1499,23.9695,57.9278,6.8329,79.472,peach
4.0144,56.2254,63.8785,23.2727,52.7066,6.1516,15.1777,grapes
78.7948,44.3017,82.7378,20.9352,72.3433,5.9312,101.2974,peach
87.9627,49.1484,70.5207,21.9081,49.0916,6.5236,127.0798,cherry
12.5295,32.6351,55.8985,21.6698,55.2552,6.1223,43.7052,grapes
95.2038,36.6275,96.9858,17.8882,73.7416,5.9698,97.5119,potato
57.3937,42.5054,30.2716,18.6904,57.8653,6.0135,125.2035,maize
12.2765,119.8086,156.5915,18.8293,55.6215,6.2825,133.4524,apple
64.1655,39.4748,137.8263,12.8886,57.8323,5.3817,106.8597,potato
104.9155,23.7718,68.5689,25.9799,59.2539,6.755,57.6897,peach
60.6979,69.9514,109.2411,21.5225,56.6929,6.21,98.7094,tomato
16.4949,42.8252,51.5376,24.1844,60.3995,6.2796,141.5053,grapes
75.5991,41.2092,52.1446,17.2395,65.4734,6.5223,102.3014,cherry
38.2839,40.2689,43.0687,24.2656,37.3133,6.2556,102.8292,grapes
87.3623,44.3368,70.2625,21.7816,71.2302,6.1818,115.126,potato
82.6534,30.2942,90.0676,14.8174,71.7397,5.7806,122.7357,strawberry
31.5654,29.1143,67.7251,21.0591,50.7076,6.3875,72.7317,grapes
98.0053,47.8755,109.0039,20.5497,61.578,5.6773,130.3328,potato
66.2263,66.4418,68.6133,19.9355,62.5401,5.7162,73.112,peach
48.687,58.7821,75.8189,23.3257,67.5684,6.146,42.3478,cherry
86.8392,38.8858,98.5738,21.6464,60.2512,5.8408,45.7192,strawberry
102.4519,69.4173,100.0404,18.3285,80.4747,6.0816,95.4494,potato
6.3119,56.7206,47.3936,19.0027,65.8606,6.8148,52.0374,grapes
136.8871,54.5229,108.5764,22.3349,87.2988,5.8565,117.6333,potato
4.3056,60.7999,50.6843,27.0223,55.983,5.7326,71.9272,grapes
61.0071,38.3666,61.2444,24.1058,71.1674,6.3673,95.3572,peach
17.0493,30.9112,52.6162,22.3894,48.6966,6.6745,73.2539,grapes
57.3297,49.3771,89.7947,18.4376,65.8295,5.8523,77.9566,strawberry
121.0259,65.3863,49.1196,17.8997,83.7474,6.1805,146.843,bell_pepper
89.5643,45.067,30.7909,25.9059,65.3317,6.7877,131.5457,maize
89.1101,13.8437,69.1187,19.7836,70.3562,6.6085,64.9808,cherry
128.5107,60.739,53.4758,21.0703,61.6706,5.9656,107.8407,bell_pepper
121.0457,57.8163,85.7142,23.5713,57.9929,6.3835,80.1382,tomato
23.0383,43.6314,95.6548,14.8778,77.4615,5.8352,114.7337,strawberry
50.8541,107.8779,145.8594,16.5595,75.9207,6.5539,116.5673,apple
51.0515,9.6643,70.5157,17.107,67.6789,6.719,104.4951,cherry
100.5469,48.5035,81.6378,25.4725,70.5589,5.6362,85.4526,bell_pepper
62.238,43.498,126.2718,18.1395,67.5169,5.9284,49.7563,strawberry
108.3876,69.2813,55.7311,28.7399,59.0162,5.9932,97.6069,bell_pepper
37.3452,116.0381,152.0078,20.4138,51.7022,6.774,151.9909,apple
78.4451,40.4113,92.3695,25.3427,64.1202,6.4719,68.0193,peach
71.9496,27.0493,83.1561,15.2943,65.8959,6.0822,88.1872,strawberry
17.9148,133.9721,148.3122,18.1965,70.5291,6.1406,85.6513,apple
86.9158,50.1295,46.716,27.0662,58.8253,6.1109,155.9466,maize
91.1507,64.8103,37.7782,25.3074,39.5179,6.3488,94.991,maize
87.2896,57.2413,42.7404,27.7862,65.1542,6.355,141.5985,maize
101.8156,70.3138,92.07,23.9326,60.4838,6.1211,125.6658,tomato
69.1607,69.8761,38.789,30.308,77.3901,5.724,82.3743,maize
25.8916,40.0417,66.2481,23.9277,64.543,6.165,109.9539,grapes
78.9091,39.3781,123.802,24.6988,83.1638,6.5778,102.6365,peach
104.6223,56.2455,87.1468,22.0777,53.7234,5.8561,86.9536,tomato
97.5638,60.6556,74.4279,25.3199,56.0991,5.4774,102.3333,peach
22.0046,136.9234,127.0181,15.2057,67.4865,6.1866,160.1438,apple
87.7515,78.6212,61.4798,24.8431,67.9075,5.6685,104.3128,tomato
99.6059,62.2026,62.2285,16.691,54.7045,6.9116,90.7038,cherry
88.1335,56.9124,70.616,21.6821,54.0957,6.4138,113.8996,tomato
31.2337,113.2502,141.8666,17.769,80.9213,6.0506,95.2916,apple
23.9063,49.4157,72.4391,23.1301,79.153,6.4118,114.6426,cherry
85.4954,52.904,107.0433,14.0401,75.1069,5.3609,134.0855,potato
94.6213,27.7432,109.3824,16.9111,86.7713,5.8764,97.5519,strawberry
101.7305,45.405,105.3638,15.1543,73.0129,6.4279,63.8902,strawberry
81.8931,57.3409,65.5594,13.4366,70.7156,6.0279,96.3577,potato
64.5408,43.5063,64.9759,16.4563,77.201,6.6385,74.9099,cherry
65.8931,38.1047,112.9825,21.8906,70.7342,5.8221,79.8039,strawberry
13.2929,122.5592,159.2805,15.8456,50.577,6.212,166.8585,apple
119.5532,26.0967,69.762,16.8986,75.7326,6.6034,96.0585,cherry
62.6594,45.892,51.2073,24.5088,55.8064,6.7818,80.9137,peach
67.7907,31.8218,58.6883,21.309,48.5985,6.3662,90.4645,peach
17.4296,132.2524,154.2085,17.4622,75.9436,5.1639,76.1595,apple
94.2682,41.8918,85.2703,29.8652,69.8025,6.2335,106.2253,bell_pepper
116.1597,38.2226,89.3665,19.0892,43.9806,6.5435,58.7989,peach
75.552,44.2459,82.5975,24.2437,79.483,6.493,68.8579,bell_pepper
3.8775,35.8868,78.2244,27.56,56.9979,5.6849,95.4891,grapes
131.737,47.8144,70.2728,28.219,64.2456,5.8608,92.0854,bell_pepper
76.1849,25.5093,89.8541,12.5777,62.4995,5.6134,46.8478,cherry
51.5033,58.2574,47.2321,16.9149,66.9534,6.1542,87.4416,strawberry
96.574,41.4697,97.8703,21.8396,78.0494,5.748,66.543,potato
73.4848,52.6543,90.0903,23.3433,70.3172,5.6128,101.2833,potato
85.7674,39.2823,30.6585,22.4539,68.8618,6.4491,31.9661,maize
8.372,134.1665,150.1893,19.9564,69.6929,5.5793,49.6914,apple
91.0809,70.3859,69.844,25.114,85.6526,6.9285,55.0093,bell_pepper
64.4428,18.8563,54.055,19.8075,65.6304,7.492,81.4673,cherry
8.712,128.2068,159.045,12.7866,42.141,5.9314,87.8648,apple
97.2139,45.6057,37.462,26.0448,59.9163,6.1218,64.5235,peach
93.8714,82.9181,62.7601,16.0296,86.7353,5.6142,89.887,potato
63.8884,70.1626,150.4369,16.1003,55.8216,5.8283,106.9315,potato
81.7436,41.3465,79.3164,17.0749,61.6815,5.5835,91.3971,cherry
115.1569,56.561,99.2699,30.1607,82.9915,5.9789,115.1768,tomato
87.2456,38.18,194.8792,11.795,69.4907,6.4832,116.3391,potato
65.5834,43.4429,61.7505,29.3601,47.4844,6.3385,35.6196,grapes
91.1422,62.4403,71.7462,20.3008,63.9734,6.1944,80.7453,cherry
61.9249,24.0022,73.5678,13.6194,75.0435,5.3651,82.83,strawberry
6.5984,31.5766,53.559,25.6858,50.6145,6.8293,134.6526,grapes
76.1379,47.7378,63.692,21.5987,67.8936,7.6001,104.1359,peach
115.8478,40.909,122.3656,16.517,81.2217,5.7907,132.0101,potato
97.6509,54.6525,45.3567,22.9899,57.8564,6.5924,119.097,maize
83.7444,47.8801,86.04,24.6399,52.482,6.5287,80.307,peach
22.5632,114.0655,133.6029,14.4519,53.2238,6.2719,127.6893,apple
57.4179,33.7521,59.9131,21.0683,49.6131,6.3044,55.4439,grapes
105.8652,27.6348,78.7568,22.1086,60.2463,6.2956,51.4715,peach
88.5229,43.991,82.1395,28.6478,66.7587,6.4543,84.3028,peach
32.0487,47.5994,68.9808,16.4873,67.5921,5.6359,110.7005,strawberry
78.2522,30.075,110.2458,26.1782,71.6919,5.6114,131.1873,strawberry
45.7017,47.5661,95.8772,19.4093,78.16,6.0046,69.1246,strawberry
122.5009,73.1864,68.8599,29.105,62.4981,6.355,66.0548,tomato
32.3845,145.0,150.8161,18.2284,74.658,5.7456,82.5318,apple
139.815,53.787,48.3183,26.1675,55.6888,6.1984,87.7266,maize
86.3138,123.6676,167.4659,10.0064,67.1202,6.3095,115.2282,apple
65.7533,41.4099,60.6763,16.2034,77.5657,5.9349,113.0435,strawberry
74.8442,56.676,36.2643,23.957,77.5303,6.0109,122.8471,bell_pepper
115.5319,45.4685,40.4923,26.445,53.699,6.3096,89.6739,maize
98.584,47.1123,66.3525,16.9499,63.4718,6.392,104.8599,cherry
59.5398,68.0503,55.0336,18.0041,84.4703,5.4567,115.8412,strawberry
75.0268,34.2497,72.6009,28.2372,67.4392,6.2539,92.1725,bell_pepper
22.0996,51.2397,49.8812,20.9804,64.459,5.7835,73.6587,grapes
56.7871,45.8373,56.1039,23.3533,76.1998,6.5285,122.4997,maize
103.752,49.07,75.7744,19.2361,56.6666,6.4468,98.0612,peach
24.3582,139.1135,161.3967,19.9334,51.4677,5.648,103.0786,apple
98.2378,31.8273,124.9975,25.3361,76.2888,5.1783,193.078,potato
82.9404,32.4859,61.245,20.605,70.1819,6.508,28.8962,peach
84.2339,67.9536,37.7103,22.5122,78.7189,6.2003,129.9516,maize
140.0,85.0533,63.2718,27.2178,64.5248,6.8855,100.6635,tomato
139.4723,74.3531,87.7907,23.8332,69.4981,6.2924,87.682,bell_pepper
121.5659,58.8211,81.8567,30.5664,80.7939,6.325,83.8798,bell_pepper
108.7021,55.2294,65.6676,26.9742,63.3284,5.3864,145.1895,tomato
103.0496,50.6151,114.1035,13.9974,78.4913,5.2965,104.3434,potato
60.6315,42.9488,64.8049,23.5758,60.6464,6.8896,13.6242,grapes
26.9754,111.0495,140.5699,15.892,64.6356,5.8291,73.3686,apple
18.1724,123.3216,143.1488,14.579,71.8215,6.7716,147.6722,apple
34.0181,29.7661,84.3183,16.6336,59.4614,6.3089,96.1273,peach
33.6795,128.2969,142.5104,17.4807,68.1324,6.4811,120.9147,apple
78.3484,35.1421,94.98,26.3737,50.7115,7.0992,72.5199,tomato
23.8564,121.9256,131.9757,15.1426,63.4064,5.5213,117.8471,apple
44.0976,127.7509,137.4009,16.9582,82.5599,5.7645,140.1688,apple
105.5643,51.9357,58.3889,28.4342,96.8614,5.5961,67.5052,bell_pepper
109.6485,26.2674,39.3956,17.4431,80.1854,6.1346,47.9163,tomato
83.6428,46.7114,49.6017,18.1887,74.6666,6.7382,149.6131,maize
96.7502,58.615,83.319,22.3599,72.2252,5.7661,105.5534,bell_pepper
78.4323,48.69,38.713,24.8357,88.2464,6.3297,88.5902,maize
10.8,51.4098,56.3259,27.6419,61.9096,5.9726,86.1709,grapes
58.7601,41.6915,51.2098,22.6374,69.0177,6.0987,126.6133,strawberry
85.2978,50.7742,124.3996,21.6757,69.3288,6.7101,125.6954,tomato
91.9303,24.8118,85.7081,13.1478,73.9211,5.0655,116.0116,strawberry
54.6243,44.5047,37.8663,13.0481,69.6764,5.6384,127.5337,cherry
75.0112,40.0838,80.9546,16.239,78.3278,5.739,117.5427,strawberry
83.021,35.4449,63.0397,20.6776,93.2354,6.2907,87.1979,strawberry
68.1366,35.9632,66.2614,22.4231,51.2664,5.9675,92.2973,peach
90.1473,42.9614,83.6248,16.0873,75.3941,6.0769,69.0328,strawberry
73.8143,17.258,79.8978,12.6926,85.1811,6.3437,103.0743,cherry
6.2894,111.0372,156.5202,21.4732,59.4689,6.4104,113.7647,apple
140.0,39.0492,81.7805,31.4622,73.605,6.5753,50.8924,bell_pepper
71.2831,65.1174,68.4875,21.6038,50.4014,5.8436,55.2449,peach
135.3142,61.9269,105.1847,24.8229,66.7472,6.2888,94.7018,bell_pepper
63.6179,39.6626,15.5386,22.5545,60.9953,6.1423,144.2916,maize
86.0038,26.606,61.8784,15.4474,79.975,5.9315,82.3271,potato
79.8272,62.0409,48.2416,20.5758,66.0511,7.062,98.7026,maize
103.1139,47.1954,73.5254,27.6033,67.1802,5.6686,128.0467,bell_pepper
116.1333,46.8148,92.8936,28.1876,58.928,6.5793,137.3905,tomato
136.9716,35.8413,99.5512,23.3956,66.5002,6.0038,140.2379,tomato
39.1163,51.8422,90.3709,17.0688,54.6933,6.0012,114.7284,cherry
63.827,56.2837,88.4001,18.4962,69.0982,6.1145,59.4734,cherry
67.6616,27.8591,56.9698,27.9273,70.0701,6.0397,169.8768,maize
89.5205,59.4325,60.5595,15.9488,70.0647,6.5036,139.0046,potato
72.5347,65.3436,113.5255,27.6804,56.3923,6.7815,64.8062,bell_pepper
58.7959,38.5745,99.161,21.0215,50.9702,5.6503,77.0899,cherry
60.4778,54.9778,85.6402,13.6578,72.8593,5.2652,89.8594,cherry
115.9093,37.4669,145.5174,14.8575,77.2406,5.5033,78.5925,potato
118.7995,29.7688,70.8231,17.7872,56.8348,6.7207,56.2088,peach
92.8977,68.8887,107.3846,28.5206,61.1168,7.0349,76.9689,tomato
33.3444,121.1211,154.7801,20.0227,62.3695,6.5328,120.8671,apple
14.2002,49.6233,60.1784,26.7689,58.1275,6.5392,31.5037,grapes
90.7606,23.307,59.3792,16.9149,65.0021,6.7977,87.1382,cherry
79.2604,44.1568,90.2837,16.427,67.6516,7.126,107.8411,cherry
9.7725,80.0724,46.4407,29.7838,44.3441,6.4014,89.2187,grapes
34.0726,57.511,63.0775,30.0107,48.1128,6.6504,84.4973,grapes
32.9635,120.1766,144.7979,16.7994,69.8044,5.3408,81.3344,apple
64.1132,96.8572,80.6437,24.3259,53.0243,5.4974,109.4665,tomato
64.943,56.7418,65.0644,25.4796,59.1573,6.0981,45.5435,grapes
92.8229,50.8357,83.5105,24.9417,60.3641,6.6679,105.2268,tomato
40.8167,29.3987,93.783,20.3559,60.1099,6.6868,80.3291,cherry
104.9626,46.6758,82.9312,22.5367,53.5219,5.8518,87.85,peach
72.2123,46.2436,32.269,20.1021,65.271,6.0459,77.7731,maize
94.2348,45.6302,65.2073,18.5996,85.638,5.449,101.601,potato
126.7375,42.307,95.6123,20.5726,72.2747,5.5228,151.9658,potato
111.8935,36.6158,73.2126,19.9948,64.2737,6.7503,77.2521,cherry
91.3601,35.9761,32.7864,23.7702,69.517,6.7882,127.0805,maize
21.0261,42.2808,58.7188,21.7588,60.038,6.1883,15.4286,grapes
54.3613,59.7759,89.8545,22.7293,78.6426,6.632,107.7265,bell_pepper
71.3885,45.6263,67.3266,15.6454,85.2437,6.0711,111.6269,strawberry
45.1707,8.5,92.1263,15.1964,66.4817,5.2512,93.9707,strawberry
120.8056,44.8444,76.6489,27.1515,77.3381,6.1827,112.7392,bell_pepper
52.7399,43.1604,36.5236,27.0544,80.3306,5.9548,66.4929,cherry
87.8544,56.1818,87.6634,19.5394,42.7995,5.8888,103.0321,peach
8.8922,69.0579,28.3525,20.8467,49.4553,5.9231,111.188,grapes
67.6106,44.5379,86.9473,22.9729,83.1781,6.1965,91.3697,tomato
50.1402,127.0506,147.8789,19.2948,92.2687,5.8996,156.9203,apple
50.3797,27.4393,92.8984,23.3876,70.4448,6.1811,70.4071,cherry
87.3011,50.7011,99.4326,18.8135,78.4337,5.6352,66.5984,peach
111.2182,64.2071,153.162,20.6144,72.1841,5.4666,90.3372,potato
111.0927,30.6207,85.4808,26.6124,68.6575,6.5991,58.6159,tomato
101.2473,80.8505,75.4381,22.5779,73.8203,6.3424,99.6417,tomato
122.618,37.2822,62.1077,19.7794,57.4624,5.4569,118.0668,maize
51.0483,31.1605,61.1504,21.2774,78.6792,6.2614,59.7597,cherry
5.6565,47.2962,54.2066,22.6861,59.7567,5.9682,82.2884,grapes
102.6814,35.4124,74.5911,13.76,80.1056,5.9072,108.5546,potato
86.5158,63.1477,61.7666,27.3974,63.7675,7.1122,0.4041,peach
120.1712,58.2718,38.5267,26.4193,79.9215,7.22,146.2564,maize
55.8183,34.0562,60.3316,21.2685,49.6959,6.3285,56.8537,grapes
104.8795,72.3875,91.7383,23.4614,49.6085,6.4103,66.5616,tomato
102.6467,52.9905,27.8525,20.2292,69.5385,5.8691,98.987,maize
100.5224,39.9387,47.5383,24.8847,61.4363,6.7319,117.2167,maize
43.0496,49.0194,67.0991,22.1,33.5992,7.3256,75.379,grapes
111.4288,72.7925,68.0963,28.8666,90.5013,6.5286,72.7105,tomato
67.3918,54.2058,40.0959,15.8105,75.933,6.4741,74.4609,maize
90.3076,35.3481,66.1051,17.122,71.5777,5.4571,135.443,potato
62.8567,61.4024,93.666,9.4293,88.5629,6.096,98.0203,strawberry
26.6535,20.6773,57.4086,20.7044,49.0131,6.0329,103.4176,grapes
30.3188,117.724,154.2486,14.8781,59.4272,6.3702,151.33,apple
5.3327,52.9611,52.3266,23.4824,47.3951,6.0537,94.9207,grapes
72.638,51.5274,56.8136,14.7597,50.7486,6.7493,64.0793,cherry
114.3093,59.7788,92.6018,18.4943,59.5089,6.6218,108.2403,tomato
96.2205,62.2259,122.8507,15.3901,43.6652,5.9277,132.0112,potato
103.225,52.8224,51.867,26.2855,61.6297,5.8199,118.3046,maize
72.6184,53.8512,53.2926,16.7628,76.154,5.9734,90.9652,strawberry
43.6877,128.0192,161.2813,16.897,60.0242,6.3169,126.3221,apple
52.5662,39.2964,75.0188,16.2036,74.4637,5.8802,70.313,strawberry
3.2003,52.3488,48.2916,26.7798,62.9525,5.9141,41.338,grapes
117.8692,53.4506,130.5062,24.1437,72.4505,6.2294,122.6694,tomato
24.912,52.2434,65.1038,24.1943,51.7297,6.279,80.9192,grapes
52.9131,49.9355,73.012,16.0702,70.7197,6.4568,106.9392,cherry
81.559,17.8054,30.6366,16.3823,67.164,6.7066,70.3071,cherry
16.3787,108.5827,153.1479,17.9328,63.9514,6.3637,96.1016,apple
100.6821,47.5069,80.7175,26.6429,56.0702,6.2517,125.7819,bell_pepper
101.9105,29.8394,84.5688,13.4619,54.6065,6.255,43.2108,cherry
89.2784,39.842,81.7406,20.6505,50.2851,6.0815,70.0122,peach
76.732,37.0048,74.6415,20.0181,70.493,6.0235,44.4387,peach
122.6959,38.1275,64.089,19.6933,57.5502,5.5422,119.33,maize
114.0545,61.4555,59.4491,24.2738,56.9006,6.1922,80.2973,peach
85.3101,28.2944,64.1561,24.152,71.0641,6.869,35.3117,peach
43.4126,52.8234,121.0082,14.0059,74.7854,5.9695,108.1392,potato
75.1945,65.3036,106.581,21.6258,66.2385,5.7304,107.4802,tomato
106.9507,57.0466,51.1242,19.5374,55.225,5.5112,91.3085,peach
73.6261,55.1042,76.9365,24.0706,69.1957,5.0153,115.5842,tomato
30.4595,117.8677,154.1749,14.7718,59.0759,6.2649,155.4041,apple
57.5454,47.8328,57.0221,12.0887,51.1975,7.7079,132.6692,cherry
21.7175,113.7013,141.804,20.8821,64.1336,6.1475,108.9107,apple
113.339,72.5683,43.3169,26.3414,67.4676,6.2018,90.2206,bell_pepper
69.0879,54.9384,43.4977,19.606,63.3398,5.7968,102.6814,maize
66.7518,37.2258,71.5689,18.4848,89.1304,5.171,84.6299,strawberry
41.0668,35.3296,82.9538,17.7118,91.1533,5.2276,95.4186,strawberry
87.3927,60.6788,78.9476,22.7598,82.9056,5.2059,102.4389,bell_pepper
58.2592,38.6696,40.4848,25.3242,68.0341,6.8156,144.3659,maize
98.943,53.3158,131.635,20.3444,68.3678,5.2378,93.3294,potato
83.1995,55.9999,25.8202,22.1244,54.6918,7.1393,134.8024,maize
56.8638,51.3311,55.9587,22.0013,65.4046,6.0495,86.7458,peach
124.577,55.4613,89.2294,36.291,77.4237,5.7229,126.1133,bell_pepper
93.5426,78.4456,89.0548,20.0682,47.9114,5.9688,117.1556,bell_pepper
89.661,64.1794,40.093,27.3621,70.2717,5.7662,69.3182,maize
30.7552,38.2636,106.66,19.8716,67.2943,6.6502,60.7649,strawberry
73.3295,57.2654,20.8241,25.0637,79.5853,6.9911,117.6611,maize
43.2145,102.2244,141.6818,17.913,73.6273,6.8686,80.4836,apple
117.9926,63.1767,38.3804,27.3991,72.9874,5.4786,74.6858,bell_pepper
87.2881,45.5271,79.1734,17.0942,60.6362,6.2897,76.6025,cherry
77.5317,43.2401,64.0784,18.6409,49.4593,6.2882,50.1919,peach
62.6457,48.9986,50.9083,16.4716,55.658,6.4148,85.7719,peach
67.5827,51.7762,91.3459,18.6861,75.0172,5.4794,58.6523,strawberry
99.0098,58.8063,54.8936,20.7232,55.3501,6.6539,95.958,peach
91.9267,42.7784,92.2793,19.4368,62.2947,5.635,133.2595,potato
74.2033,40.0846,53.8264,26.9616,66.8115,6.6837,97.515,maize
67.5106,27.0134,85.481,11.3749,46.496,5.3065,72.9359,strawberry
71.7731,36.969,73.7357,22.7052,53.7027,6.2419,84.2085,peach
91.2615,69.9878,33.2177,24.3239,57.7107,6.2115,104.5273,maize
63.6812,59.1935,69.4185,23.8208,55.506,6.8365,49.7454,peach
73.3178,61.9598,57.1461,25.678,54.9093,6.3944,78.3419,bell_pepper
35.4644,56.5595,51.1264,21.2873,48.5478,6.388,66.0794,grapes
95.3366,43.9761,69.0655,21.499,66.2804,6.0113,116.2637,peach
105.9387,57.6139,90.677,27.2702,78.8145,6.1727,88.8841,bell_pepper
84.6443,43.4438,113.0393,15.5157,84.8499,5.4626,119.3417,potato
61.504,37.5418,38.3702,27.7922,64.9701,6.2381,146.3414,maize
43.0262,43.3004,68.3799,18.5903,68.7814,6.7552,92.3626,cherry
92.7493,67.1828,68.4625,25.9454,68.0815,6.1611,92.9872,bell_pepper
96.7301,46.6903,43.1002,27.2383,72.6846,6.3241,81.3389,maize
125.4308,58.0599,77.4232,15.0115,69.3582,5.9952,120.7109,potato
77.5337,71.4277,109.7146,25.0039,75.6288,5.477,77.6572,potato
54.8097,48.7185,68.4494,16.7906,71.6343,5.7313,112.4483,strawberry
83.7771,48.7696,35.6044,23.8644,64.0055,6.425,23.071,maize
104.8106,70.721,108.0017,21.6796,52.4788,5.6433,76.1201,potato
101.6355,55.0192,89.1521,20.925,64.292,6.0024,58.6792,peach
95.8862,68.7722,75.8975,23.766,57.9787,6.7033,117.8369,tomato
85.8215,27.0102,92.6558,21.6269,72.7401,5.7457,90.9173,strawberry
19.9002,61.0251,56.0024,25.8308,57.8391,6.5508,44.1367,grapes
33.8676,109.4494,153.1254,16.016,70.2678,5.9004,98.3344,apple
85.5196,35.9,116.5211,14.652,69.379,6.0724,69.4493,strawberry
89.5839,49.0209,44.5286,27.9869,59.5835,6.2927,49.1504,maize
51.2845,19.0385,70.6836,15.7414,73.99,5.5986,86.0385,strawberry
66.0847,43.6673,59.302,19.1086,73.7647,5.7709,101.959,strawberry
80.3768,32.0633,72.9517,18.8201,65.7057,6.0332,94.2073,peach
81.675,27.1601,101.0052,20.4634,39.7033,6.0327,119.1587,peach
28.3984,115.2984,161.4082,21.2641,71.0998,6.2611,130.8705,apple
71.7512,29.6264,79.3472,21.5927,58.8715,6.7709,131.3102,cherry
123.1599,60.2463,137.3815,21.0702,69.2945,5.7872,134.4396,potato
81.911,37.6293,93.5163,21.1003,90.0405,5.7001,115.0958,potato
22.4356,136.9983,158.7074,13.1948,57.9602,6.2711,95.167,apple
70.417,58.421,62.1343,23.2783,64.2105,6.3532,79.9064,strawberry
112.6158,45.1806,36.5222,25.4406,48.0037,6.1063,142.6427,maize
83.5587,43.0863,50.9263,25.6163,61.2268,5.9164,116.7011,bell_pepper
86.5964,68.2162,80.2176,23.2375,63.4268,5.7608,88.9139,tomato
74.1841,32.9125,68.265,19.4079,52.0673,5.7425,59.637,peach
102.6107,58.6323,76.2231,28.2104,74.0509,7.1059,111.0158,tomato
61.7048,43.3788,61.2007,24.8404,51.9611,5.6762,150.7903,grapes
16.1255,51.3547,51.5374,25.0069,54.0018,7.1118,70.1208,grapes
51.1288,23.2095,76.5608,19.3465,74.8805,5.442,52.2981,strawberry
80.3871,65.5426,82.6165,23.8791,70.7873,6.4736,122.1218,bell_pepper
123.9373,62.959,98.4452,18.0827,60.0948,6.3364,118.0899,tomato
96.8985,55.4812,91.1716,23.8454,72.2666,5.7209,56.1897,potato
106.2486,79.7319,77.5738,30.4293,81.2118,6.924,102.7033,bell_pepper
104.761,54.1519,114.4377,17.5789,74.7412,6.1873,134.0696,potato
82.1277,69.9974,54.9397,25.4928,65.0844,6.153,62.0962,bell_pepper
83.3732,22.8704,53.7635,21.6018,60.6356,7.2117,52.7825,peach
32.0243,123.307,157.5411,16.0265,79.4593,5.8953,161.4983,apple
101.7072,64.1162,129.2295,13.4506,70.644,5.619,73.7865,potato
74.9135,35.9437,51.365,18.0726,68.678,6.4671,115.3173,peach
81.9162,51.2376,83.383,16.4257,46.549,6.4117,74.5488,peach
32.8172,66.1357,59.2286,22.4231,55.8703,5.5713,56.605,grapes
37.3451,77.9187,40.969,18.8212,73.4776,6.2736,53.8949,grapes
103.5401,53.3755,71.8114,20.1555,52.1535,6.0488,76.4723,peach
5.366,47.7486,62.9331,18.7082,44.7742,5.7779,133.0671,grapes
135.643,56.5605,112.0525,24.3524,62.8496,6.4803,117.6277,tomato
26.9408,115.2107,147.8103,12.4026,48.8085,5.6601,96.3406,apple
58.4707,54.1638,45.5176,22.6054,43.6006,6.0904,123.8094,grapes
79.3841,64.0155,89.7545,24.1587,46.4301,6.2146,54.9861,peach
40.2902,45.7985,87.8945,16.4114,60.845,5.508,116.048,strawberry
102.8483,53.4746,125.535,19.0898,65.1581,6.2571,98.3021,tomato
101.5579,44.9245,91.5235,25.8191,81.0138,5.7951,69.5873,tomato
77.6559,59.0074,122.6605,21.8364,62.7117,5.7525,91.3213,potato
74.9105,34.4917,42.7256,16.9661,85.5937,6.879,86.2346,cherry
62.1052,46.6296,57.4467,18.4523,50.9504,5.9356,44.2809,cherry
33.346,121.1571,142.1325,13.1932,69.1465,5.5148,64.1072,apple
104.3675,40.0212,63.6187,28.6466,58.92,6.379,144.0464,tomato
78.0792,49.404,90.7741,20.916,70.9626,5.2137,95.3524,strawberry
95.4471,49.6472,86.3455,14.0847,67.6646,6.2362,130.8817,potato
85.4897,55.4354,101.368,17.927,80.2358,5.9136,151.2379,strawberry
68.6521,47.8258,114.9577,20.2039,65.631,5.7126,103.7656,potato
93.242,44.4825,56.4895,19.2278,100.0,5.8012,76.9719,strawberry
66.6398,40.5894,48.04,18.4964,76.4418,6.6598,137.4542,maize
69.2204,49.6186,99.1324,13.7552,66.8291,5.503,79.6003,strawberry
42.096,104.6747,138.69,17.1387,68.4473,5.8886,109.9656,apple
75.2576,42.8844,59.2445,18.3824,67.7265,6.3895,123.5619,cherry
12.5527,122.5687,146.5245,22.4865,66.8524,6.3508,139.0495,apple
110.1323,46.4905,48.4899,15.0896,51.2487,6.836,63.0684,peach
119.0342,33.479,102.0645,13.2515,78.1476,5.0216,109.5634,potato
26.5568,40.4496,78.046,19.6719,60.0557,5.7841,101.9555,strawberry
82.9367,56.6328,90.9567,26.7122,78.9798,6.0956,154.7963,bell_pepper
69.8943,26.8171,48.6961,30.4791,77.6131,6.3325,106.0619,maize
132.0242,55.4152,93.4495,21.0052,71.9245,6.5022,92.9573,bell_pepper
73.6364,54.1949,69.9721,16.6458,86.5844,4.9723,136.6236,strawberry
85.1886,43.7027,85.4613,26.149,79.4405,6.8673,101.3406,bell_pepper
71.6066,37.3027,52.7601,26.6085,70.1362,6.7629,33.3922,maize
122.4996,60.4512,86.2145,21.9213,68.4471,6.5215,139.5755,bell_pepper
107.7693,54.3231,104.32,24.2909,55.2585,6.393,140.6722,tomato
11.4745,103.6656,158.682,22.9394,77.0949,6.0552,182.4115,apple
75.318,48.0643,80.2287,15.1967,68.0158,5.8986,87.8169,strawberry
46.9115,32.0754,71.8373,15.7961,81.8321,6.0105,57.7649,peach
77.5294,50.6428,78.4916,13.034,82.5469,6.0511,82.3416,potato
65.2062,57.1672,104.477,14.7491,67.9331,6.218,102.7034,strawberry
4.5512,38.6989,56.7697,27.6897,64.0772,5.8305,42.2938,grapes
61.1163,39.8665,69.6749,23.104,80.724,5.7648,90.9686,strawberry
86.5168,42.0514,56.2006,27.2257,60.6749,6.1441,93.2442,tomato
103.6865,69.9698,96.1077,29.0166,75.4522,6.4757,82.993,tomato
83.3938,56.8347,57.9582,22.7954,41.991,4.6935,62.9209,peach
77.0732,55.1535,97.1798,25.2028,74.5215,6.7153,75.3273,tomato
140.0,70.3693,63.0099,21.8976,72.5455,7.1687,100.6304,bell_pepper
112.6336,5.5743,57.4044,25.9278,57.9092,6.0051,98.4499,bell_pepper
85.1465,37.223,38.8875,23.0853,59.1362,6.5761,113.6019,maize
73.5011,56.7909,35.3381,22.3937,63.3456,6.8704,41.2025,maize
62.1937,64.9568,56.7197,22.5511,90.2836,5.8607,95.0447,strawberry
72.7498,59.2096,27.471,20.6026,71.5097,7.0854,120.8235,maize
98.024,47.8212,52.1908,19.1126,59.7698,6.9717,109.8677,cherry
113.6267,55.7606,80.7739,18.204,74.6249,6.2282,104.7661,bell_pepper
12.233,24.1984,50.4522,22.0095,45.0968,6.8992,105.5549,grapes
52.7848,128.0285,149.8529,19.2732,91.2757,5.8633,154.4417,apple
47.8469,41.2175,47.7161,21.7642,49.1313,6.2818,38.7981,grapes
6.6114,55.0547,61.636,21.1528,60.0093,6.4901,55.6379,grapes
63.3224,69.1518,73.5291,17.7469,72.805,5.5616,107.0693,strawberry
34.711,58.1308,78.1557,24.0613,58.0225,6.4708,106.2606,grapes
134.2718,46.767,88.8645,25.8563,65.5385,6.361,121.2091,tomato
57.7896,58.7427,55.7116,15.0577,76.0816,5.3391,82.9272,potato
96.0169,49.5712,86.1933,26.9312,66.19,5.4675,91.2399,bell_pepper
93.553,63.4579,84.0192,19.4082,48.9405,7.1025,69.5483,cherry
120.5354,36.0005,48.0083,22.2317,65.2486,6.1525,125.9588,maize
140.0,61.5176,110.1257,18.6619,70.5463,4.6309,134.5786,potato
89.5981,60.5914,70.3438,27.7253,42.9523,6.2548,51.3317,peach
74.9729,33.6247,56.6363,19.1262,61.8383,6.1475,80.2912,peach
18.2314,54.3255,55.6446,22.9429,46.0631,6.6729,106.5275,grapes
88.9772,58.3286,115.9365,17.5918,76.6599,5.9458,123.9847,potato
56.5673,125.5707,133.2195,15.6598,62.5612,5.772,82.5466,apple
53.4845,44.0918,49.8418,24.8892,70.1995,6.3321,147.9926,maize
140.0,61.0496,64.3744,25.1309,60.2253,6.2313,112.1335,tomato
87.1639,29.1854,93.5,17.5797,56.9993,6.2136,76.4522,peach
55.0042,50.205,71.5897,15.9952,73.2025,6.5389,82.1643,cherry
40.8694,130.2727,149.438,21.0045,75.2418,4.6833,87.539,apple
103.2539,55.9955,95.6448,13.7205,70.5708,5.8888,97.1522,potato
45.7893,23.3542,106.8836,24.1346,53.2453,6.8689,63.6556,peach
93.4899,50.6971,81.491,26.9278,57.0942,6.202,80.2167,peach
75.8767,37.6066,71.0969,23.6505,42.5852,6.5181,99.1813,peach
19.3278,126.6479,165.4113,20.4683,61.7802,5.6447,83.8006,apple
57.3156,52.919,64.2501,20.1433,76.1012,5.7918,84.8335,strawberry
